record_id,pdb,nt_number,core_nodes,core_sequence
6636,1F84,"A4,A26,A21,A22,A23,A24,A25,A10,A5,A6,A7,A8,A9","A6,A7,A8,A9,A22,A23,A24",AGUA/GAA
6886,1FQZ,"A9,A20,A21,A22,A23,A24,A25,A3,A4,A5,A6,A7,A8","A5,A6,A7,A8,A21,A22,A23",AGUA/GAA
8329,1JBR,"C6,F24,F18,F19,F20,F21,F22,F23,C7,C8,C9,C10,C11,C12,C13","C9,C10,C11,C12,F19,F20,F21",AGUA/GAA
8999,1K73,"A158,A178,A159,A160,A161,A162,A163,A164,A171,A172,A173,A174,A175,A176,A177","A174,A175,A176,A177,A159,A160,A161",AGUA/GAA
9018,1K73,"A216,A224,A209,A210,A211,A212,A213,A214,A215,A230,A225,A226,A227,A228,A229","A212,A213,A214,A215,A225,A226,A227",AGUA/GAA
9028,1K73,"A2695,A2700,A2689,A2690,A2691,A2692,A2693,A2694,A2705,A2701,A2702,A2703,A2704","A2691,A2692,A2693,A2694,A2701,A2702,A2703",AGUA/GAA
9040,1K73,"A1374,A2051,A2052,A2053,A2054,A2055,A2056,A2057,A1367,A1368,A1369,A1370,A1371,A1372,A1373","A1369,A1370,A1371,A1372,A2053,A2054,A2055",AGUA/GAA
9041,1K73,"B3081,B3101,B3075,B3076,B3077,B3078,B3079,B3080,B3102,B3103,B3104,B3105,B3106","B3077,B3078,B3079,B3080,B3102,B3103,B3104",AGUA/GAA
9158,1K8A,"A158,A178,A159,A160,A161,A162,A163,A164,A171,A172,A173,A174,A175,A176,A177","A174,A175,A176,A177,A159,A160,A161",AGUA/GAA
9177,1K8A,"A216,A224,A209,A210,A211,A212,A213,A214,A215,A230,A225,A226,A227,A228,A229","A212,A213,A214,A215,A225,A226,A227",AGUA/GAA
9187,1K8A,"A2695,A2700,A2689,A2690,A2691,A2692,A2693,A2694,A2705,A2701,A2702,A2703,A2704","A2691,A2692,A2693,A2694,A2701,A2702,A2703",AGUA/GAA
9199,1K8A,"A1374,A2051,A2052,A2053,A2054,A2055,A2056,A2057,A1367,A1368,A1369,A1370,A1371,A1372,A1373","A1369,A1370,A1371,A1372,A2053,A2054,A2055",AGUA/GAA
9200,1K8A,"B3081,B3101,B3075,B3076,B3077,B3078,B3079,B3080,B3102,B3103,B3104,B3105,B3106","B3077,B3078,B3079,B3080,B3102,B3103,B3104",AGUA/GAA
9316,1K9M,"A158,A178,A159,A160,A161,A162,A163,A164,A171,A172,A173,A174,A175,A176,A177","A174,A175,A176,A177,A159,A160,A161",AGUA/GAA
9335,1K9M,"A216,A224,A209,A210,A211,A212,A213,A214,A215,A230,A225,A226,A227,A228,A229","A212,A213,A214,A215,A225,A226,A227",AGUA/GAA
9345,1K9M,"A2695,A2700,A2689,A2690,A2691,A2692,A2693,A2694,A2705,A2701,A2702,A2703,A2704","A2691,A2692,A2693,A2694,A2701,A2702,A2703",AGUA/GAA
9357,1K9M,"A1374,A2051,A2052,A2053,A2054,A2055,A2056,A2057,A1367,A1368,A1369,A1370,A1371,A1372,A1373","A1369,A1370,A1371,A1372,A2053,A2054,A2055",AGUA/GAA
9358,1K9M,"B3081,B3101,B3075,B3076,B3077,B3078,B3079,B3080,B3102,B3103,B3104,B3105,B3106","B3077,B3078,B3079,B3080,B3102,B3103,B3104",AGUA/GAA
9475,1KC8,"A158,A178,A159,A160,A161,A162,A163,A164,A171,A172,A173,A174,A175,A176,A177","A174,A175,A176,A177,A159,A160,A161",AGUA/GAA
9494,1KC8,"A216,A224,A209,A210,A211,A212,A213,A214,A215,A230,A225,A226,A227,A228,A229","A212,A213,A214,A215,A225,A226,A227",AGUA/GAA
9504,1KC8,"A2695,A2700,A2689,A2690,A2691,A2692,A2693,A2694,A2705,A2701,A2702,A2703,A2704","A2691,A2692,A2693,A2694,A2701,A2702,A2703",AGUA/GAA
9517,1KC8,"A1374,A2051,A2052,A2053,A2054,A2055,A2056,A2057,A1367,A1368,A1369,A1370,A1371,A1372,A1373","A1369,A1370,A1371,A1372,A2053,A2054,A2055",AGUA/GAA
9518,1KC8,"B3081,B3101,B3075,B3076,B3077,B3078,B3079,B3080,B3102,B3103,B3104,B3105,B3106","B3077,B3078,B3079,B3080,B3102,B3103,B3104",AGUA/GAA
9631,1KD1,"A158,A178,A159,A160,A161,A162,A163,A164,A171,A172,A173,A174,A175,A176,A177","A174,A175,A176,A177,A159,A160,A161",AGUA/GAA
9650,1KD1,"A216,A224,A209,A210,A211,A212,A213,A214,A215,A230,A225,A226,A227,A228,A229","A212,A213,A214,A215,A225,A226,A227",AGUA/GAA
9660,1KD1,"A2695,A2700,A2689,A2690,A2691,A2692,A2693,A2694,A2705,A2701,A2702,A2703,A2704","A2691,A2692,A2693,A2694,A2701,A2702,A2703",AGUA/GAA
9672,1KD1,"A1374,A2051,A2052,A2053,A2054,A2055,A2056,A2057,A1367,A1368,A1369,A1370,A1371,A1372,A1373","A1369,A1370,A1371,A1372,A2053,A2054,A2055",AGUA/GAA
9673,1KD1,"B3081,B3101,B3075,B3076,B3077,B3078,B3079,B3080,B3102,B3103,B3104,B3105,B3106","B3077,B3078,B3079,B3080,B3102,B3103,B3104",AGUA/GAA
9886,1M1K,"A158,A178,A159,A160,A161,A162,A163,A164,A171,A172,A173,A174,A175,A176,A177","A174,A175,A176,A177,A159,A160,A161",AGUA/GAA
9905,1M1K,"A216,A224,A209,A210,A211,A212,A213,A214,A215,A230,A225,A226,A227,A228,A229","A212,A213,A214,A215,A225,A226,A227",AGUA/GAA
9916,1M1K,"A2695,A2700,A2689,A2690,A2691,A2692,A2693,A2694,A2705,A2701,A2702,A2703,A2704","A2691,A2692,A2693,A2694,A2701,A2702,A2703",AGUA/GAA
9928,1M1K,"A1374,A2051,A2052,A2053,A2054,A2055,A2056,A2057,A1367,A1368,A1369,A1370,A1371,A1372,A1373","A1369,A1370,A1371,A1372,A2053,A2054,A2055",AGUA/GAA
9929,1M1K,"B3081,B3101,B3075,B3076,B3077,B3078,B3079,B3080,B3102,B3103,B3104,B3105,B3106","B3077,B3078,B3079,B3080,B3102,B3103,B3104",AGUA/GAA
10071,1M90,"A158,A178,A159,A160,A161,A162,A163,A164,A171,A172,A173,A174,A175,A176,A177","A174,A175,A176,A177,A159,A160,A161",AGUA/GAA
10090,1M90,"A216,A224,A209,A210,A211,A212,A213,A214,A215,A230,A225,A226,A227,A228,A229","A212,A213,A214,A215,A225,A226,A227",AGUA/GAA
10101,1M90,"A2695,A2700,A2689,A2690,A2691,A2692,A2693,A2694,A2705,A2701,A2702,A2703,A2704","A2691,A2692,A2693,A2694,A2701,A2702,A2703",AGUA/GAA
10113,1M90,"A1374,A2051,A2052,A2053,A2054,A2055,A2056,A2057,A1367,A1368,A1369,A1370,A1371,A1372,A1373","A1369,A1370,A1371,A1372,A2053,A2054,A2055",AGUA/GAA
10114,1M90,"B3081,B3101,B3075,B3076,B3077,B3078,B3079,B3080,B3102,B3103,B3104,B3105,B3106","B3077,B3078,B3079,B3080,B3102,B3103,B3104",AGUA/GAA
10656,1N8R,"A158,A178,A159,A160,A161,A162,A163,A164,A171,A172,A173,A174,A175,A176,A177","A174,A175,A176,A177,A159,A160,A161",AGUA/GAA
10675,1N8R,"A216,A224,A209,A210,A211,A212,A213,A214,A215,A230,A225,A226,A227,A228,A229","A212,A213,A214,A215,A225,A226,A227",AGUA/GAA
10685,1N8R,"A2695,A2700,A2689,A2690,A2691,A2692,A2693,A2694,A2705,A2701,A2702,A2703,A2704","A2691,A2692,A2693,A2694,A2701,A2702,A2703",AGUA/GAA
10698,1N8R,"A1374,A2051,A2052,A2053,A2054,A2055,A2056,A2057,A1367,A1368,A1369,A1370,A1371,A1372,A1373","A1369,A1370,A1371,A1372,A2053,A2054,A2055",AGUA/GAA
10699,1N8R,"B3081,B3101,B3075,B3076,B3077,B3078,B3079,B3080,B3102,B3103,B3104,B3105,B3106","B3077,B3078,B3079,B3080,B3102,B3103,B3104",AGUA/GAA
10831,1NJI,"A158,A178,A159,A160,A161,A162,A163,A164,A171,A172,A173,A174,A175,A176,A177","A174,A175,A176,A177,A159,A160,A161",AGUA/GAA
10850,1NJI,"A216,A224,A209,A210,A211,A212,A213,A214,A215,A230,A225,A226,A227,A228,A229","A212,A213,A214,A215,A225,A226,A227",AGUA/GAA
10861,1NJI,"A2695,A2700,A2689,A2690,A2691,A2692,A2693,A2694,A2705,A2701,A2702,A2703,A2704","A2691,A2692,A2693,A2694,A2701,A2702,A2703",AGUA/GAA
10873,1NJI,"A1374,A2051,A2052,A2053,A2054,A2055,A2056,A2057,A1367,A1368,A1369,A1370,A1371,A1372,A1373","A1369,A1370,A1371,A1372,A2053,A2054,A2055",AGUA/GAA
10874,1NJI,"B3081,B3101,B3075,B3076,B3077,B3078,B3079,B3080,B3102,B3103,B3104,B3105,B3106","B3077,B3078,B3079,B3080,B3102,B3103,B3104",AGUA/GAA
11002,1P5N,"A4,A31,A5,A6,A7,A8,A9,A10,A24,A25,A26,A27,A28,A29,A30","A27,A28,A29,A30,A5,A6,A7",AGUA/GAA
11014,1P5O,"A34,A48,A28,A29,A30,A31,A32,A33,A55,A49,A50,A51,A52,A53,A54","A51,A52,A53,A54,A29,A30,A31",AGUA/GAA
11023,1P5P,"A34,A48,A28,A29,A30,A31,A32,A33,A55,A49,A50,A51,A52,A53,A54","A51,A52,A53,A54,A29,A30,A31",AGUA/GAA
11064,1Q7Y,"A158,A178,A159,A160,A161,A162,A163,A164,A171,A172,A173,A174,A175,A176,A177","A174,A175,A176,A177,A159,A160,A161",AGUA/GAA
11083,1Q7Y,"A216,A224,A209,A210,A211,A212,A213,A214,A215,A230,A225,A226,A227,A228,A229","A212,A213,A214,A215,A225,A226,A227",AGUA/GAA
11094,1Q7Y,"A2695,A2700,A2689,A2690,A2691,A2692,A2693,A2694,A2705,A2701,A2702,A2703,A2704","A2691,A2692,A2693,A2694,A2701,A2702,A2703",AGUA/GAA
11107,1Q7Y,"A1374,A2051,A2052,A2053,A2054,A2055,A2056,A2057,A1367,A1368,A1369,A1370,A1371,A1372,A1373","A1369,A1370,A1371,A1372,A2053,A2054,A2055",AGUA/GAA
11108,1Q7Y,"B3081,B3101,B3075,B3076,B3077,B3078,B3079,B3080,B3102,B3103,B3104,B3105,B3106","B3077,B3078,B3079,B3080,B3102,B3103,B3104",AGUA/GAA
11224,1Q81,"A158,A178,A159,A160,A161,A162,A163,A164,A171,A172,A173,A174,A175,A176,A177","A174,A175,A176,A177,A159,A160,A161",AGUA/GAA
11243,1Q81,"A216,A224,A209,A210,A211,A212,A213,A214,A215,A230,A225,A226,A227,A228,A229","A212,A213,A214,A215,A225,A226,A227",AGUA/GAA
11253,1Q81,"A2695,A2700,A2689,A2690,A2691,A2692,A2693,A2694,A2705,A2701,A2702,A2703,A2704","A2691,A2692,A2693,A2694,A2701,A2702,A2703",AGUA/GAA
11265,1Q81,"A1374,A2051,A2052,A2053,A2054,A2055,A2056,A2057,A1367,A1368,A1369,A1370,A1371,A1372,A1373","A1369,A1370,A1371,A1372,A2053,A2054,A2055",AGUA/GAA
11266,1Q81,"B3081,B3101,B3075,B3076,B3077,B3078,B3079,B3080,B3102,B3103,B3104,B3105,B3106","B3077,B3078,B3079,B3080,B3102,B3103,B3104",AGUA/GAA
11382,1Q82,"A158,A178,A159,A160,A161,A162,A163,A164,A171,A172,A173,A174,A175,A176,A177","A174,A175,A176,A177,A159,A160,A161",AGUA/GAA
11401,1Q82,"A216,A224,A209,A210,A211,A212,A213,A214,A215,A230,A225,A226,A227,A228,A229","A212,A213,A214,A215,A225,A226,A227",AGUA/GAA
11411,1Q82,"A2695,A2700,A2689,A2690,A2691,A2692,A2693,A2694,A2705,A2701,A2702,A2703,A2704","A2691,A2692,A2693,A2694,A2701,A2702,A2703",AGUA/GAA
11424,1Q82,"A1374,A2051,A2052,A2053,A2054,A2055,A2056,A2057,A1367,A1368,A1369,A1370,A1371,A1372,A1373","A1369,A1370,A1371,A1372,A2053,A2054,A2055",AGUA/GAA
11425,1Q82,"B3081,B3101,B3075,B3076,B3077,B3078,B3079,B3080,B3102,B3103,B3104,B3105,B3106","B3077,B3078,B3079,B3080,B3102,B3103,B3104",AGUA/GAA
11539,1Q86,"A158,A178,A159,A160,A161,A162,A163,A164,A171,A172,A173,A174,A175,A176,A177","A174,A175,A176,A177,A159,A160,A161",AGUA/GAA
11558,1Q86,"A216,A224,A209,A210,A211,A212,A213,A214,A215,A230,A225,A226,A227,A228,A229","A212,A213,A214,A215,A225,A226,A227",AGUA/GAA
11569,1Q86,"A2695,A2700,A2689,A2690,A2691,A2692,A2693,A2694,A2705,A2701,A2702,A2703,A2704","A2691,A2692,A2693,A2694,A2701,A2702,A2703",AGUA/GAA
11581,1Q86,"A1374,A2051,A2052,A2053,A2054,A2055,A2056,A2057,A1367,A1368,A1369,A1370,A1371,A1372,A1373","A1369,A1370,A1371,A1372,A2053,A2054,A2055",AGUA/GAA
11582,1Q86,"B3081,B3101,B3075,B3076,B3077,B3078,B3079,B3080,B3102,B3103,B3104,B3105,B3106","B3077,B3078,B3079,B3080,B3102,B3103,B3104",AGUA/GAA
11849,1UN6,"F78,F98,F99,F100,F101,F102,F103,F72,F73,F74,F75,F76,F77","F74,F75,F76,F77,F99,F100,F101",AGUA/GAA
11918,1VY4,"Z1314,Z2032,Z2033,Z2034,Z2035,Z2036,Z2037,Z2038,Z1307,Z1308,Z1309,Z1310,Z1311,Z1312,Z1313","Z1310,Z1311,Z1312,Z1313,Z2033,Z2034,Z2035",AGUA/GAA
11961,1VY4,"Z233,Z241,Z242,Z243,Z244,Z245,Z246,Z247,Z226,Z227,Z228,Z229,Z230,Z231,Z232","Z229,Z230,Z231,Z232,Z242,Z243,Z244",AGUA/GAA
11995,1VY4,"Z182,Z189,Z190,Z191,Z192,Z193,Z194,Z195,Z196,Z176,Z177,Z178,Z179,Z180,Z181","Z192,Z193,Z194,Z195,Z177,Z178,Z179",AGUA/GAA
12196,1VY5,"Z1314,Z2032,Z2033,Z2034,Z2035,Z2036,Z2037,Z2038,Z1307,Z1308,Z1309,Z1310,Z1311,Z1312,Z1313","Z1310,Z1311,Z1312,Z1313,Z2033,Z2034,Z2035",AGUA/GAA
12242,1VY5,"Z233,Z241,Z242,Z243,Z244,Z245,Z246,Z247,Z226,Z227,Z228,Z229,Z230,Z231,Z232","Z229,Z230,Z231,Z232,Z242,Z243,Z244",AGUA/GAA
12277,1VY5,"Z182,Z189,Z190,Z191,Z192,Z193,Z194,Z195,Z196,Z176,Z177,Z178,Z179,Z180,Z181","Z192,Z193,Z194,Z195,Z177,Z178,Z179",AGUA/GAA
12537,1VY6,"Y176,Y196,Y189,Y190,Y191,Y192,Y193,Y194,Y195,Y177,Y178,Y179,Y180,Y181,Y182","Y192,Y193,Y194,Y195,Y177,Y178,Y179",AGUA/GAA
12655,1VY6,"Y1314,Y2032,Y2033,Y2034,Y2035,Y2036,Y2037,Y2038,Y1307,Y1308,Y1309,Y1310,Y1311,Y1312,Y1313","Y1310,Y1311,Y1312,Y1313,Y2033,Y2034,Y2035",AGUA/GAA
12805,1VY7,"Z233,Z241,Z242,Z243,Z244,Z245,Z246,Z247,Z226,Z227,Z228,Z229,Z230,Z231,Z232","Z229,Z230,Z231,Z232,Z242,Z243,Z244",AGUA/GAA
12841,1VY7,"Z182,Z189,Z190,Z191,Z192,Z193,Z194,Z195,Z196,Z176,Z177,Z178,Z179,Z180,Z181","Z192,Z193,Z194,Z195,Z177,Z178,Z179",AGUA/GAA
14161,2HGH,"B29,B40,B23,B24,B25,B26,B27,B28,B45,B41,B42,B43,B44","B25,B26,B27,B28,B41,B42,B43",AGUA/GAA
14381,2J28,"B245,B253,B239,B240,B241,B242,B243,B244,B254,B255,B256,B257,B258","B241,B242,B243,B244,B254,B255,B256",AGUA/GAA
14418,2J28,"B1269,B2011,B1262,B1263,B1264,B1265,B1266,B1267,B1268,B2012,B2013,B2014,B2015,B2016,B2017","B1265,B1266,B1267,B1268,B2012,B2013,B2014",AGUA/GAA
14509,2J28,"B194,B201,B188,B189,B190,B191,B192,B193,B208,B202,B203,B204,B205,B206,B207","B204,B205,B206,B207,B189,B190,B191",AGUA/GAA
24702,2ZJQ,"X215,X236,X216,X217,X218,X219,X220,X221,X222,X230,X231,X232,X233,X234,X235","X218,X219,X220,X221,X231,X232,X233",AGUA/GAA
25182,3BBX,"B245,B253,B239,B240,B241,B242,B243,B244,B254,B255,B256,B257,B258","B241,B242,B243,B244,B254,B255,B256",AGUA/GAA
25649,3D0U,"A28,A59,A60,A61,A62,A63,A64,A65,A66,A20,A21,A22,A23,A24,A25,A26,A27","A23,A24,A25,A26,A61,A62,A63",AGUA/GAA
25732,3DIG,"X23,X69,X24,X25,X26,X27,X28,X29,X30,X31,X62,X63,X64,X65,X66,X67,X68","X26,X27,X28,X29,X64,X65,X66",AGUA/GAA
25739,3DIL,"A23,A69,A24,A25,A26,A27,A28,A29,A30,A31,A62,A63,A64,A65,A66,A67,A68","A26,A27,A28,A29,A64,A65,A66",AGUA/GAA
25740,3DIL,"A31,A62,A63,A64,A65,A66,A67,A68,A69,A23,A24,A25,A26,A27,A28,A29,A30","A26,A27,A28,A29,A64,A65,A66",AGUA/GAA
25749,3DIM,"A23,A69,A24,A25,A26,A27,A28,A29,A30,A31,A62,A63,A64,A65,A66,A67,A68","A26,A27,A28,A29,A64,A65,A66",AGUA/GAA
25750,3DIM,"A31,A62,A63,A64,A65,A66,A67,A68,A69,A23,A24,A25,A26,A27,A28,A29,A30","A26,A27,A28,A29,A64,A65,A66",AGUA/GAA
25762,3DIO,"X23,X69,X24,X25,X26,X27,X28,X29,X30,X31,X62,X63,X64,X65,X66,X67,X68","X26,X27,X28,X29,X64,X65,X66",AGUA/GAA
25770,3DIQ,"A23,A69,A24,A25,A26,A27,A28,A29,A30,A31,A62,A63,A64,A65,A66,A67,A68","A26,A27,A28,A29,A64,A65,A66",AGUA/GAA
25771,3DIQ,"A31,A62,A63,A64,A65,A66,A67,A68,A69,A23,A24,A25,A26,A27,A28,A29,A30","A26,A27,A28,A29,A64,A65,A66",AGUA/GAA
25780,3DIR,"A23,A69,A24,A25,A26,A27,A28,A29,A30,A31,A62,A63,A64,A65,A66,A67,A68","A26,A27,A28,A29,A64,A65,A66",AGUA/GAA
25781,3DIR,"A31,A62,A63,A64,A65,A66,A67,A68,A69,A23,A24,A25,A26,A27,A28,A29,A30","A26,A27,A28,A29,A64,A65,A66",AGUA/GAA
25790,3DIS,"A23,A69,A24,A25,A26,A27,A28,A29,A30,A31,A62,A63,A64,A65,A66,A67,A68","A26,A27,A28,A29,A64,A65,A66",AGUA/GAA
25791,3DIS,"A31,A62,A63,A64,A65,A66,A67,A68,A69,A23,A24,A25,A26,A27,A28,A29,A30","A26,A27,A28,A29,A64,A65,A66",AGUA/GAA
25800,3DIX,"A23,A69,A24,A25,A26,A27,A28,A29,A30,A31,A62,A63,A64,A65,A66,A67,A68","A26,A27,A28,A29,A64,A65,A66",AGUA/GAA
25801,3DIX,"A31,A62,A63,A64,A65,A66,A67,A68,A69,A23,A24,A25,A26,A27,A28,A29,A30","A26,A27,A28,A29,A64,A65,A66",AGUA/GAA
25810,3DIY,"A23,A69,A24,A25,A26,A27,A28,A29,A30,A31,A62,A63,A64,A65,A66,A67,A68","A26,A27,A28,A29,A64,A65,A66",AGUA/GAA
25811,3DIY,"A31,A62,A63,A64,A65,A66,A67,A68,A69,A23,A24,A25,A26,A27,A28,A29,A30","A26,A27,A28,A29,A64,A65,A66",AGUA/GAA
25820,3DIZ,"A23,A69,A24,A25,A26,A27,A28,A29,A30,A31,A62,A63,A64,A65,A66,A67,A68","A26,A27,A28,A29,A64,A65,A66",AGUA/GAA
25821,3DIZ,"A31,A62,A63,A64,A65,A66,A67,A68,A69,A23,A24,A25,A26,A27,A28,A29,A30","A26,A27,A28,A29,A64,A65,A66",AGUA/GAA
25830,3DJ0,"A23,A69,A24,A25,A26,A27,A28,A29,A30,A31,A62,A63,A64,A65,A66,A67,A68","A26,A27,A28,A29,A64,A65,A66",AGUA/GAA
25831,3DJ0,"A31,A62,A63,A64,A65,A66,A67,A68,A69,A23,A24,A25,A26,A27,A28,A29,A30","A26,A27,A28,A29,A64,A65,A66",AGUA/GAA
25840,3DJ2,"A23,A69,A24,A25,A26,A27,A28,A29,A30,A31,A62,A63,A64,A65,A66,A67,A68","A26,A27,A28,A29,A64,A65,A66",AGUA/GAA
25841,3DJ2,"A31,A62,A63,A64,A65,A66,A67,A68,A69,A23,A24,A25,A26,A27,A28,A29,A30","A26,A27,A28,A29,A64,A65,A66",AGUA/GAA
25958,3DLL,"X215,X236,X216,X217,X218,X219,X220,X221,X222,X230,X231,X232,X233,X234,X235","X218,X219,X220,X221,X231,X232,X233",AGUA/GAA
28260,3J3W,"A242,A261,A243,A244,A245,A246,A247,A248,A256,A257,A258,A259,A260","A244,A245,A246,A247,A257,A258,A259",AGUA/GAA
28344,3J5L,"A188,A208,A201,A202,A203,A204,A205,A206,A207,A194,A189,A190,A191,A192,A193","A204,A205,A206,A207,A189,A190,A191",AGUA/GAA
28357,3J5L,"A1262,A2017,A2011,A2012,A2013,A2014,A2015,A2016,A1269,A1263,A1264,A1265,A1266,A1267,A1268","A1265,A1266,A1267,A1268,A2012,A2013,A2014",AGUA/GAA
28403,3J5L,"A239,A258,A240,A241,A242,A243,A244,A245,A253,A254,A255,A256,A257","A241,A242,A243,A244,A254,A255,A256",AGUA/GAA
28565,3J6B,"A1295,A1917,A1911,A1912,A1913,A1914,A1915,A1916,A1302,A1296,A1297,A1298,A1299,A1300,A1301","A1298,A1299,A1300,A1301,A1912,A1913,A1914",AGUA/GAA
28566,3J6B,"A1295,A1917,A1296,A1297,A1298,A1299,A1300,A1301,A1302,A1911,A1912,A1913,A1914,A1915,A1916","A1298,A1299,A1300,A1301,A1912,A1913,A1914",AGUA/GAA
29150,3J79,"B78,B98,B99,B100,B101,B102,B103,B104,B71,B72,B73,B74,B75,B76,B77","B74,B75,B76,B77,B99,B100,B101",AGUA/GAA
29188,3J79,"A1593,A2652,A1594,A1595,A1596,A1597,A1598,A1599,A2647,A2648,A2649,A2650,A2651","A1595,A1596,A1597,A1598,A2648,A2649,A2650",AGUA/GAA
29196,3J79,"A89,A97,A82,A83,A84,A85,A86,A87,A88,A98,A99,A100,A101,A102,A103","A85,A86,A87,A88,A98,A99,A100",AGUA/GAA
29485,3J7O,"B78,B98,B99,B100,B101,B102,B103,B104,B71,B72,B73,B74,B75,B76,B77","B74,B75,B76,B77,B99,B100,B101",AGUA/GAA
29662,3J7P,"B78,B98,B99,B100,B101,B102,B103,B104,B71,B72,B73,B74,B75,B76,B77","B74,B75,B76,B77,B99,B100,B101",AGUA/GAA
29925,3J7Q,"B78,B98,B99,B100,B101,B102,B103,B104,B71,B72,B73,B74,B75,B76,B77","B74,B75,B76,B77,B99,B100,B101",AGUA/GAA
30100,3J7R,"B78,B98,B99,B100,B101,B102,B103,B104,B71,B72,B73,B74,B75,B76,B77","B74,B75,B76,B77,B99,B100,B101",AGUA/GAA
30299,3J7Y,"A1745,A1753,A1754,A1755,A1756,A1757,A1758,A1739,A1740,A1741,A1742,A1743,A1744","A1741,A1742,A1743,A1744,A1754,A1755,A1756",AGUA/GAA
30412,3J7Z,"A188,A208,A201,A202,A203,A204,A205,A206,A207,A194,A189,A190,A191,A192,A193","A204,A205,A206,A207,A189,A190,A191",AGUA/GAA
30426,3J7Z,"A1262,A2017,A2011,A2012,A2013,A2014,A2015,A2016,A1269,A1263,A1264,A1265,A1266,A1267,A1268","A1265,A1266,A1267,A1268,A2012,A2013,A2014",AGUA/GAA
30477,3J7Z,"A239,A258,A240,A241,A242,A243,A244,A245,A253,A254,A255,A256,A257","A241,A242,A243,A244,A254,A255,A256",AGUA/GAA
30799,3J9M,"A75,A83,A84,A85,A86,A87,A88,A69,A70,A71,A72,A73,A74","A71,A72,A73,A74,A84,A85,A86",AGUA/GAA
30804,3J9M,"A636,A1010,A637,A638,A639,A640,A641,A642,A643,A1004,A1005,A1006,A1007,A1008,A1009","A639,A640,A641,A642,A1005,A1006,A1007",AGUA/GAA
31100,3J9Y,"Y1262,Y2017,Y2011,Y2012,Y2013,Y2014,Y2015,Y2016,Y1263,Y1264,Y1265,Y1266,Y1267,Y1268,Y1269","Y1265,Y1266,Y1267,Y1268,Y2012,Y2013,Y2014",AGUA/GAA
31154,3J9Y,"Y194,Y201,Y202,Y203,Y204,Y205,Y206,Y207,Y208,Y188,Y189,Y190,Y191,Y192,Y193","Y204,Y205,Y206,Y207,Y189,Y190,Y191",AGUA/GAA
31404,3J9Z,"Y239,Y258,Y240,Y241,Y242,Y243,Y244,Y245,Y253,Y254,Y255,Y256,Y257","Y241,Y242,Y243,Y244,Y254,Y255,Y256",AGUA/GAA
31479,3J9Z,"Y194,Y201,Y202,Y203,Y204,Y205,Y206,Y207,Y208,Y188,Y189,Y190,Y191,Y192,Y193","Y204,Y205,Y206,Y207,Y189,Y190,Y191",AGUA/GAA
31711,3JA1,"Z245,Z253,Z254,Z255,Z256,Z257,Z258,Z239,Z240,Z241,Z242,Z243,Z244","Z241,Z242,Z243,Z244,Z254,Z255,Z256",AGUA/GAA
31726,3JA1,"Z1262,Z2017,Z2011,Z2012,Z2013,Z2014,Z2015,Z2016,Z1269,Z1263,Z1264,Z1265,Z1266,Z1267,Z1268","Z1265,Z1266,Z1267,Z1268,Z2012,Z2013,Z2014",AGUA/GAA
31727,3JA1,"Z1269,Z2011,Z2012,Z2013,Z2014,Z2015,Z2016,Z2017,Z1262,Z1263,Z1264,Z1265,Z1266,Z1267,Z1268","Z1265,Z1266,Z1267,Z1268,Z2012,Z2013,Z2014",AGUA/GAA
32018,3JBO,"A966,A989,A984,A985,A986,A987,A988,A967,A968,A969,A970,A971,A972,A973","A968,A969,A970,A971,A985,A986,A987",AGUA/GAA
32545,3JCJ,"F1262,F2017,F1263,F1264,F1265,F1266,F1267,F1268,F1269,F2011,F2012,F2013,F2014,F2015,F2016","F1265,F1266,F1267,F1268,F2012,F2013,F2014",AGUA/GAA
32853,3JCS,"H73,H106,H100,H101,H102,H103,H104,H105,H80,H74,H75,H76,H77,H78,H79","H76,H77,H78,H79,H101,H102,H103",AGUA/GAA
32854,3JCS,"H80,H100,H73,H74,H75,H76,H77,H78,H79,H101,H102,H103,H104,H105,H106","H76,H77,H78,H79,H101,H102,H103",AGUA/GAA
33689,3PIO,"X1275,X2000,X1994,X1995,X1996,X1997,X1998,X1999,X1282,X1276,X1277,X1278,X1279,X1280,X1281","X1278,X1279,X1280,X1281,X1995,X1996,X1997",AGUA/GAA
47997,4BTS,"K1083,K1107,K1084,K1085,K1086,K1087,K1088,K1089,K1090,K1091,K1101,K1102,K1103,K1104,K1105,K1106","K1085,K1086,K1087,K1088,K1103,K1104,K1105",AGUA/GAA
48337,4CSU,"B194,B201,B202,B203,B204,B205,B206,B207,B208,B188,B189,B190,B191,B192,B193","B204,B205,B206,B207,B189,B190,B191",AGUA/GAA
49894,4E8M,"A303,A316,A296,A297,A298,A299,A300,A301,A302,A321,A317,A318,A319,A320","A299,A300,A301,A302,A317,A318,A319",AGUA/GAA
50046,4ERJ,"A28,A59,A60,A61,A62,A63,A64,A65,A66,A20,A21,A22,A23,A24,A25,A26,A27","A23,A24,A25,A26,A61,A62,A63",AGUA/GAA
50057,4ERL,"A28,A59,A60,A61,A62,A63,A64,A65,A66,A20,A21,A22,A23,A24,A25,A26,A27","A23,A24,A25,A26,A61,A62,A63",AGUA/GAA
50164,4FAW,"A303,A316,A296,A297,A298,A299,A300,A301,A302,A321,A317,A318,A319,A320","A299,A300,A301,A302,A317,A318,A319",AGUA/GAA
50566,4IO9,"X165,X185,X178,X179,X180,X181,X182,X183,X184,X171,X166,X167,X168,X169,X170","X181,X182,X183,X184,X166,X167,X168",AGUA/GAA
50576,4IO9,"X1282,X1994,X1995,X1996,X1997,X1998,X1999,X2000,X1275,X1276,X1277,X1278,X1279,X1280,X1281","X1278,X1279,X1280,X1281,X1995,X1996,X1997",AGUA/GAA
50597,4IO9,"X222,X230,X231,X232,X233,X234,X235,X236,X215,X216,X217,X218,X219,X220,X221","X218,X219,X220,X221,X231,X232,X233",AGUA/GAA
50746,4IOA,"X165,X185,X178,X179,X180,X181,X182,X183,X184,X171,X166,X167,X168,X169,X170","X181,X182,X183,X184,X166,X167,X168",AGUA/GAA
50756,4IOA,"X1282,X1994,X1995,X1996,X1997,X1998,X1999,X2000,X1275,X1276,X1277,X1278,X1279,X1280,X1281","X1278,X1279,X1280,X1281,X1995,X1996,X1997",AGUA/GAA
50775,4IOA,"X222,X230,X231,X232,X233,X234,X235,X236,X215,X216,X217,X218,X219,X220,X221","X218,X219,X220,X221,X231,X232,X233",AGUA/GAA
50966,4IOC,"X222,X230,X231,X232,X233,X234,X235,X236,X237,X214,X215,X216,X217,X218,X219,X220,X221","X218,X219,X220,X221,X231,X232,X233",AGUA/GAA
50967,4IOC,"X214,X237,X215,X216,X217,X218,X219,X220,X221,X222,X230,X231,X232,X233,X234,X235,X236","X218,X219,X220,X221,X231,X232,X233",AGUA/GAA
51320,4JI3,"A887,A910,A904,A905,A906,A907,A908,A909,A895,A888,A889,A890,A891,A892,A893,A894","A889,A890,A891,A892,A906,A907,A908",AGUA/GAA
54303,4RBA,"A183,A190,A191,A192,A193,A194,A195,A196,A197,A177,A178,A179,A180,A181,A182","A193,A194,A195,A196,A178,A179,A180",AGUA/GAA
54323,4RBA,"A234,A242,A243,A244,A245,A246,A247,A248,A227,A228,A229,A230,A231,A232,A233","A230,A231,A232,A233,A243,A244,A245",AGUA/GAA
54499,4RBC,"A188,A208,A201,A202,A203,A204,A205,A206,A207,A194,A189,A190,A191,A192,A193","A204,A205,A206,A207,A189,A190,A191",AGUA/GAA
54500,4RBC,"A188,A208,A189,A190,A191,A192,A193,A194,A201,A202,A203,A204,A205,A206,A207","A204,A205,A206,A207,A189,A190,A191",AGUA/GAA
54511,4RBC,"A1262,A2017,A2011,A2012,A2013,A2014,A2015,A2016,A1269,A1263,A1264,A1265,A1266,A1267,A1268","A1265,A1266,A1267,A1268,A2012,A2013,A2014",AGUA/GAA
54512,4RBC,"A1269,A2011,A1262,A1263,A1264,A1265,A1266,A1267,A1268,A2017,A2012,A2013,A2014,A2015,A2016","A1265,A1266,A1267,A1268,A2012,A2013,A2014",AGUA/GAA
54518,4RBC,"A245,A253,A254,A255,A256,A257,A258,A259,A238,A239,A240,A241,A242,A243,A244","A241,A242,A243,A244,A254,A255,A256",AGUA/GAA
54555,4RBC,"A238,A259,A239,A240,A241,A242,A243,A244,A245,A253,A254,A255,A256,A257,A258","A241,A242,A243,A244,A254,A255,A256",AGUA/GAA
54852,4RBE,"A183,A190,A191,A192,A193,A194,A195,A196,A197,A177,A178,A179,A180,A181,A182","A193,A194,A195,A196,A178,A179,A180",AGUA/GAA
54872,4RBE,"A234,A242,A243,A244,A245,A246,A247,A248,A227,A228,A229,A230,A231,A232,A233","A230,A231,A232,A233,A243,A244,A245",AGUA/GAA
55113,4U67,"X222,X230,X231,X232,X233,X234,X235,X236,X215,X216,X217,X218,X219,X220,X221","X218,X219,X220,X221,X231,X232,X233",AGUA/GAA
55269,4UER,"A1119,A1128,A1129,A1130,A1131,A1132,A1133,A1134,A1111,A1112,A1113,A1114,A1115,A1116,A1117,A1118","A1113,A1114,A1115,A1116,A1130,A1131,A1132",AGUA/GAA
55691,4UJC,"C69,C98,C90,C91,C92,C93,C94,C95,C96,C97,C76,C70,C71,C72,C73,C74,C75","C93,C94,C95,C96,C71,C72,C73",AGUA/GAA
55861,4UJC,"C261,C272,C255,C256,C257,C258,C259,C260,C273,C274,C275,C276,C277","C257,C258,C259,C260,C273,C274,C275",AGUA/GAA
56340,4UY8,"A188,A208,A201,A202,A203,A204,A205,A206,A207,A194,A189,A190,A191,A192,A193","A204,A205,A206,A207,A189,A190,A191",AGUA/GAA
56341,4UY8,"A188,A208,A189,A190,A191,A192,A193,A194,A201,A202,A203,A204,A205,A206,A207","A204,A205,A206,A207,A189,A190,A191",AGUA/GAA
56357,4UY8,"A1262,A2017,A2011,A2012,A2013,A2014,A2015,A2016,A1269,A1263,A1264,A1265,A1266,A1267,A1268","A1265,A1266,A1267,A1268,A2012,A2013,A2014",AGUA/GAA
56358,4UY8,"A1269,A2011,A1262,A1263,A1264,A1265,A1266,A1267,A1268,A2017,A2012,A2013,A2014,A2015,A2016","A1265,A1266,A1267,A1268,A2012,A2013,A2014",AGUA/GAA
56408,4UY8,"A239,A258,A253,A254,A255,A256,A257,A245,A240,A241,A242,A243,A244","A241,A242,A243,A244,A254,A255,A256",AGUA/GAA
56509,4V19,"A73,A92,A74,A75,A76,A77,A78,A79,A87,A88,A89,A90,A91","A75,A76,A77,A78,A88,A89,A90",AGUA/GAA
57070,4V4A,"A880,A903,A881,A882,A883,A884,A885,A886,A887,A888,A897,A898,A899,A900,A901,A902","A882,A883,A884,A885,A899,A900,A901",AGUA/GAA
57205,4V4B,"R216,R224,R225,R226,R227,R228,R229,R230,R209,R210,R211,R212,R213,R214,R215","R212,R213,R214,R215,R225,R226,R227",AGUA/GAA
57229,4V4B,"R1391,R2081,R2075,R2076,R2077,R2078,R2079,R2080,R1398,R1392,R1393,R1394,R1395,R1396,R1397","R1393,R1394,R1395,R1396,R2077,R2078,R2079",AGUA/GAA
57264,4V4B,"S84,S104,S105,S106,S107,S108,S109,S78,S79,S80,S81,S82,S83","S80,S81,S82,S83,S105,S106,S107",AGUA/GAA
57272,4V4B,"R164,R171,R172,R173,R174,R175,R176,R177,R178,R158,R159,R160,R161,R162,R163","R174,R175,R176,R177,R159,R160,R161",AGUA/GAA
57296,4V4B,"A868,A877,A878,A879,A880,A881,A882,A883,A860,A861,A862,A863,A864,A865,A866,A867","A862,A863,A864,A865,A879,A880,A881",AGUA/GAA
57435,4V4I,"A184,A191,A192,A193,A194,A195,A196,A197,A198,A178,A179,A180,A181,A182,A183","A194,A195,A196,A197,A179,A180,A181",AGUA/GAA
57476,4V4I,"A1287,A2017,A2011,A2012,A2013,A2014,A2015,A2016,A1288,A1289,A1290,A1291,A1292,A1293,A1294","A1290,A1291,A1292,A1293,A2012,A2013,A2014",AGUA/GAA
57477,4V4I,"A1287,A2017,A1288,A1289,A1290,A1291,A1292,A1293,A1294,A2011,A2012,A2013,A2014,A2015,A2016","A1290,A1291,A1292,A1293,A2012,A2013,A2014",AGUA/GAA
59641,4V55,"W188,W208,W201,W202,W203,W204,W205,W206,W207,W194,W189,W190,W191,W192,W193","W204,W205,W206,W207,W189,W190,W191",AGUA/GAA
59706,4V55,"W1269,W2011,W2012,W2013,W2014,W2015,W2016,W2017,W1262,W1263,W1264,W1265,W1266,W1267,W1268","W1265,W1266,W1267,W1268,W2012,W2013,W2014",AGUA/GAA
59816,4V55,"W239,W258,W240,W241,W242,W243,W244,W245,W253,W254,W255,W256,W257","W241,W242,W243,W244,W254,W255,W256",AGUA/GAA
59935,4V57,"W188,W208,W201,W202,W203,W204,W205,W206,W207,W194,W189,W190,W191,W192,W193","W204,W205,W206,W207,W189,W190,W191",AGUA/GAA
60002,4V57,"W1269,W2011,W2012,W2013,W2014,W2015,W2016,W2017,W1262,W1263,W1264,W1265,W1266,W1267,W1268","W1265,W1266,W1267,W1268,W2012,W2013,W2014",AGUA/GAA
60112,4V57,"W239,W258,W240,W241,W242,W243,W244,W245,W253,W254,W255,W256,W257","W241,W242,W243,W244,W254,W255,W256",AGUA/GAA
61422,4V6A,"Y182,Y189,Y176,Y177,Y178,Y179,Y180,Y181,Y196,Y190,Y191,Y192,Y193,Y194,Y195","Y192,Y193,Y194,Y195,Y177,Y178,Y179",AGUA/GAA
61527,4V6A,"Y226,Y247,Y241,Y242,Y243,Y244,Y245,Y246,Y227,Y228,Y229,Y230,Y231,Y232,Y233","Y229,Y230,Y231,Y232,Y242,Y243,Y244",AGUA/GAA
61672,4V6G,"Y1300,Y2031,Y1301,Y1302,Y1303,Y1304,Y1305,Y1306,Y1307,Y2025,Y2026,Y2027,Y2028,Y2029,Y2030","Y1303,Y1304,Y1305,Y1306,Y2026,Y2027,Y2028",AGUA/GAA
61846,4V6G,"Y179,Y186,Y187,Y188,Y189,Y190,Y191,Y192,Y193,Y173,Y174,Y175,Y176,Y177,Y178","Y189,Y190,Y191,Y192,Y174,Y175,Y176",AGUA/GAA
61916,4V6K,"B245,B253,B254,B255,B256,B257,B258,B239,B240,B241,B242,B243,B244","B241,B242,B243,B244,B254,B255,B256",AGUA/GAA
62395,4V6N,"B1262,B2017,B1263,B1264,B1265,B1266,B1267,B1268,B1269,B1270,B2010,B2011,B2012,B2013,B2014,B2015,B2016","B1265,B1266,B1267,B1268,B2012,B2013,B2014",AGUA/GAA
62438,4V6N,"B194,B201,B202,B203,B204,B205,B206,B207,B208,B188,B189,B190,B191,B192,B193","B204,B205,B206,B207,B189,B190,B191",AGUA/GAA
62517,4V6O,"Z188,Z208,Z189,Z190,Z191,Z192,Z193,Z194,Z201,Z202,Z203,Z204,Z205,Z206,Z207","Z204,Z205,Z206,Z207,Z189,Z190,Z191",AGUA/GAA
62837,4V6P,"Z188,Z208,Z189,Z190,Z191,Z192,Z193,Z194,Z201,Z202,Z203,Z204,Z205,Z206,Z207","Z204,Z205,Z206,Z207,Z189,Z190,Z191",AGUA/GAA
63145,4V6Q,"Z188,Z208,Z189,Z190,Z191,Z192,Z193,Z194,Z201,Z202,Z203,Z204,Z205,Z206,Z207","Z204,Z205,Z206,Z207,Z189,Z190,Z191",AGUA/GAA
63275,4V6Q,"Z245,Z253,Z239,Z240,Z241,Z242,Z243,Z244,Z258,Z254,Z255,Z256,Z257","Z241,Z242,Z243,Z244,Z254,Z255,Z256",AGUA/GAA
63456,4V6R,"Z188,Z208,Z189,Z190,Z191,Z192,Z193,Z194,Z201,Z202,Z203,Z204,Z205,Z206,Z207","Z204,Z205,Z206,Z207,Z189,Z190,Z191",AGUA/GAA
63793,4V6S,"B1262,B2017,B1263,B1264,B1265,B1266,B1267,B1268,B1269,B2011,B2012,B2013,B2014,B2015,B2016","B1265,B1266,B1267,B1268,B2012,B2013,B2014",AGUA/GAA
63794,4V6S,"B1269,B2011,B1262,B1263,B1264,B1265,B1266,B1267,B1268,B2017,B2012,B2013,B2014,B2015,B2016","B1265,B1266,B1267,B1268,B2012,B2013,B2014",AGUA/GAA
63896,4V6S,"B194,B201,B202,B203,B204,B205,B206,B207,B208,B188,B189,B190,B191,B192,B193","B204,B205,B206,B207,B189,B190,B191",AGUA/GAA
64109,4V6T,"Z188,Z208,Z189,Z190,Z191,Z192,Z193,Z194,Z201,Z202,Z203,Z204,Z205,Z206,Z207","Z204,Z205,Z206,Z207,Z189,Z190,Z191",AGUA/GAA
64149,4V6T,"Z1262,Z2017,Z2011,Z2012,Z2013,Z2014,Z2015,Z2016,Z1263,Z1264,Z1265,Z1266,Z1267,Z1268,Z1269","Z1265,Z1266,Z1267,Z1268,Z2012,Z2013,Z2014",AGUA/GAA
64154,4V6T,"Z245,Z253,Z239,Z240,Z241,Z242,Z243,Z244,Z258,Z254,Z255,Z256,Z257","Z241,Z242,Z243,Z244,Z254,Z255,Z256",AGUA/GAA
65211,4V74,"U886,U909,U902,U903,U904,U905,U906,U907,U908,U887,U888,U889,U890,U891,U892,U893,U894,U895","U888,U889,U890,U891,U905,U906,U907",AGUA/AAA
66696,4V7H,"A1087,A1096,A1097,A1098,A1099,A1100,A1101,A1102,A1079,A1080,A1081,A1082,A1083,A1084,A1085,A1086","A1081,A1082,A1083,A1084,A1098,A1099,A1100",AGUA/GAA
66774,4V7I,"B245,B253,B254,B255,B256,B257,B258,B239,B240,B241,B242,B243,B244","B241,B242,B243,B244,B254,B255,B256",AGUA/GAA
66804,4V7I,"B1262,B2017,B1263,B1264,B1265,B1266,B1267,B1268,B1269,B2011,B2012,B2013,B2014,B2015,B2016","B1265,B1266,B1267,B1268,B2012,B2013,B2014",AGUA/GAA
66805,4V7I,"B1269,B2011,B1262,B1263,B1264,B1265,B1266,B1267,B1268,B2017,B2012,B2013,B2014,B2015,B2016","B1265,B1266,B1267,B1268,B2012,B2013,B2014",AGUA/GAA
66895,4V7I,"B194,B201,B202,B203,B204,B205,B206,B207,B208,B188,B189,B190,B191,B192,B193","B204,B205,B206,B207,B189,B190,B191",AGUA/GAA
67049,4V8Q,"K1308,K2039,K2033,K2034,K2035,K2036,K2037,K2038,K1315,K1309,K1310,K1311,K1312,K1313,K1314","K1311,K1312,K1313,K1314,K2034,K2035,K2036",AGUA/GAA
67137,4V8Q,"K234,K242,K227,K228,K229,K230,K231,K232,K233,K243,K244,K245,K246,K247,K248","K230,K231,K232,K233,K243,K244,K245",AGUA/GAA
67138,4V8Q,"K234,K242,K243,K244,K245,K246,K247,K248,K227,K228,K229,K230,K231,K232,K233","K230,K231,K232,K233,K243,K244,K245",AGUA/GAA
67154,4V8Q,"K177,K197,K190,K191,K192,K193,K194,K195,K196,K183,K178,K179,K180,K181,K182","K193,K194,K195,K196,K178,K179,K180",AGUA/GAA
67354,4V91,"A89,A97,A82,A83,A84,A85,A86,A87,A88,A98,A99,A100,A101,A102,A103","A85,A86,A87,A88,A98,A99,A100",AGUA/GAA
67411,4V91,"A1450,A2354,A2355,A2356,A2357,A2358,A2359,A1444,A1445,A1446,A1447,A1448,A1449","A1446,A1447,A1448,A1449,A2355,A2356,A2357",AGUA/GAA
67589,4V9F,"A151,A171,A164,A165,A166,A167,A168,A169,A170,A157,A152,A153,A154,A155,A156","A167,A168,A169,A170,A152,A153,A154",AGUA/GAA
67597,4V9F,"A2682,A2698,A2693,A2694,A2695,A2696,A2697,A2683,A2684,A2685,A2686,A2687,A2688","A2684,A2685,A2686,A2687,A2694,A2695,A2696",AGUA/GAA
67613,4V9F,"A1367,A2044,A2045,A2046,A2047,A2048,A2049,A2050,A1360,A1361,A1362,A1363,A1364,A1365,A1366","A1362,A1363,A1364,A1365,A2046,A2047,A2048",AGUA/GAA
67617,4V9F,"A209,A217,A218,A219,A220,A221,A222,A223,A202,A203,A204,A205,A206,A207,A208","A205,A206,A207,A208,A218,A219,A220",AGUA/GAA
67624,4V9F,"B81,B101,B74,B75,B76,B77,B78,B79,B80,B102,B103,B104,B105,B106,B107","B77,B78,B79,B80,B102,B103,B104",AGUA/GAA
67870,4V9H,"Y1308,Y2039,Y1309,Y1310,Y1311,Y1312,Y1313,Y1314,Y1315,Y2033,Y2034,Y2035,Y2036,Y2037,Y2038","Y1311,Y1312,Y1313,Y1314,Y2034,Y2035,Y2036",AGUA/GAA
67957,4V9H,"Y227,Y248,Y228,Y229,Y230,Y231,Y232,Y233,Y234,Y242,Y243,Y244,Y245,Y246,Y247","Y230,Y231,Y232,Y233,Y243,Y244,Y245",AGUA/GAA
67958,4V9H,"Y227,Y248,Y242,Y243,Y244,Y245,Y246,Y247,Y234,Y228,Y229,Y230,Y231,Y232,Y233","Y230,Y231,Y232,Y233,Y243,Y244,Y245",AGUA/GAA
67970,4V9H,"Y177,Y197,Y178,Y179,Y180,Y181,Y182,Y183,Y190,Y191,Y192,Y193,Y194,Y195,Y196","Y193,Y194,Y195,Y196,Y178,Y179,Y180",AGUA/GAA
67971,4V9H,"Y183,Y190,Y177,Y178,Y179,Y180,Y181,Y182,Y197,Y191,Y192,Y193,Y194,Y195,Y196","Y193,Y194,Y195,Y196,Y178,Y179,Y180",AGUA/GAA
68055,4W2E,"A176,A196,A177,A178,A179,A180,A181,A182,A189,A190,A191,A192,A193,A194,A195","A192,A193,A194,A195,A177,A178,A179",AGUA/GAA
68078,4W2E,"A1314,A2032,A1307,A1308,A1309,A1310,A1311,A1312,A1313,A2038,A2033,A2034,A2035,A2036,A2037","A1310,A1311,A1312,A1313,A2033,A2034,A2035",AGUA/GAA
68079,4W2E,"A1314,A2032,A2033,A2034,A2035,A2036,A2037,A2038,A1307,A1308,A1309,A1310,A1311,A1312,A1313","A1310,A1311,A1312,A1313,A2033,A2034,A2035",AGUA/GAA
68101,4W2E,"A233,A241,A242,A243,A244,A245,A246,A247,A226,A227,A228,A229,A230,A231,A232","A229,A230,A231,A232,A242,A243,A244",AGUA/GAA
68343,4WCE,"X190,X212,X191,X192,X193,X194,X195,X196,X197,X204,X205,X206,X207,X208,X209,X210,X211","X207,X208,X209,X210,X192,X193,X194",AGUA/GAA
68359,4WCE,"X1300,X2044,X2037,X2038,X2039,X2040,X2041,X2042,X2043,X1308,X1301,X1302,X1303,X1304,X1305,X1306,X1307","X1303,X1304,X1305,X1306,X2039,X2040,X2041",AGUA/GAA
68489,4WF9,"X190,X212,X191,X192,X193,X194,X195,X196,X197,X204,X205,X206,X207,X208,X209,X210,X211","X207,X208,X209,X210,X192,X193,X194",AGUA/GAA
68507,4WF9,"X1300,X2044,X2037,X2038,X2039,X2040,X2041,X2042,X2043,X1308,X1301,X1302,X1303,X1304,X1305,X1306,X1307","X1303,X1304,X1305,X1306,X2039,X2040,X2041",AGUA/GAA
68525,4WF9,"X241,X262,X242,X243,X244,X245,X246,X247,X248,X256,X257,X258,X259,X260,X261","X244,X245,X246,X247,X257,X258,X259",AGUA/GAA
68796,4WFB,"X190,X212,X191,X192,X193,X194,X195,X196,X197,X204,X205,X206,X207,X208,X209,X210,X211","X207,X208,X209,X210,X192,X193,X194",AGUA/GAA
68813,4WFB,"X1300,X2044,X2037,X2038,X2039,X2040,X2041,X2042,X2043,X1308,X1301,X1302,X1303,X1304,X1305,X1306,X1307","X1303,X1304,X1305,X1306,X2039,X2040,X2041",AGUA/GAA
68949,4WFN,"X1282,X1994,X1995,X1996,X1997,X1998,X1999,X2000,X1275,X1276,X1277,X1278,X1279,X1280,X1281","X1278,X1279,X1280,X1281,X1995,X1996,X1997",AGUA/GAA
68966,4WFN,"X222,X230,X231,X232,X233,X234,X235,X236,X215,X216,X217,X218,X219,X220,X221","X218,X219,X220,X221,X231,X232,X233",AGUA/GAA
70406,5AJ3,"A794,A816,A817,A818,A819,A820,A789,A790,A791,A792,A793","A790,A791,A792,A793,A817,A818,A819",AGUA/GAA
70541,5AKA,"B245,B253,B254,B255,B256,B257,B258,B239,B240,B241,B242,B243,B244","B241,B242,B243,B244,B254,B255,B256",AGUA/GAA
70571,5AKA,"B1262,B2017,B1263,B1264,B1265,B1266,B1267,B1268,B1269,B2011,B2012,B2013,B2014,B2015,B2016","B1265,B1266,B1267,B1268,B2012,B2013,B2014",AGUA/GAA
70572,5AKA,"B1269,B2011,B1262,B1263,B1264,B1265,B1266,B1267,B1268,B2017,B2012,B2013,B2014,B2015,B2016","B1265,B1266,B1267,B1268,B2012,B2013,B2014",AGUA/GAA
70661,5AKA,"B194,B201,B202,B203,B204,B205,B206,B207,B208,B188,B189,B190,B191,B192,B193","B204,B205,B206,B207,B189,B190,B191",AGUA/GAA
70807,5ANB,"N3361,N3366,N3353,N3354,N3355,N3356,N3357,N3358,N3359,N3360,N3373,N3367,N3368,N3369,N3370,N3371,N3372","N3357,N3358,N3359,N3360,N3367,N3368,N3369",AGUA/GAA
70966,5APN,"B80,B100,B101,B102,B103,B104,B105,B106,B72,B73,B74,B75,B76,B77,B78,B79","B76,B77,B78,B79,B101,B102,B103",AGUA/GAA
71205,5APO,"B80,B100,B101,B102,B103,B104,B105,B106,B72,B73,B74,B75,B76,B77,B78,B79","B76,B77,B78,B79,B101,B102,B103",AGUA/GAA
71307,5APO,"A89,A97,A82,A83,A84,A85,A86,A87,A88,A98,A99,A100,A101,A102,A103","A85,A86,A87,A88,A98,A99,A100",AGUA/GAA
71648,5DM6,"X217,X225,X226,X227,X228,X229,X230,X231,X210,X211,X212,X213,X214,X215,X216","X213,X214,X215,X216,X226,X227,X228",AGUA/GAA
71686,5DM6,"X1269,X2011,X1262,X1263,X1264,X1265,X1266,X1267,X1268,X2017,X2012,X2013,X2014,X2015,X2016","X1265,X1266,X1267,X1268,X2012,X2013,X2014",AGUA/GAA
71687,5DM6,"X1269,X2011,X1262,X1263,X1264,X1265,X1266,X1267,X1268,X2012,X2013,X2014,X2015,X2016,X2017","X1265,X1266,X1267,X1268,X2012,X2013,X2014",AGUA/GAA
71844,5DM7,"X222,X230,X231,X232,X233,X234,X235,X236,X215,X216,X217,X218,X219,X220,X221","X218,X219,X220,X221,X231,X232,X233",AGUA/GAA
72166,5GAD,"A188,A208,A201,A202,A203,A204,A205,A206,A207,A194,A189,A190,A191,A192,A193","A204,A205,A206,A207,A189,A190,A191",AGUA/GAA
72167,5GAD,"A188,A208,A189,A190,A191,A192,A193,A194,A201,A202,A203,A204,A205,A206,A207","A204,A205,A206,A207,A189,A190,A191",AGUA/GAA
72182,5GAD,"A1262,A2017,A2011,A2012,A2013,A2014,A2015,A2016,A1269,A1263,A1264,A1265,A1266,A1267,A1268","A1265,A1266,A1267,A1268,A2012,A2013,A2014",AGUA/GAA
72183,5GAD,"A1269,A2011,A1262,A1263,A1264,A1265,A1266,A1267,A1268,A2017,A2012,A2013,A2014,A2015,A2016","A1265,A1266,A1267,A1268,A2012,A2013,A2014",AGUA/GAA
72230,5GAD,"A239,A258,A253,A254,A255,A256,A257,A245,A240,A241,A242,A243,A244","A241,A242,A243,A244,A254,A255,A256",AGUA/GAA
72373,5GAE,"A1262,A2017,A2011,A2012,A2013,A2014,A2015,A2016,A1269,A1263,A1264,A1265,A1266,A1267,A1268","A1265,A1266,A1267,A1268,A2012,A2013,A2014",AGUA/GAA
72374,5GAE,"A1269,A2011,A1262,A1263,A1264,A1265,A1266,A1267,A1268,A2017,A2012,A2013,A2014,A2015,A2016","A1265,A1266,A1267,A1268,A2012,A2013,A2014",AGUA/GAA
72424,5GAE,"A239,A258,A253,A254,A255,A256,A257,A245,A240,A241,A242,A243,A244","A241,A242,A243,A244,A254,A255,A256",AGUA/GAA
72552,5GAF,"A188,A208,A201,A202,A203,A204,A205,A206,A207,A194,A189,A190,A191,A192,A193","A204,A205,A206,A207,A189,A190,A191",AGUA/GAA
72553,5GAF,"A188,A208,A189,A190,A191,A192,A193,A194,A201,A202,A203,A204,A205,A206,A207","A204,A205,A206,A207,A189,A190,A191",AGUA/GAA
72568,5GAF,"A1262,A2017,A2011,A2012,A2013,A2014,A2015,A2016,A1269,A1263,A1264,A1265,A1266,A1267,A1268","A1265,A1266,A1267,A1268,A2012,A2013,A2014",AGUA/GAA
72569,5GAF,"A1269,A2011,A1262,A1263,A1264,A1265,A1266,A1267,A1268,A2017,A2012,A2013,A2014,A2015,A2016","A1265,A1266,A1267,A1268,A2012,A2013,A2014",AGUA/GAA
72615,5GAF,"A239,A258,A253,A254,A255,A256,A257,A245,A240,A241,A242,A243,A244","A241,A242,A243,A244,A254,A255,A256",AGUA/GAA
72802,5GAG,"A239,A258,A253,A254,A255,A256,A257,A245,A240,A241,A242,A243,A244","A241,A242,A243,A244,A254,A255,A256",AGUA/GAA
72929,5GAH,"A188,A208,A201,A202,A203,A204,A205,A206,A207,A194,A189,A190,A191,A192,A193","A204,A205,A206,A207,A189,A190,A191",AGUA/GAA
72930,5GAH,"A188,A208,A189,A190,A191,A192,A193,A194,A201,A202,A203,A204,A205,A206,A207","A204,A205,A206,A207,A189,A190,A191",AGUA/GAA
72945,5GAH,"A1262,A2017,A2011,A2012,A2013,A2014,A2015,A2016,A1269,A1263,A1264,A1265,A1266,A1267,A1268","A1265,A1266,A1267,A1268,A2012,A2013,A2014",AGUA/GAA
72946,5GAH,"A1269,A2011,A1262,A1263,A1264,A1265,A1266,A1267,A1268,A2017,A2012,A2013,A2014,A2015,A2016","A1265,A1266,A1267,A1268,A2012,A2013,A2014",AGUA/GAA
72993,5GAH,"A239,A258,A253,A254,A255,A256,A257,A245,A240,A241,A242,A243,A244","A241,A242,A243,A244,A254,A255,A256",AGUA/GAA
73450,5H1S,"A230,A238,A223,A224,A225,A226,A227,A228,A229,A244,A239,A240,A241,A242,A243","A226,A227,A228,A229,A239,A240,A241",AGUA/GAA
73647,5H4P,"B80,B100,B101,B102,B103,B104,B105,B106,B72,B73,B74,B75,B76,B77,B78,B79","B76,B77,B78,B79,B101,B102,B103",AGUA/GAA
73670,5H4P,"A3018,A3036,A3019,A3020,A3021,A3022,A3023,A3024,A3025,A3030,A3031,A3032,A3033,A3034,A3035","A3021,A3022,A3023,A3024,A3031,A3032,A3033",AGUA/GAA
73852,5H5U,"G245,G253,G254,G255,G256,G257,G258,G239,G240,G241,G242,G243,G244","G241,G242,G243,G244,G254,G255,G256",AGUA/GAA
73861,5H5U,"G1269,G2011,G2012,G2013,G2014,G2015,G2016,G2017,G1262,G1263,G1264,G1265,G1266,G1267,G1268","G1265,G1266,G1267,G1268,G2012,G2013,G2014",AGUA/GAA
73966,5H5U,"G188,G208,G201,G202,G203,G204,G205,G206,G207,G194,G189,G190,G191,G192,G193","G204,G205,G206,G207,G189,G190,G191",AGUA/GAA
73984,5H5U,"G194,G201,G188,G189,G190,G191,G192,G193,G202,G203,G204,G205,G206,G207,G208","G204,G205,G206,G207,G189,G190,G191",AGUA/GAA
74113,5HKV,"X1300,X2044,X2037,X2038,X2039,X2040,X2041,X2042,X2043,X1308,X1301,X1302,X1303,X1304,X1305,X1306,X1307","X1303,X1304,X1305,X1306,X2039,X2040,X2041",AGUA/GAA
74262,5HL7,"X190,X212,X191,X192,X193,X194,X195,X196,X197,X204,X205,X206,X207,X208,X209,X210,X211","X207,X208,X209,X210,X192,X193,X194",AGUA/GAA
74276,5HL7,"X1300,X2044,X2037,X2038,X2039,X2040,X2041,X2042,X2043,X1308,X1301,X1302,X1303,X1304,X1305,X1306,X1307","X1303,X1304,X1305,X1306,X2039,X2040,X2041",AGUA/GAA
74292,5HL7,"X241,X262,X242,X243,X244,X245,X246,X247,X248,X256,X257,X258,X259,X260,X261","X244,X245,X246,X247,X257,X258,X259",AGUA/GAA
75033,5IT7,"A80,A101,A81,A82,A83,A84,A85,A86,A87,A95,A96,A97,A98,A99,A100","A83,A84,A85,A86,A96,A97,A98",AGUA/GAA
75056,5IT7,"B80,B100,B101,B102,B103,B104,B105,B106,B72,B73,B74,B75,B76,B77,B78,B79","B76,B77,B78,B79,B101,B102,B103",AGUA/GAA
75293,5J8B,"A176,A196,A177,A178,A179,A180,A181,A182,A189,A190,A191,A192,A193,A194,A195","A192,A193,A194,A195,A177,A178,A179",AGUA/GAA
75314,5J8B,"A1314,A2032,A1307,A1308,A1309,A1310,A1311,A1312,A1313,A2038,A2033,A2034,A2035,A2036,A2037","A1310,A1311,A1312,A1313,A2033,A2034,A2035",AGUA/GAA
75315,5J8B,"A1314,A2032,A2033,A2034,A2035,A2036,A2037,A2038,A1307,A1308,A1309,A1310,A1311,A1312,A1313","A1310,A1311,A1312,A1313,A2033,A2034,A2035",AGUA/GAA
75337,5J8B,"A233,A241,A242,A243,A244,A245,A246,A247,A226,A227,A228,A229,A230,A231,A232","A229,A230,A231,A232,A242,A243,A244",AGUA/GAA
75940,5JU8,"Y1269,Y2011,Y2012,Y2013,Y2014,Y2015,Y2016,Y2017,Y1262,Y1263,Y1264,Y1265,Y1266,Y1267,Y1268","Y1265,Y1266,Y1267,Y1268,Y2012,Y2013,Y2014",AGUA/GAA
76552,5JUP,"B82,B103,B97,B98,B99,B100,B101,B102,B89,B83,B84,B85,B86,B87,B88","B85,B86,B87,B88,B98,B99,B100",AGUA/GAA
76553,5JUP,"B82,B103,B83,B84,B85,B86,B87,B88,B89,B97,B98,B99,B100,B101,B102","B85,B86,B87,B88,B98,B99,B100",AGUA/GAA
76563,5JUP,"D80,D100,D72,D73,D74,D75,D76,D77,D78,D79,D106,D101,D102,D103,D104,D105","D76,D77,D78,D79,D101,D102,D103",AGUA/GAA
76608,5JUP,"A1119,A1128,A1129,A1130,A1131,A1132,A1133,A1134,A1111,A1112,A1113,A1114,A1115,A1116,A1117,A1118","A1113,A1114,A1115,A1116,A1130,A1131,A1132",AGUA/GAA
76917,5JUS,"D80,D100,D72,D73,D74,D75,D76,D77,D78,D79,D106,D101,D102,D103,D104,D105","D76,D77,D78,D79,D101,D102,D103",AGUA/GAA
76965,5JUS,"A1119,A1128,A1129,A1130,A1131,A1132,A1133,A1134,A1111,A1112,A1113,A1114,A1115,A1116,A1117,A1118","A1113,A1114,A1115,A1116,A1130,A1131,A1132",AGUA/GAA
77275,5JUT,"D80,D100,D72,D73,D74,D75,D76,D77,D78,D79,D106,D101,D102,D103,D104,D105","D76,D77,D78,D79,D101,D102,D103",AGUA/GAA
77630,5JUU,"D80,D100,D72,D73,D74,D75,D76,D77,D78,D79,D106,D101,D102,D103,D104,D105","D76,D77,D78,D79,D101,D102,D103",AGUA/GAA
77675,5JUU,"A1119,A1128,A1129,A1130,A1131,A1132,A1133,A1134,A1111,A1112,A1113,A1114,A1115,A1116,A1117,A1118","A1113,A1114,A1115,A1116,A1130,A1131,A1132",AGUA/GAA
78083,5JVH,"X165,X185,X178,X179,X180,X181,X182,X183,X184,X171,X166,X167,X168,X169,X170","X181,X182,X183,X184,X166,X167,X168",AGUA/GAA
78094,5JVH,"X1282,X1994,X1995,X1996,X1997,X1998,X1999,X2000,X1275,X1276,X1277,X1278,X1279,X1280,X1281","X1278,X1279,X1280,X1281,X1995,X1996,X1997",AGUA/GAA
78114,5JVH,"X222,X230,X231,X232,X233,X234,X235,X236,X215,X216,X217,X218,X219,X220,X221","X218,X219,X220,X221,X231,X232,X233",AGUA/GAA
78251,5K0Y,"A1172,A1181,A1182,A1183,A1184,A1185,A1186,A1187,A1164,A1165,A1166,A1167,A1168,A1169,A1170,A1171","A1166,A1167,A1168,A1169,A1183,A1184,A1185",AGUA/GAA
78252,5K0Y,"A1164,A1187,A1165,A1166,A1167,A1168,A1169,A1170,A1171,A1172,A1181,A1182,A1183,A1184,A1185,A1186","A1166,A1167,A1168,A1169,A1183,A1184,A1185",AGUA/GAA
78368,5KCR,"A188,A208,A201,A202,A203,A204,A205,A206,A207,A194,A189,A190,A191,A192,A193","A204,A205,A206,A207,A189,A190,A191",AGUA/GAA
78369,5KCR,"A188,A208,A189,A190,A191,A192,A193,A194,A201,A202,A203,A204,A205,A206,A207","A204,A205,A206,A207,A189,A190,A191",AGUA/GAA
78383,5KCR,"A1262,A2017,A2011,A2012,A2013,A2014,A2015,A2016,A1269,A1263,A1264,A1265,A1266,A1267,A1268","A1265,A1266,A1267,A1268,A2012,A2013,A2014",AGUA/GAA
78384,5KCR,"A1269,A2011,A1262,A1263,A1264,A1265,A1266,A1267,A1268,A2017,A2012,A2013,A2014,A2015,A2016","A1265,A1266,A1267,A1268,A2012,A2013,A2014",AGUA/GAA
78430,5KCR,"A239,A258,A253,A254,A255,A256,A257,A245,A240,A241,A242,A243,A244","A241,A242,A243,A244,A254,A255,A256",AGUA/GAA
78552,5KCS,"A1262,A2017,A2011,A2012,A2013,A2014,A2015,A2016,A1269,A1263,A1264,A1265,A1266,A1267,A1268","A1265,A1266,A1267,A1268,A2012,A2013,A2014",AGUA/GAA
78553,5KCS,"A1269,A2011,A1262,A1263,A1264,A1265,A1266,A1267,A1268,A2017,A2012,A2013,A2014,A2015,A2016","A1265,A1266,A1267,A1268,A2012,A2013,A2014",AGUA/GAA
78757,5L3P,"A1262,A2017,A2011,A2012,A2013,A2014,A2015,A2016,A1269,A1263,A1264,A1265,A1266,A1267,A1268","A1265,A1266,A1267,A1268,A2012,A2013,A2014",AGUA/GAA
78758,5L3P,"A1269,A2011,A1262,A1263,A1264,A1265,A1266,A1267,A1268,A2017,A2012,A2013,A2014,A2015,A2016","A1265,A1266,A1267,A1268,A2012,A2013,A2014",AGUA/GAA
97622,5LZA,"X245,X253,X239,X240,X241,X242,X243,X244,X258,X254,X255,X256,X257","X241,X242,X243,X244,X254,X255,X256",AGUA/GAA
97734,5LZA,"X194,X201,X202,X203,X204,X205,X206,X207,X208,X188,X189,X190,X191,X192,X193","X204,X205,X206,X207,X189,X190,X191",AGUA/GAA
97863,5LZB,"Z194,Z201,Z202,Z203,Z204,Z205,Z206,Z207,Z208,Z188,Z189,Z190,Z191,Z192,Z193","Z204,Z205,Z206,Z207,Z189,Z190,Z191",AGUA/GAA
97996,5LZB,"Z1262,Z2017,Z2011,Z2012,Z2013,Z2014,Z2015,Z2016,Z1263,Z1264,Z1265,Z1266,Z1267,Z1268,Z1269","Z1265,Z1266,Z1267,Z1268,Z2012,Z2013,Z2014",AGUA/GAA
98152,5LZC,"Z194,Z201,Z202,Z203,Z204,Z205,Z206,Z207,Z208,Z188,Z189,Z190,Z191,Z192,Z193","Z204,Z205,Z206,Z207,Z189,Z190,Z191",AGUA/GAA
98271,5LZC,"Z239,Z258,Z253,Z254,Z255,Z256,Z257,Z240,Z241,Z242,Z243,Z244,Z245","Z241,Z242,Z243,Z244,Z254,Z255,Z256",AGUA/GAA
98287,5LZC,"Z1262,Z2017,Z2011,Z2012,Z2013,Z2014,Z2015,Z2016,Z1263,Z1264,Z1265,Z1266,Z1267,Z1268,Z1269","Z1265,Z1266,Z1267,Z1268,Z2012,Z2013,Z2014",AGUA/GAA
98440,5LZD,"Z194,Z201,Z202,Z203,Z204,Z205,Z206,Z207,Z208,Z188,Z189,Z190,Z191,Z192,Z193","Z204,Z205,Z206,Z207,Z189,Z190,Z191",AGUA/GAA
98561,5LZD,"Z239,Z258,Z253,Z254,Z255,Z256,Z257,Z240,Z241,Z242,Z243,Z244,Z245","Z241,Z242,Z243,Z244,Z254,Z255,Z256",AGUA/GAA
98576,5LZD,"Z1262,Z2017,Z2011,Z2012,Z2013,Z2014,Z2015,Z2016,Z1263,Z1264,Z1265,Z1266,Z1267,Z1268,Z1269","Z1265,Z1266,Z1267,Z1268,Z2012,Z2013,Z2014",AGUA/GAA
98863,5LZE,"Y245,Y253,Y239,Y240,Y241,Y242,Y243,Y244,Y254,Y255,Y256,Y257,Y258","Y241,Y242,Y243,Y244,Y254,Y255,Y256",AGUA/GAA
98864,5LZE,"Y239,Y258,Y253,Y254,Y255,Y256,Y257,Y245,Y240,Y241,Y242,Y243,Y244","Y241,Y242,Y243,Y244,Y254,Y255,Y256",AGUA/GAA
98865,5LZE,"Y1262,Y2017,Y2011,Y2012,Y2013,Y2014,Y2015,Y2016,Y1269,Y1263,Y1264,Y1265,Y1266,Y1267,Y1268","Y1265,Y1266,Y1267,Y1268,Y2012,Y2013,Y2014",AGUA/GAA
98920,5LZE,"Y194,Y201,Y188,Y189,Y190,Y191,Y192,Y193,Y202,Y203,Y204,Y205,Y206,Y207,Y208","Y204,Y205,Y206,Y207,Y189,Y190,Y191",AGUA/GAA
99155,5LZF,"Y245,Y253,Y239,Y240,Y241,Y242,Y243,Y244,Y254,Y255,Y256,Y257,Y258","Y241,Y242,Y243,Y244,Y254,Y255,Y256",AGUA/GAA
99156,5LZF,"Y239,Y258,Y253,Y254,Y255,Y256,Y257,Y245,Y240,Y241,Y242,Y243,Y244","Y241,Y242,Y243,Y244,Y254,Y255,Y256",AGUA/GAA
99157,5LZF,"Y1262,Y2017,Y2011,Y2012,Y2013,Y2014,Y2015,Y2016,Y1269,Y1263,Y1264,Y1265,Y1266,Y1267,Y1268","Y1265,Y1266,Y1267,Y1268,Y2012,Y2013,Y2014",AGUA/GAA
99210,5LZF,"Y194,Y201,Y188,Y189,Y190,Y191,Y192,Y193,Y202,Y203,Y204,Y205,Y206,Y207,Y208","Y204,Y205,Y206,Y207,Y189,Y190,Y191",AGUA/GAA
99393,5MDZ,"A188,A208,A189,A190,A191,A192,A193,A194,A201,A202,A203,A204,A205,A206,A207","A204,A205,A206,A207,A189,A190,A191",AGUA/GAA
99410,5MDZ,"A1262,A2017,A1263,A1264,A1265,A1266,A1267,A1268,A1269,A2011,A2012,A2013,A2014,A2015,A2016","A1265,A1266,A1267,A1268,A2012,A2013,A2014",AGUA/GAA
100099,5MEI,"B80,B100,B101,B102,B103,B104,B105,B106,B72,B73,B74,B75,B76,B77,B78,B79","B76,B77,B78,B79,B101,B102,B103",AGUA/GAA
100139,5MEI,"Y1111,Y1134,Y1128,Y1129,Y1130,Y1131,Y1132,Y1133,Y1119,Y1112,Y1113,Y1114,Y1115,Y1116,Y1117,Y1118","Y1113,Y1114,Y1115,Y1116,Y1130,Y1131,Y1132",AGUA/GAA
100217,5MGP,"A188,A208,A189,A190,A191,A192,A193,A194,A201,A202,A203,A204,A205,A206,A207","A204,A205,A206,A207,A189,A190,A191",AGUA/GAA
100235,5MGP,"A1262,A2017,A1263,A1264,A1265,A1266,A1267,A1268,A1269,A2011,A2012,A2013,A2014,A2015,A2016","A1265,A1266,A1267,A1268,A2012,A2013,A2014",AGUA/GAA
100513,5MLC,"A173,A193,A174,A175,A176,A177,A178,A179,A186,A187,A188,A189,A190,A191,A192","A189,A190,A191,A192,A174,A175,A176",AGUA/GAA
100521,5MLC,"A1290,A2025,A1283,A1284,A1285,A1286,A1287,A1288,A1289,A2031,A2026,A2027,A2028,A2029,A2030","A1286,A1287,A1288,A1289,A2026,A2027,A2028",AGUA/GAA
100724,5MMI,"A173,A193,A174,A175,A176,A177,A178,A179,A186,A187,A188,A189,A190,A191,A192","A189,A190,A191,A192,A174,A175,A176",AGUA/GAA
100732,5MMI,"A1290,A2025,A1283,A1284,A1285,A1286,A1287,A1288,A1289,A2031,A2026,A2027,A2028,A2029,A2030","A1286,A1287,A1288,A1289,A2026,A2027,A2028",AGUA/GAA
101035,5MMM,"I230,I238,I239,I240,I241,I242,I243,I244,I223,I224,I225,I226,I227,I228,I229","I226,I227,I228,I229,I239,I240,I241",AGUA/GAA
101056,5MMM,"I1290,I2025,I2026,I2027,I2028,I2029,I2030,I2031,I1283,I1284,I1285,I1286,I1287,I1288,I1289","I1286,I1287,I1288,I1289,I2026,I2027,I2028",AGUA/GAA
101197,5MRC,"A279,A298,A293,A294,A295,A296,A297,A285,A280,A281,A282,A283,A284","A281,A282,A283,A284,A294,A295,A296",AGUA/GAA
101198,5MRC,"A285,A293,A294,A295,A296,A297,A298,A279,A280,A281,A282,A283,A284","A281,A282,A283,A284,A294,A295,A296",AGUA/GAA
101222,5MRC,"A234,A241,A228,A229,A230,A231,A232,A233,A248,A242,A243,A244,A245,A246,A247","A244,A245,A246,A247,A229,A230,A231",AGUA/GAA
101334,5MRE,"A279,A298,A293,A294,A295,A296,A297,A285,A280,A281,A282,A283,A284","A281,A282,A283,A284,A294,A295,A296",AGUA/GAA
101335,5MRE,"A285,A293,A294,A295,A296,A297,A298,A279,A280,A281,A282,A283,A284","A281,A282,A283,A284,A294,A295,A296",AGUA/GAA
101358,5MRE,"A234,A241,A228,A229,A230,A231,A232,A233,A248,A242,A243,A244,A245,A246,A247","A244,A245,A246,A247,A229,A230,A231",AGUA/GAA
101468,5MRF,"A279,A298,A293,A294,A295,A296,A297,A285,A280,A281,A282,A283,A284","A281,A282,A283,A284,A294,A295,A296",AGUA/GAA
101469,5MRF,"A285,A293,A294,A295,A296,A297,A298,A279,A280,A281,A282,A283,A284","A281,A282,A283,A284,A294,A295,A296",AGUA/GAA
101492,5MRF,"A234,A241,A228,A229,A230,A231,A232,A233,A248,A242,A243,A244,A245,A246,A247","A244,A245,A246,A247,A229,A230,A231",AGUA/GAA
101859,5NCO,"C245,C253,C239,C240,C241,C242,C243,C244,C254,C255,C256,C257,C258","C241,C242,C243,C244,C254,C255,C256",AGUA/GAA
101877,5NCO,"C194,C201,C202,C203,C204,C205,C206,C207,C208,C188,C189,C190,C191,C192,C193","C204,C205,C206,C207,C189,C190,C191",AGUA/GAA
101883,5NCO,"C1262,C2017,C1263,C1264,C1265,C1266,C1267,C1268,C1269,C2011,C2012,C2013,C2014,C2015,C2016","C1265,C1266,C1267,C1268,C2012,C2013,C2014",AGUA/GAA
102737,5NDJ,"T178,T198,T179,T180,T181,T182,T183,T184,T191,T192,T193,T194,T195,T196,T197","T194,T195,T196,T197,T179,T180,T181",AGUA/GAA
102738,5NDJ,"T184,T191,T192,T193,T194,T195,T196,T197,T198,T178,T179,T180,T181,T182,T183","T194,T195,T196,T197,T179,T180,T181",AGUA/GAA
102780,5NDJ,"T1316,T2034,T2035,T2036,T2037,T2038,T2039,T2040,T1309,T1310,T1311,T1312,T1313,T1314,T1315","T1312,T1313,T1314,T1315,T2035,T2036,T2037",AGUA/GAA
102911,5NDJ,"T228,T249,T229,T230,T231,T232,T233,T234,T235,T243,T244,T245,T246,T247,T248","T231,T232,T233,T234,T244,T245,T246",AGUA/GAA
103122,5NDK,"T178,T198,T179,T180,T181,T182,T183,T184,T191,T192,T193,T194,T195,T196,T197","T194,T195,T196,T197,T179,T180,T181",AGUA/GAA
103123,5NDK,"T184,T191,T192,T193,T194,T195,T196,T197,T198,T178,T179,T180,T181,T182,T183","T194,T195,T196,T197,T179,T180,T181",AGUA/GAA
103164,5NDK,"T1316,T2034,T2035,T2036,T2037,T2038,T2039,T2040,T1309,T1310,T1311,T1312,T1313,T1314,T1315","T1312,T1313,T1314,T1315,T2035,T2036,T2037",AGUA/GAA
103293,5NDK,"T228,T249,T229,T230,T231,T232,T233,T234,T235,T243,T244,T245,T246,T247,T248","T231,T232,T233,T234,T244,T245,T246",AGUA/GAA
103532,5NDV,"A1444,A2359,A2354,A2355,A2356,A2357,A2358,A1450,A1445,A1446,A1447,A1448,A1449","A1446,A1447,A1448,A1449,A2355,A2356,A2357",AGUA/GAA
103576,5NDV,"A3025,A3030,A3031,A3032,A3033,A3034,A3035,A3036,A3018,A3019,A3020,A3021,A3022,A3023,A3024","A3021,A3022,A3023,A3024,A3031,A3032,A3033",AGUA/GAA
103603,5NDV,"A82,A103,A83,A84,A85,A86,A87,A88,A89,A97,A98,A99,A100,A101,A102","A85,A86,A87,A88,A98,A99,A100",AGUA/GAA
103727,5NDW,"A3025,A3030,A3031,A3032,A3033,A3034,A3035,A3036,A3018,A3019,A3020,A3021,A3022,A3023,A3024","A3021,A3022,A3023,A3024,A3031,A3032,A3033",AGUA/GAA
104019,5NGM,"W190,W212,W204,W205,W206,W207,W208,W209,W210,W211,W197,W191,W192,W193,W194,W195,W196","W207,W208,W209,W210,W192,W193,W194",AGUA/GAA
104033,5NGM,"W241,W262,W256,W257,W258,W259,W260,W261,W248,W242,W243,W244,W245,W246,W247","W244,W245,W246,W247,W257,W258,W259",AGUA/GAA
104350,5NJT,"U1300,U2044,U2037,U2038,U2039,U2040,U2041,U2042,U2043,U1301,U1302,U1303,U1304,U1305,U1306,U1307,U1308","U1303,U1304,U1305,U1306,U2039,U2040,U2041",AGUA/GAA
105192,5NRG,"X197,X204,X190,X191,X192,X193,X194,X195,X196,X205,X206,X207,X208,X209,X210,X211,X212","X207,X208,X209,X210,X192,X193,X194",AGUA/GAA
105230,5NRG,"X241,X262,X256,X257,X258,X259,X260,X261,X248,X242,X243,X244,X245,X246,X247","X244,X245,X246,X247,X257,X258,X259",AGUA/GAA
105686,5O60,"A238,A259,A253,A254,A255,A256,A257,A258,A245,A239,A240,A241,A242,A243,A244","A241,A242,A243,A244,A254,A255,A256",AGUA/GAA
105719,5O60,"A1377,A2241,A2235,A2236,A2237,A2238,A2239,A2240,A1378,A1379,A1380,A1381,A1382,A1383,A1384","A1380,A1381,A1382,A1383,A2236,A2237,A2238",AGUA/GAA
105720,5O60,"A1377,A2241,A2235,A2236,A2237,A2238,A2239,A2240,A1384,A1378,A1379,A1380,A1381,A1382,A1383","A1380,A1381,A1382,A1383,A2236,A2237,A2238",AGUA/GAA
105785,5O60,"A193,A200,A201,A202,A203,A204,A205,A206,A207,A187,A188,A189,A190,A191,A192","A203,A204,A205,A206,A188,A189,A190",AGUA/GAA
105854,5O61,"B238,B259,B239,B240,B241,B242,B243,B244,B245,B253,B254,B255,B256,B257,B258","B241,B242,B243,B244,B254,B255,B256",AGUA/GAA
105855,5O61,"B238,B259,B253,B254,B255,B256,B257,B258,B245,B239,B240,B241,B242,B243,B244","B241,B242,B243,B244,B254,B255,B256",AGUA/GAA
105875,5O61,"B193,B200,B187,B188,B189,B190,B191,B192,B207,B201,B202,B203,B204,B205,B206","B203,B204,B205,B206,B188,B189,B190",AGUA/GAA
105900,5O61,"B1377,B2241,B2235,B2236,B2237,B2238,B2239,B2240,B1384,B1378,B1379,B1380,B1381,B1382,B1383","B1380,B1381,B1382,B1383,B2236,B2237,B2238",AGUA/GAA
106151,5OBM,"A1444,A2359,A2354,A2355,A2356,A2357,A2358,A1450,A1445,A1446,A1447,A1448,A1449","A1446,A1447,A1448,A1449,A2355,A2356,A2357",AGUA/GAA
106215,5OBM,"B80,B100,B101,B102,B103,B104,B105,B106,B72,B73,B74,B75,B76,B77,B78,B79","B76,B77,B78,B79,B101,B102,B103",AGUA/GAA
106225,5OBM,"A82,A103,A83,A84,A85,A86,A87,A88,A89,A97,A98,A99,A100,A101,A102","A85,A86,A87,A88,A98,A99,A100",AGUA/GAA
106458,5ON6,"A1444,A2359,A2354,A2355,A2356,A2357,A2358,A1450,A1445,A1446,A1447,A1448,A1449","A1446,A1447,A1448,A1449,A2355,A2356,A2357",AGUA/GAA
106517,5ON6,"A3025,A3030,A3031,A3032,A3033,A3034,A3035,A3036,A3018,A3019,A3020,A3021,A3022,A3023,A3024","A3021,A3022,A3023,A3024,A3031,A3032,A3033",AGUA/GAA
106549,5ON6,"B80,B100,B101,B102,B103,B104,B105,B106,B72,B73,B74,B75,B76,B77,B78,B79","B76,B77,B78,B79,B101,B102,B103",AGUA/GAA
106559,5ON6,"A82,A103,A83,A84,A85,A86,A87,A88,A89,A97,A98,A99,A100,A101,A102","A85,A86,A87,A88,A98,A99,A100",AGUA/GAA
106588,5ON6,"Y1111,Y1134,Y1128,Y1129,Y1130,Y1131,Y1132,Y1133,Y1119,Y1112,Y1113,Y1114,Y1115,Y1116,Y1117,Y1118","Y1113,Y1114,Y1115,Y1116,Y1130,Y1131,Y1132",AGUA/GAA
106640,5OOL,"A1745,A1753,A1739,A1740,A1741,A1742,A1743,A1744,A1754,A1755,A1756,A1757,A1758","A1741,A1742,A1743,A1744,A1754,A1755,A1756",AGUA/GAA
106678,5OOL,"A2306,A2680,A2307,A2308,A2309,A2310,A2311,A2312,A2313,A2674,A2675,A2676,A2677,A2678,A2679","A2309,A2310,A2311,A2312,A2675,A2676,A2677",AGUA/GAA
106703,5OOM,"A1745,A1753,A1739,A1740,A1741,A1742,A1743,A1744,A1754,A1755,A1756,A1757,A1758","A1741,A1742,A1743,A1744,A1754,A1755,A1756",AGUA/GAA
107080,5OT7,"D229,D237,D238,D239,D240,D241,D242,D243,D222,D223,D224,D225,D226,D227,D228","D225,D226,D227,D228,D238,D239,D240",AGUA/GAA
107467,5T5H,"D72,D103,D73,D74,D75,D76,D77,D78,D98,D99,D100,D101,D102","D74,D75,D76,D77,D99,D100,D101",AGUA/GAA
107578,5T62,"C80,C100,C101,C102,C103,C104,C105,C106,C72,C73,C74,C75,C76,C77,C78,C79","C76,C77,C78,C79,C101,C102,C103",AGUA/GAA
107670,5T62,"B1444,B2359,B2354,B2355,B2356,B2357,B2358,B1450,B1445,B1446,B1447,B1448,B1449","B1446,B1447,B1448,B1449,B2355,B2356,B2357",AGUA/GAA
107671,5T62,"B1444,B2359,B2354,B2355,B2356,B2357,B2358,B1445,B1446,B1447,B1448,B1449,B1450","B1446,B1447,B1448,B1449,B2355,B2356,B2357",AGUA/GAA
107695,5T62,"B89,B97,B82,B83,B84,B85,B86,B87,B88,B98,B99,B100,B101,B102,B103","B85,B86,B87,B88,B98,B99,B100",AGUA/GAA
107696,5T62,"B89,B97,B82,B83,B84,B85,B86,B87,B88,B103,B98,B99,B100,B101,B102","B85,B86,B87,B88,B98,B99,B100",AGUA/GAA
108256,5TBW,"A2771,A2789,A2783,A2784,A2785,A2786,A2787,A2788,A2778,A2772,A2773,A2774,A2775,A2776,A2777","A2774,A2775,A2776,A2777,A2784,A2785,A2786",AGUA/GAA
108316,5TBW,"A80,A101,A81,A82,A83,A84,A85,A86,A87,A95,A96,A97,A98,A99,A100","A83,A84,A85,A86,A96,A97,A98",AGUA/GAA
108327,5TBW,"A1395,A2162,A1389,A1390,A1391,A1392,A1393,A1394,A2163,A2164,A2165,A2166,A2167","A1391,A1392,A1393,A1394,A2163,A2164,A2165",AGUA/GAA
108341,5TBW,"B80,B100,B101,B102,B103,B104,B105,B106,B72,B73,B74,B75,B76,B77,B78,B79","B76,B77,B78,B79,B101,B102,B103",AGUA/GAA
108717,5TGA,"A1111,A1134,A1112,A1113,A1114,A1115,A1116,A1117,A1118,A1119,A1128,A1129,A1130,A1131,A1132,A1133","A1113,A1114,A1115,A1116,A1130,A1131,A1132",AGUA/GAA
108718,5TGA,"A1119,A1128,A1111,A1112,A1113,A1114,A1115,A1116,A1117,A1118,A1134,A1129,A1130,A1131,A1132,A1133","A1113,A1114,A1115,A1116,A1130,A1131,A1132",AGUA/GAA
108860,5TGM,"A1102,A1111,A1094,A1095,A1096,A1097,A1098,A1099,A1100,A1101,A1117,A1112,A1113,A1114,A1115,A1116","A1096,A1097,A1098,A1099,A1113,A1114,A1115",AGUA/GAA
108962,5U4I,"A188,A208,A189,A190,A191,A192,A193,A194,A201,A202,A203,A204,A205,A206,A207","A204,A205,A206,A207,A189,A190,A191",AGUA/GAA
108973,5U4I,"A1262,A2017,A1263,A1264,A1265,A1266,A1267,A1268,A1269,A2011,A2012,A2013,A2014,A2015,A2016","A1265,A1266,A1267,A1268,A2012,A2013,A2014",AGUA/GAA
109034,5U4I,"A239,A258,A240,A241,A242,A243,A244,A245,A253,A254,A255,A256,A257","A241,A242,A243,A244,A254,A255,A256",AGUA/GAA
109118,5U4J,"a887,a910,a903,a904,a905,a906,a907,a908,a909,a896,a888,a889,a890,a891,a892,a893,a894,a895","a889,a890,a891,a892,a906,a907,a908",AGUA/AAA
109262,5U9F,"B1262,B2017,B2011,B2012,B2013,B2014,B2015,B2016,B1263,B1264,B1265,B1266,B1267,B1268,B1269","B1265,B1266,B1267,B1268,B2012,B2013,B2014",AGUA/GAA
109575,5U9G,"B1262,B2017,B2011,B2012,B2013,B2014,B2015,B2016,B1263,B1264,B1265,B1266,B1267,B1268,B1269","B1265,B1266,B1267,B1268,B2012,B2013,B2014",AGUA/GAA
109703,5U9G,"B194,B201,B188,B189,B190,B191,B192,B193,B202,B203,B204,B205,B206,B207,B208","B204,B205,B206,B207,B189,B190,B191",AGUA/GAA
109846,5UMD,"B78,B98,B99,B100,B101,B102,B103,B104,B71,B72,B73,B74,B75,B76,B77","B74,B75,B76,B77,B99,B100,B101",AGUA/GAA
109847,5UMD,"B78,B98,B71,B72,B73,B74,B75,B76,B77,B104,B99,B100,B101,B102,B103","B74,B75,B76,B77,B99,B100,B101",AGUA/GAA
109878,5UMD,"A1599,A2647,A1593,A1594,A1595,A1596,A1597,A1598,A2652,A2648,A2649,A2650,A2651","A1595,A1596,A1597,A1598,A2648,A2649,A2650",AGUA/GAA
109886,5UMD,"A82,A103,A83,A84,A85,A86,A87,A88,A89,A97,A98,A99,A100,A101,A102","A85,A86,A87,A88,A98,A99,A100",AGUA/GAA
110010,5UQ7,"A182,A189,A190,A191,A192,A193,A194,A195,A196,A176,A177,A178,A179,A180,A181","A192,A193,A194,A195,A177,A178,A179",AGUA/GAA
110011,5UQ7,"A176,A196,A189,A190,A191,A192,A193,A194,A195,A182,A177,A178,A179,A180,A181","A192,A193,A194,A195,A177,A178,A179",AGUA/GAA
110027,5UQ7,"A1314,A2032,A1307,A1308,A1309,A1310,A1311,A1312,A1313,A2038,A2033,A2034,A2035,A2036,A2037","A1310,A1311,A1312,A1313,A2033,A2034,A2035",AGUA/GAA
110028,5UQ7,"A1314,A2032,A2033,A2034,A2035,A2036,A2037,A2038,A1307,A1308,A1309,A1310,A1311,A1312,A1313","A1310,A1311,A1312,A1313,A2033,A2034,A2035",AGUA/GAA
110052,5UQ7,"A233,A241,A226,A227,A228,A229,A230,A231,A232,A247,A242,A243,A244,A245,A246","A229,A230,A231,A232,A242,A243,A244",AGUA/GAA
110194,5UQ8,"A182,A189,A190,A191,A192,A193,A194,A195,A196,A176,A177,A178,A179,A180,A181","A192,A193,A194,A195,A177,A178,A179",AGUA/GAA
110195,5UQ8,"A176,A196,A189,A190,A191,A192,A193,A194,A195,A182,A177,A178,A179,A180,A181","A192,A193,A194,A195,A177,A178,A179",AGUA/GAA
110212,5UQ8,"A1314,A2032,A1307,A1308,A1309,A1310,A1311,A1312,A1313,A2038,A2033,A2034,A2035,A2036,A2037","A1310,A1311,A1312,A1313,A2033,A2034,A2035",AGUA/GAA
110213,5UQ8,"A1314,A2032,A2033,A2034,A2035,A2036,A2037,A2038,A1307,A1308,A1309,A1310,A1311,A1312,A1313","A1310,A1311,A1312,A1313,A2033,A2034,A2035",AGUA/GAA
110236,5UQ8,"A233,A241,A226,A227,A228,A229,A230,A231,A232,A247,A242,A243,A244,A245,A246","A229,A230,A231,A232,A242,A243,A244",AGUA/GAA
110781,5V8I,"A184,A191,A192,A193,A194,A195,A196,A197,A198,A178,A179,A180,A181,A182,A183","A194,A195,A196,A197,A179,A180,A181",AGUA/GAA
111087,5VP2,"A182,A189,A190,A191,A192,A193,A194,A195,A196,A176,A177,A178,A179,A180,A181","A192,A193,A194,A195,A177,A178,A179",AGUA/GAA
111088,5VP2,"A176,A196,A189,A190,A191,A192,A193,A194,A195,A182,A177,A178,A179,A180,A181","A192,A193,A194,A195,A177,A178,A179",AGUA/GAA
111163,5VP2,"A1314,A2032,A1307,A1308,A1309,A1310,A1311,A1312,A1313,A2038,A2033,A2034,A2035,A2036,A2037","A1310,A1311,A1312,A1313,A2033,A2034,A2035",AGUA/GAA
111164,5VP2,"A1314,A2032,A2033,A2034,A2035,A2036,A2037,A2038,A1307,A1308,A1309,A1310,A1311,A1312,A1313","A1310,A1311,A1312,A1313,A2033,A2034,A2035",AGUA/GAA
111336,5VPO,"X176,X196,X177,X178,X179,X180,X181,X182,X189,X190,X191,X192,X193,X194,X195","X192,X193,X194,X195,X177,X178,X179",AGUA/GAA
111427,5VPO,"X233,X241,X242,X243,X244,X245,X246,X247,X226,X227,X228,X229,X230,X231,X232","X229,X230,X231,X232,X242,X243,X244",AGUA/GAA
111473,5VPO,"X1314,X2032,X2033,X2034,X2035,X2036,X2037,X2038,X1307,X1308,X1309,X1310,X1311,X1312,X1313","X1310,X1311,X1312,X1313,X2033,X2034,X2035",AGUA/GAA
111474,5VPO,"X1307,X2038,X2032,X2033,X2034,X2035,X2036,X2037,X1314,X1308,X1309,X1310,X1311,X1312,X1313","X1310,X1311,X1312,X1313,X2033,X2034,X2035",AGUA/GAA
111555,5VPP,"A182,A189,A190,A191,A192,A193,A194,A195,A196,A176,A177,A178,A179,A180,A181","A192,A193,A194,A195,A177,A178,A179",AGUA/GAA
111556,5VPP,"A176,A196,A189,A190,A191,A192,A193,A194,A195,A182,A177,A178,A179,A180,A181","A192,A193,A194,A195,A177,A178,A179",AGUA/GAA
111568,5VPP,"A233,A241,A226,A227,A228,A229,A230,A231,A232,A247,A242,A243,A244,A245,A246","A229,A230,A231,A232,A242,A243,A244",AGUA/GAA
111764,5W4K,"A182,A189,A190,A191,A192,A193,A194,A195,A196,A176,A177,A178,A179,A180,A181","A192,A193,A194,A195,A177,A178,A179",AGUA/GAA
111765,5W4K,"A176,A196,A189,A190,A191,A192,A193,A194,A195,A182,A177,A178,A179,A180,A181","A192,A193,A194,A195,A177,A178,A179",AGUA/GAA
111776,5W4K,"A233,A241,A226,A227,A228,A229,A230,A231,A232,A247,A242,A243,A244,A245,A246","A229,A230,A231,A232,A242,A243,A244",AGUA/GAA
111962,5WDT,"A1262,A2017,A1263,A1264,A1265,A1266,A1267,A1268,A1269,A2011,A2012,A2013,A2014,A2015,A2016","A1265,A1266,A1267,A1268,A2012,A2013,A2014",AGUA/GAA
112015,5WDT,"A239,A258,A240,A241,A242,A243,A244,A245,A253,A254,A255,A256,A257","A241,A242,A243,A244,A254,A255,A256",AGUA/GAA
112143,5WE4,"A188,A208,A189,A190,A191,A192,A193,A194,A201,A202,A203,A204,A205,A206,A207","A204,A205,A206,A207,A189,A190,A191",AGUA/GAA
112156,5WE4,"A1262,A2017,A1263,A1264,A1265,A1266,A1267,A1268,A1269,A2011,A2012,A2013,A2014,A2015,A2016","A1265,A1266,A1267,A1268,A2012,A2013,A2014",AGUA/GAA
112210,5WE4,"A239,A258,A240,A241,A242,A243,A244,A245,A253,A254,A255,A256,A257","A241,A242,A243,A244,A254,A255,A256",AGUA/GAA
112348,5WE6,"A1262,A2017,A1263,A1264,A1265,A1266,A1267,A1268,A1269,A2011,A2012,A2013,A2014,A2015,A2016","A1265,A1266,A1267,A1268,A2012,A2013,A2014",AGUA/GAA
112404,5WE6,"A239,A258,A240,A241,A242,A243,A244,A245,A253,A254,A255,A256,A257","A241,A242,A243,A244,A254,A255,A256",AGUA/GAA
112534,5WF0,"A188,A208,A189,A190,A191,A192,A193,A194,A201,A202,A203,A204,A205,A206,A207","A204,A205,A206,A207,A189,A190,A191",AGUA/GAA
112548,5WF0,"A1262,A2017,A1263,A1264,A1265,A1266,A1267,A1268,A1269,A2011,A2012,A2013,A2014,A2015,A2016","A1265,A1266,A1267,A1268,A2012,A2013,A2014",AGUA/GAA
112601,5WF0,"A239,A258,A240,A241,A242,A243,A244,A245,A253,A254,A255,A256,A257","A241,A242,A243,A244,A254,A255,A256",AGUA/GAA
112725,5WFK,"A188,A208,A189,A190,A191,A192,A193,A194,A201,A202,A203,A204,A205,A206,A207","A204,A205,A206,A207,A189,A190,A191",AGUA/GAA
112739,5WFK,"A1262,A2017,A1263,A1264,A1265,A1266,A1267,A1268,A1269,A2011,A2012,A2013,A2014,A2015,A2016","A1265,A1266,A1267,A1268,A2012,A2013,A2014",AGUA/GAA
112792,5WFK,"A239,A258,A240,A241,A242,A243,A244,A245,A253,A254,A255,A256,A257","A241,A242,A243,A244,A254,A255,A256",AGUA/GAA
112912,5WFS,"A188,A208,A189,A190,A191,A192,A193,A194,A201,A202,A203,A204,A205,A206,A207","A204,A205,A206,A207,A189,A190,A191",AGUA/GAA
112927,5WFS,"A1262,A2017,A1263,A1264,A1265,A1266,A1267,A1268,A1269,A2011,A2012,A2013,A2014,A2015,A2016","A1265,A1266,A1267,A1268,A2012,A2013,A2014",AGUA/GAA
112978,5WFS,"A239,A258,A240,A241,A242,A243,A244,A245,A253,A254,A255,A256,A257","A241,A242,A243,A244,A254,A255,A256",AGUA/GAA
113094,5WIS,"A233,A241,A226,A227,A228,A229,A230,A231,A232,A247,A242,A243,A244,A245,A246","A229,A230,A231,A232,A242,A243,A244",AGUA/GAA
113158,5WIS,"A1314,A2032,A1307,A1308,A1309,A1310,A1311,A1312,A1313,A2038,A2033,A2034,A2035,A2036,A2037","A1310,A1311,A1312,A1313,A2033,A2034,A2035",AGUA/GAA
113159,5WIS,"A1314,A2032,A2033,A2034,A2035,A2036,A2037,A2038,A1307,A1308,A1309,A1310,A1311,A1312,A1313","A1310,A1311,A1312,A1313,A2033,A2034,A2035",AGUA/GAA
113254,5WIT,"A182,A189,A190,A191,A192,A193,A194,A195,A196,A176,A177,A178,A179,A180,A181","A192,A193,A194,A195,A177,A178,A179",AGUA/GAA
113255,5WIT,"A176,A196,A189,A190,A191,A192,A193,A194,A195,A182,A177,A178,A179,A180,A181","A192,A193,A194,A195,A177,A178,A179",AGUA/GAA
113266,5WIT,"A233,A241,A226,A227,A228,A229,A230,A231,A232,A247,A242,A243,A244,A245,A246","A229,A230,A231,A232,A242,A243,A244",AGUA/GAA
113328,5WIT,"A1314,A2032,A1307,A1308,A1309,A1310,A1311,A1312,A1313,A2038,A2033,A2034,A2035,A2036,A2037","A1310,A1311,A1312,A1313,A2033,A2034,A2035",AGUA/GAA
113329,5WIT,"A1314,A2032,A2033,A2034,A2035,A2036,A2037,A2038,A1307,A1308,A1309,A1310,A1311,A1312,A1313","A1310,A1311,A1312,A1313,A2033,A2034,A2035",AGUA/GAA
114415,5X8T,"A230,A238,A223,A224,A225,A226,A227,A228,A229,A244,A239,A240,A241,A242,A243","A226,A227,A228,A229,A239,A240,A241",AGUA/GAA
114495,5X8T,"A173,A193,A174,A175,A176,A177,A178,A179,A186,A187,A188,A189,A190,A191,A192","A189,A190,A191,A192,A174,A175,A176",AGUA/GAA
114501,5X8T,"A1290,A2025,A1283,A1284,A1285,A1286,A1287,A1288,A1289,A2031,A2026,A2027,A2028,A2029,A2030","A1286,A1287,A1288,A1289,A2026,A2027,A2028",AGUA/GAA
114654,5XXB,"A1547,A2467,A1541,A1542,A1543,A1544,A1545,A1546,A2472,A2468,A2469,A2470,A2471","A1543,A1544,A1545,A1546,A2468,A2469,A2470",AGUA/GAA
114655,5XXB,"A1541,A2472,A1542,A1543,A1544,A1545,A1546,A1547,A2467,A2468,A2469,A2470,A2471","A1543,A1544,A1545,A1546,A2468,A2469,A2470",AGUA/GAA
114743,5XXB,"A82,A103,A83,A84,A85,A86,A87,A88,A89,A97,A98,A99,A100,A101,A102","A85,A86,A87,A88,A98,A99,A100",AGUA/GAA
114894,5XY3,"A80,A101,A81,A82,A83,A84,A85,A86,A87,A88,A94,A95,A96,A97,A98,A99,A100","A83,A84,A85,A86,A96,A97,A98",AGUA/GAA
114923,5XY3,"A1163,A1872,A1157,A1158,A1159,A1160,A1161,A1162,A1877,A1873,A1874,A1875,A1876","A1159,A1160,A1161,A1162,A1873,A1874,A1875",AGUA/GAA
115036,5XYM,"A1380,A2244,A1381,A1382,A1383,A1384,A1385,A1386,A1387,A2238,A2239,A2240,A2241,A2242,A2243","A1383,A1384,A1385,A1386,A2239,A2240,A2241",AGUA/GAA
115101,5XYM,"A196,A203,A190,A191,A192,A193,A194,A195,A204,A205,A206,A207,A208,A209,A210","A206,A207,A208,A209,A191,A192,A193",AGUA/GAA
115104,5XYM,"A241,A262,A242,A243,A244,A245,A246,A247,A248,A256,A257,A258,A259,A260,A261","A244,A245,A246,A247,A257,A258,A259",AGUA/GAA
115867,5ZET,"A238,A259,A253,A254,A255,A256,A257,A258,A245,A239,A240,A241,A242,A243,A244","A241,A242,A243,A244,A254,A255,A256",AGUA/GAA
115901,5ZET,"A1377,A2241,A2235,A2236,A2237,A2238,A2239,A2240,A1378,A1379,A1380,A1381,A1382,A1383,A1384","A1380,A1381,A1382,A1383,A2236,A2237,A2238",AGUA/GAA
115902,5ZET,"A1377,A2241,A2235,A2236,A2237,A2238,A2239,A2240,A1384,A1378,A1379,A1380,A1381,A1382,A1383","A1380,A1381,A1382,A1383,A2236,A2237,A2238",AGUA/GAA
115962,5ZET,"A193,A200,A201,A202,A203,A204,A205,A206,A207,A187,A188,A189,A190,A191,A192","A203,A204,A205,A206,A188,A189,A190",AGUA/GAA
117066,6B4V,"B174,B194,B187,B188,B189,B190,B191,B192,B193,B180,B175,B176,B177,B178,B179","B190,B191,B192,B193,B175,B176,B177",AGUA/GAA
117138,6B4V,"B224,B245,B239,B240,B241,B242,B243,B244,B231,B225,B226,B227,B228,B229,B230","B227,B228,B229,B230,B240,B241,B242",AGUA/GAA
117387,6BOH,"B174,B194,B187,B188,B189,B190,B191,B192,B193,B180,B175,B176,B177,B178,B179","B190,B191,B192,B193,B175,B176,B177",AGUA/GAA
117465,6BOH,"B224,B245,B239,B240,B241,B242,B243,B244,B231,B225,B226,B227,B228,B229,B230","B227,B228,B229,B230,B240,B241,B242",AGUA/GAA
117484,6BOH,"B1290,B2007,B2008,B2009,B2010,B2011,B2012,B2013,B1283,B1284,B1285,B1286,B1287,B1288,B1289","B1286,B1287,B1288,B1289,B2008,B2009,B2010",AGUA/GAA
117684,6BOK,"B174,B194,B187,B188,B189,B190,B191,B192,B193,B180,B175,B176,B177,B178,B179","B190,B191,B192,B193,B175,B176,B177",AGUA/GAA
117773,6BOK,"B1290,B2007,B2008,B2009,B2010,B2011,B2012,B2013,B1283,B1284,B1285,B1286,B1287,B1288,B1289","B1286,B1287,B1288,B1289,B2008,B2009,B2010",AGUA/GAA
117944,6BUW,"X176,X196,X177,X178,X179,X180,X181,X182,X189,X190,X191,X192,X193,X194,X195","X192,X193,X194,X195,X177,X178,X179",AGUA/GAA
118378,6BZ6,"X1314,X2032,X2033,X2034,X2035,X2036,X2037,X2038,X1307,X1308,X1309,X1310,X1311,X1312,X1313","X1310,X1311,X1312,X1313,X2033,X2034,X2035",AGUA/GAA
118379,6BZ6,"X1307,X2038,X2032,X2033,X2034,X2035,X2036,X2037,X1314,X1308,X1309,X1310,X1311,X1312,X1313","X1310,X1311,X1312,X1313,X2033,X2034,X2035",AGUA/GAA
118477,6BZ7,"Z1307,Z2038,Z2032,Z2033,Z2034,Z2035,Z2036,Z2037,Z1314,Z1308,Z1309,Z1310,Z1311,Z1312,Z1313","Z1310,Z1311,Z1312,Z1313,Z2033,Z2034,Z2035",AGUA/GAA
118478,6BZ7,"Z1307,Z2038,Z1308,Z1309,Z1310,Z1311,Z1312,Z1313,Z1314,Z2032,Z2033,Z2034,Z2035,Z2036,Z2037","Z1310,Z1311,Z1312,Z1313,Z2033,Z2034,Z2035",AGUA/GAA
118558,6BZ7,"Z176,Z196,Z189,Z190,Z191,Z192,Z193,Z194,Z195,Z182,Z177,Z178,Z179,Z180,Z181","Z192,Z193,Z194,Z195,Z177,Z178,Z179",AGUA/GAA
118749,6BZ8,"Z1307,Z2038,Z2032,Z2033,Z2034,Z2035,Z2036,Z2037,Z1314,Z1308,Z1309,Z1310,Z1311,Z1312,Z1313","Z1310,Z1311,Z1312,Z1313,Z2033,Z2034,Z2035",AGUA/GAA
118750,6BZ8,"Z1307,Z2038,Z1308,Z1309,Z1310,Z1311,Z1312,Z1313,Z1314,Z2032,Z2033,Z2034,Z2035,Z2036,Z2037","Z1310,Z1311,Z1312,Z1313,Z2033,Z2034,Z2035",AGUA/GAA
119064,6C4I,"A188,A208,A189,A190,A191,A192,A193,A194,A201,A202,A203,A204,A205,A206,A207","A204,A205,A206,A207,A189,A190,A191",AGUA/GAA
119080,6C4I,"A1262,A2017,A1263,A1264,A1265,A1266,A1267,A1268,A1269,A2011,A2012,A2013,A2014,A2015,A2016","A1265,A1266,A1267,A1268,A2012,A2013,A2014",AGUA/GAA
119138,6C4I,"A239,A258,A240,A241,A242,A243,A244,A245,A253,A254,A255,A256,A257","A241,A242,A243,A244,A254,A255,A256",AGUA/GAA
119351,6CAE,"A182,A189,A190,A191,A192,A193,A194,A195,A196,A176,A177,A178,A179,A180,A181","A192,A193,A194,A195,A177,A178,A179",AGUA/GAA
119352,6CAE,"A176,A196,A189,A190,A191,A192,A193,A194,A195,A182,A177,A178,A179,A180,A181","A192,A193,A194,A195,A177,A178,A179",AGUA/GAA
119363,6CAE,"A233,A241,A226,A227,A228,A229,A230,A231,A232,A247,A242,A243,A244,A245,A246","A229,A230,A231,A232,A242,A243,A244",AGUA/GAA
119428,6CAE,"A1314,A2032,A1307,A1308,A1309,A1310,A1311,A1312,A1313,A2038,A2033,A2034,A2035,A2036,A2037","A1310,A1311,A1312,A1313,A2033,A2034,A2035",AGUA/GAA
119429,6CAE,"A1314,A2032,A2033,A2034,A2035,A2036,A2037,A2038,A1307,A1308,A1309,A1310,A1311,A1312,A1313","A1310,A1311,A1312,A1313,A2033,A2034,A2035",AGUA/GAA
119977,6CFJ,"A182,A189,A190,A191,A192,A193,A194,A195,A196,A176,A177,A178,A179,A180,A181","A192,A193,A194,A195,A177,A178,A179",AGUA/GAA
119978,6CFJ,"A176,A196,A189,A190,A191,A192,A193,A194,A195,A182,A177,A178,A179,A180,A181","A192,A193,A194,A195,A177,A178,A179",AGUA/GAA
119991,6CFJ,"A233,A241,A226,A227,A228,A229,A230,A231,A232,A247,A242,A243,A244,A245,A246","A229,A230,A231,A232,A242,A243,A244",AGUA/GAA
120058,6CFJ,"A1314,A2032,A1307,A1308,A1309,A1310,A1311,A1312,A1313,A2038,A2033,A2034,A2035,A2036,A2037","A1310,A1311,A1312,A1313,A2033,A2034,A2035",AGUA/GAA
120059,6CFJ,"A1314,A2032,A2033,A2034,A2035,A2036,A2037,A2038,A1307,A1308,A1309,A1310,A1311,A1312,A1313","A1310,A1311,A1312,A1313,A2033,A2034,A2035",AGUA/GAA
120159,6CFK,"A182,A189,A190,A191,A192,A193,A194,A195,A196,A176,A177,A178,A179,A180,A181","A192,A193,A194,A195,A177,A178,A179",AGUA/GAA
120160,6CFK,"A176,A196,A189,A190,A191,A192,A193,A194,A195,A182,A177,A178,A179,A180,A181","A192,A193,A194,A195,A177,A178,A179",AGUA/GAA
120172,6CFK,"A233,A241,A226,A227,A228,A229,A230,A231,A232,A247,A242,A243,A244,A245,A246","A229,A230,A231,A232,A242,A243,A244",AGUA/GAA
120236,6CFK,"A1314,A2032,A1307,A1308,A1309,A1310,A1311,A1312,A1313,A2038,A2033,A2034,A2035,A2036,A2037","A1310,A1311,A1312,A1313,A2033,A2034,A2035",AGUA/GAA
120237,6CFK,"A1314,A2032,A2033,A2034,A2035,A2036,A2037,A2038,A1307,A1308,A1309,A1310,A1311,A1312,A1313","A1310,A1311,A1312,A1313,A2033,A2034,A2035",AGUA/GAA
120335,6CFL,"A182,A189,A190,A191,A192,A193,A194,A195,A196,A176,A177,A178,A179,A180,A181","A192,A193,A194,A195,A177,A178,A179",AGUA/GAA
120336,6CFL,"A176,A196,A189,A190,A191,A192,A193,A194,A195,A182,A177,A178,A179,A180,A181","A192,A193,A194,A195,A177,A178,A179",AGUA/GAA
120347,6CFL,"A233,A241,A226,A227,A228,A229,A230,A231,A232,A247,A242,A243,A244,A245,A246","A229,A230,A231,A232,A242,A243,A244",AGUA/GAA
120410,6CFL,"A1314,A2032,A1307,A1308,A1309,A1310,A1311,A1312,A1313,A2038,A2033,A2034,A2035,A2036,A2037","A1310,A1311,A1312,A1313,A2033,A2034,A2035",AGUA/GAA
120411,6CFL,"A1314,A2032,A2033,A2034,A2035,A2036,A2037,A2038,A1307,A1308,A1309,A1310,A1311,A1312,A1313","A1310,A1311,A1312,A1313,A2033,A2034,A2035",AGUA/GAA
122127,6ELZ,"A82,A103,A83,A84,A85,A86,A87,A88,A89,A97,A98,A99,A100,A101,A102","A85,A86,A87,A88,A98,A99,A100",AGUA/GAA
122325,6ENF,"W194,W201,W188,W189,W190,W191,W192,W193,W208,W202,W203,W204,W205,W206,W207","W204,W205,W206,W207,W189,W190,W191",AGUA/GAA
122374,6ENF,"W239,W258,W240,W241,W242,W243,W244,W245,W253,W254,W255,W256,W257","W241,W242,W243,W244,W254,W255,W256",AGUA/GAA
122418,6ENF,"W1269,W2011,W1262,W1263,W1264,W1265,W1266,W1267,W1268,W2017,W2012,W2013,W2014,W2015,W2016","W1265,W1266,W1267,W1268,W2012,W2013,W2014",AGUA/GAA
122433,6ENF,"W1269,W2011,W2012,W2013,W2014,W2015,W2016,W2017,W1262,W1263,W1264,W1265,W1266,W1267,W1268","W1265,W1266,W1267,W1268,W2012,W2013,W2014",AGUA/GAA
122516,6ENJ,"A188,A208,A189,A190,A191,A192,A193,A194,A201,A202,A203,A204,A205,A206,A207","A204,A205,A206,A207,A189,A190,A191",AGUA/GAA
122536,6ENJ,"A1262,A2017,A1263,A1264,A1265,A1266,A1267,A1268,A1269,A2011,A2012,A2013,A2014,A2015,A2016","A1265,A1266,A1267,A1268,A2012,A2013,A2014",AGUA/GAA
122604,6ENJ,"A239,A258,A240,A241,A242,A243,A244,A245,A253,A254,A255,A256,A257","A241,A242,A243,A244,A254,A255,A256",AGUA/GAA
122822,6ENU,"W194,W201,W188,W189,W190,W191,W192,W193,W208,W202,W203,W204,W205,W206,W207","W204,W205,W206,W207,W189,W190,W191",AGUA/GAA
122872,6ENU,"W239,W258,W240,W241,W242,W243,W244,W245,W253,W254,W255,W256,W257","W241,W242,W243,W244,W254,W255,W256",AGUA/GAA
122917,6ENU,"W1269,W2011,W1262,W1263,W1264,W1265,W1266,W1267,W1268,W2017,W2012,W2013,W2014,W2015,W2016","W1265,W1266,W1267,W1268,W2012,W2013,W2014",AGUA/GAA
122933,6ENU,"W1269,W2011,W2012,W2013,W2014,W2015,W2016,W2017,W1262,W1263,W1264,W1265,W1266,W1267,W1268","W1265,W1266,W1267,W1268,W2012,W2013,W2014",AGUA/GAA
123279,6FEC,"J1077,J1100,J1078,J1079,J1080,J1081,J1082,J1083,J1084,J1085,J1094,J1095,J1096,J1097,J1098,J1099","J1079,J1080,J1081,J1082,J1096,J1097,J1098",AGUA/GAA
123357,6FKR,"A229,A237,A222,A223,A224,A225,A226,A227,A228,A243,A238,A239,A240,A241,A242","A225,A226,A227,A228,A238,A239,A240",AGUA/GAA
123434,6FKR,"A178,A185,A172,A173,A174,A175,A176,A177,A192,A186,A187,A188,A189,A190,A191","A188,A189,A190,A191,A173,A174,A175",AGUA/GAA
123680,6FRK,"E1827,E2649,E2650,E2651,E2652,E2653,E2654,E1821,E1822,E1823,E1824,E1825,E1826","E1823,E1824,E1825,E1826,E2650,E2651,E2652",AGUA/GAA
123819,6FXC,"W190,W212,W204,W205,W206,W207,W208,W209,W210,W211,W197,W191,W192,W193,W194,W195,W196","W207,W208,W209,W210,W192,W193,W194",AGUA/GAA
123999,6FXC,"W241,W262,W256,W257,W258,W259,W260,W261,W248,W242,W243,W244,W245,W246,W247","W244,W245,W246,W247,W257,W258,W259",AGUA/GAA
124082,6FYX,"B1118,B1127,B1128,B1129,B1130,B1131,B1132,B1133,B1110,B1111,B1112,B1113,B1114,B1115,B1116,B1117","B1112,B1113,B1114,B1115,B1129,B1130,B1131",AGUA/GAA
124213,6FYY,"B1118,B1127,B1128,B1129,B1130,B1131,B1132,B1133,B1110,B1111,B1112,B1113,B1114,B1115,B1116,B1117","B1112,B1113,B1114,B1115,B1129,B1130,B1131",AGUA/GAA
124338,6GAW,"Q70,Q95,Q87,Q88,Q89,Q90,Q91,Q92,Q93,Q94,Q79,Q71,Q72,Q73,Q74,Q75,Q76,Q77,Q78","Q75,Q76,Q77,Q78,Q88,Q89,Q90",AGUA/GAA
124365,6GAW,"Q647,Q1006,Q1007,Q1008,Q1009,Q1010,Q1011,Q1012,Q640,Q641,Q642,Q643,Q644,Q645,Q646","Q643,Q644,Q645,Q646,Q1007,Q1008,Q1009",AGUA/GAA
124477,6GB2,"Q79,Q87,Q73,Q74,Q75,Q76,Q77,Q78,Q92,Q88,Q89,Q90,Q91","Q75,Q76,Q77,Q78,Q88,Q89,Q90",AGUA/GAA
124860,6GC0,"A239,A258,A240,A241,A242,A243,A244,A245,A253,A254,A255,A256,A257","A241,A242,A243,A244,A254,A255,A256",AGUA/GAA
125391,6GC8,"A188,A208,A189,A190,A191,A192,A193,A194,A201,A202,A203,A204,A205,A206,A207","A204,A205,A206,A207,A189,A190,A191",AGUA/GAA
125407,6GC8,"A1262,A2017,A1263,A1264,A1265,A1266,A1267,A1268,A1269,A2011,A2012,A2013,A2014,A2015,A2016","A1265,A1266,A1267,A1268,A2012,A2013,A2014",AGUA/GAA
126214,6GQV,"A82,A103,A83,A84,A85,A86,A87,A88,A89,A97,A98,A99,A100,A101,A102","A85,A86,A87,A88,A98,A99,A100",AGUA/GAA
126307,6GSJ,"Z228,Z249,Z229,Z230,Z231,Z232,Z233,Z234,Z235,Z243,Z244,Z245,Z246,Z247,Z248","Z231,Z232,Z233,Z234,Z244,Z245,Z246",AGUA/GAA
126357,6GSJ,"Z178,Z198,Z179,Z180,Z181,Z182,Z183,Z184,Z191,Z192,Z193,Z194,Z195,Z196,Z197","Z194,Z195,Z196,Z197,Z179,Z180,Z181",AGUA/GAA
126378,6GSJ,"Z1316,Z2034,Z1309,Z1310,Z1311,Z1312,Z1313,Z1314,Z1315,Z2040,Z2035,Z2036,Z2037,Z2038,Z2039","Z1312,Z1313,Z1314,Z1315,Z2035,Z2036,Z2037",AGUA/GAA
126579,6GSK,"Z228,Z249,Z229,Z230,Z231,Z232,Z233,Z234,Z235,Z243,Z244,Z245,Z246,Z247,Z248","Z231,Z232,Z233,Z234,Z244,Z245,Z246",AGUA/GAA
126631,6GSK,"Z178,Z198,Z179,Z180,Z181,Z182,Z183,Z184,Z191,Z192,Z193,Z194,Z195,Z196,Z197","Z194,Z195,Z196,Z197,Z179,Z180,Z181",AGUA/GAA
126862,6GSL,"Z228,Z249,Z229,Z230,Z231,Z232,Z233,Z234,Z235,Z243,Z244,Z245,Z246,Z247,Z248","Z231,Z232,Z233,Z234,Z244,Z245,Z246",AGUA/GAA
126916,6GSL,"Z178,Z198,Z179,Z180,Z181,Z182,Z183,Z184,Z191,Z192,Z193,Z194,Z195,Z196,Z197","Z194,Z195,Z196,Z197,Z179,Z180,Z181",AGUA/GAA
126939,6GSL,"Z1316,Z2034,Z1309,Z1310,Z1311,Z1312,Z1313,Z1314,Z1315,Z2040,Z2035,Z2036,Z2037,Z2038,Z2039","Z1312,Z1313,Z1314,Z1315,Z2035,Z2036,Z2037",AGUA/GAA
127423,6GWT,"A188,A208,A189,A190,A191,A192,A193,A194,A201,A202,A203,A204,A205,A206,A207","A204,A205,A206,A207,A189,A190,A191",AGUA/GAA
127436,6GWT,"A1262,A2017,A1263,A1264,A1265,A1266,A1267,A1268,A1269,A2011,A2012,A2013,A2014,A2015,A2016","A1265,A1266,A1267,A1268,A2012,A2013,A2014",AGUA/GAA
127627,6GXM,"A188,A208,A189,A190,A191,A192,A193,A194,A201,A202,A203,A204,A205,A206,A207","A204,A205,A206,A207,A189,A190,A191",AGUA/GAA
127640,6GXM,"A1262,A2017,A1263,A1264,A1265,A1266,A1267,A1268,A1269,A2011,A2012,A2013,A2014,A2015,A2016","A1265,A1266,A1267,A1268,A2012,A2013,A2014",AGUA/GAA
127830,6GXN,"A188,A208,A189,A190,A191,A192,A193,A194,A201,A202,A203,A204,A205,A206,A207","A204,A205,A206,A207,A189,A190,A191",AGUA/GAA
127843,6GXN,"A1262,A2017,A1263,A1264,A1265,A1266,A1267,A1268,A1269,A2011,A2012,A2013,A2014,A2015,A2016","A1265,A1266,A1267,A1268,A2012,A2013,A2014",AGUA/GAA
128032,6GXO,"A188,A208,A189,A190,A191,A192,A193,A194,A201,A202,A203,A204,A205,A206,A207","A204,A205,A206,A207,A189,A190,A191",AGUA/GAA
128045,6GXO,"A1262,A2017,A1263,A1264,A1265,A1266,A1267,A1268,A1269,A2011,A2012,A2013,A2014,A2015,A2016","A1265,A1266,A1267,A1268,A2012,A2013,A2014",AGUA/GAA
128238,6GXP,"A188,A208,A189,A190,A191,A192,A193,A194,A201,A202,A203,A204,A205,A206,A207","A204,A205,A206,A207,A189,A190,A191",AGUA/GAA
128252,6GXP,"A1262,A2017,A1263,A1264,A1265,A1266,A1267,A1268,A1269,A2011,A2012,A2013,A2014,A2015,A2016","A1265,A1266,A1267,A1268,A2012,A2013,A2014",AGUA/GAA
128489,6GZ3,"E1043,E1052,E1035,E1036,E1037,E1038,E1039,E1040,E1041,E1042,E1058,E1053,E1054,E1055,E1056,E1057","E1037,E1038,E1039,E1040,E1054,E1055,E1056",AGUA/GAA
128612,6GZ3,"E1035,E1058,E1052,E1053,E1054,E1055,E1056,E1057,E1043,E1036,E1037,E1038,E1039,E1040,E1041,E1042","E1037,E1038,E1039,E1040,E1054,E1055,E1056",AGUA/GAA
128645,6GZ3,"A81,A102,A96,A97,A98,A99,A100,A101,A82,A83,A84,A85,A86,A87,A88","A84,A85,A86,A87,A97,A98,A99",AGUA/GAA
128710,6GZ3,"A81,A102,A96,A97,A98,A99,A100,A101,A88,A82,A83,A84,A85,A86,A87","A84,A85,A86,A87,A97,A98,A99",AGUA/GAA
128949,6GZ4,"K1043,K1052,K1053,K1054,K1055,K1056,K1057,K1058,K1035,K1036,K1037,K1038,K1039,K1040,K1041,K1042","K1037,K1038,K1039,K1040,K1054,K1055,K1056",AGUA/GAA
129020,6GZ4,"G88,G96,G81,G82,G83,G84,G85,G86,G87,G97,G98,G99,G100,G101,G102","G84,G85,G86,G87,G97,G98,G99",AGUA/GAA
129049,6GZ4,"G1752,G2551,G1746,G1747,G1748,G1749,G1750,G1751,G2552,G2553,G2554,G2555,G2556","G1748,G1749,G1750,G1751,G2552,G2553,G2554",AGUA/GAA
129056,6GZ4,"K1035,K1058,K1052,K1053,K1054,K1055,K1056,K1057,K1036,K1037,K1038,K1039,K1040,K1041,K1042,K1043","K1037,K1038,K1039,K1040,K1054,K1055,K1056",AGUA/GAA
129110,6GZ4,"G88,G96,G97,G98,G99,G100,G101,G102,G81,G82,G83,G84,G85,G86,G87","G84,G85,G86,G87,G97,G98,G99",AGUA/GAA
129234,6GZ5,"E1043,E1052,E1035,E1036,E1037,E1038,E1039,E1040,E1041,E1042,E1058,E1053,E1054,E1055,E1056,E1057","E1037,E1038,E1039,E1040,E1054,E1055,E1056",AGUA/GAA
129363,6GZ5,"E1035,E1058,E1052,E1053,E1054,E1055,E1056,E1057,E1043,E1036,E1037,E1038,E1039,E1040,E1041,E1042","E1037,E1038,E1039,E1040,E1054,E1055,E1056",AGUA/GAA
129397,6GZ5,"A81,A102,A96,A97,A98,A99,A100,A101,A82,A83,A84,A85,A86,A87,A88","A84,A85,A86,A87,A97,A98,A99",AGUA/GAA
129461,6GZ5,"A81,A102,A96,A97,A98,A99,A100,A101,A88,A82,A83,A84,A85,A86,A87","A84,A85,A86,A87,A97,A98,A99",AGUA/GAA
129660,6H4N,"V239,V258,V240,V241,V242,V243,V244,V245,V253,V254,V255,V256,V257","V241,V242,V243,V244,V254,V255,V256",AGUA/GAA
129707,6H4N,"V1269,V2011,V1262,V1263,V1264,V1265,V1266,V1267,V1268,V2017,V2012,V2013,V2014,V2015,V2016","V1265,V1266,V1267,V1268,V2012,V2013,V2014",AGUA/GAA
129785,6H4N,"V188,V208,V201,V202,V203,V204,V205,V206,V207,V189,V190,V191,V192,V193,V194","V204,V205,V206,V207,V189,V190,V191",AGUA/GAA
129883,6H58,"G1262,G2017,G1263,G1264,G1265,G1266,G1267,G1268,G1269,G2011,G2012,G2013,G2014,G2015,G2016","G1265,G1266,G1267,G1268,G2012,G2013,G2014",AGUA/GAA
129924,6H58,"G188,G208,G201,G202,G203,G204,G205,G206,G207,G189,G190,G191,G192,G193,G194","G204,G205,G206,G207,G189,G190,G191",AGUA/GAA
129943,6H58,"G239,G258,G253,G254,G255,G256,G257,G240,G241,G242,G243,G244,G245","G241,G242,G243,G244,G254,G255,G256",AGUA/GAA
130100,6HA1,"A191,A211,A192,A193,A194,A195,A196,A197,A204,A205,A206,A207,A208,A209,A210","A207,A208,A209,A210,A192,A193,A194",AGUA/GAA
130139,6HA1,"A241,A262,A242,A243,A244,A245,A246,A247,A248,A256,A257,A258,A259,A260,A261","A244,A245,A246,A247,A257,A258,A259",AGUA/GAA
130169,6HA1,"A1310,A2039,A2040,A2041,A2042,A2043,A2044,A2045,A2046,A1302,A1303,A1304,A1305,A1306,A1307,A1308,A1309","A1305,A1306,A1307,A1308,A2041,A2042,A2043",AGUA/GAA
130274,6HA8,"A191,A211,A192,A193,A194,A195,A196,A197,A204,A205,A206,A207,A208,A209,A210","A207,A208,A209,A210,A192,A193,A194",AGUA/GAA
130313,6HA8,"A241,A262,A242,A243,A244,A245,A246,A247,A248,A256,A257,A258,A259,A260,A261","A244,A245,A246,A247,A257,A258,A259",AGUA/GAA
130343,6HA8,"A1310,A2039,A2040,A2041,A2042,A2043,A2044,A2045,A2046,A1302,A1303,A1304,A1305,A1306,A1307,A1308,A1309","A1305,A1306,A1307,A1308,A2041,A2042,A2043",AGUA/GAA
131373,6HHQ,"A1444,A2359,A2354,A2355,A2356,A2357,A2358,A1450,A1445,A1446,A1447,A1448,A1449","A1446,A1447,A1448,A1449,A2355,A2356,A2357",AGUA/GAA
131409,6HHQ,"A3025,A3030,A3031,A3032,A3033,A3034,A3035,A3036,A3018,A3019,A3020,A3021,A3022,A3023,A3024","A3021,A3022,A3023,A3024,A3031,A3032,A3033",AGUA/GAA
131429,6HHQ,"B80,B100,B101,B102,B103,B104,B105,B106,B72,B73,B74,B75,B76,B77,B78,B79","B76,B77,B78,B79,B101,B102,B103",AGUA/GAA
131437,6HHQ,"A82,A103,A83,A84,A85,A86,A87,A88,A89,A97,A98,A99,A100,A101,A102","A85,A86,A87,A88,A98,A99,A100",AGUA/GAA
131530,6HMA,"A197,A204,A190,A191,A192,A193,A194,A195,A196,A212,A205,A206,A207,A208,A209,A210,A211","A207,A208,A209,A210,A192,A193,A194",AGUA/GAA
131594,6HMA,"A241,A262,A242,A243,A244,A245,A246,A247,A248,A256,A257,A258,A259,A260,A261","A244,A245,A246,A247,A257,A258,A259",AGUA/GAA
131697,6HRM,"A2768,A3523,A3517,A3518,A3519,A3520,A3521,A3522,A2769,A2770,A2771,A2772,A2773,A2774,A2775","A2771,A2772,A2773,A2774,A3518,A3519,A3520",AGUA/GAA
131720,6HRM,"A1694,A1714,A1695,A1696,A1697,A1698,A1699,A1700,A1707,A1708,A1709,A1710,A1711,A1712,A1713","A1710,A1711,A1712,A1713,A1695,A1696,A1697",AGUA/GAA
131721,6HRM,"A1700,A1707,A1708,A1709,A1710,A1711,A1712,A1713,A1714,A1694,A1695,A1696,A1697,A1698,A1699","A1710,A1711,A1712,A1713,A1695,A1696,A1697",AGUA/GAA
131735,6HRM,"A1745,A1764,A1759,A1760,A1761,A1762,A1763,A1751,A1746,A1747,A1748,A1749,A1750","A1747,A1748,A1749,A1750,A1760,A1761,A1762",AGUA/GAA
132143,6I0Y,"A188,A208,A189,A190,A191,A192,A193,A194,A201,A202,A203,A204,A205,A206,A207","A204,A205,A206,A207,A189,A190,A191",AGUA/GAA
132163,6I0Y,"A1262,A2017,A1263,A1264,A1265,A1266,A1267,A1268,A1269,A2011,A2012,A2013,A2014,A2015,A2016","A1265,A1266,A1267,A1268,A2012,A2013,A2014",AGUA/GAA
132219,6I0Y,"A239,A258,A240,A241,A242,A243,A244,A245,A253,A254,A255,A256,A257","A241,A242,A243,A244,A254,A255,A256",AGUA/GAA
132562,6I7O,"A3025,A3030,A3031,A3032,A3033,A3034,A3035,A3036,A3018,A3019,A3020,A3021,A3022,A3023,A3024","A3021,A3022,A3023,A3024,A3031,A3032,A3033",AGUA/GAA
132583,6I7O,"R1119,R1128,R1111,R1112,R1113,R1114,R1115,R1116,R1117,R1118,R1134,R1129,R1130,R1131,R1132,R1133","R1113,R1114,R1115,R1116,R1130,R1131,R1132",AGUA/GAA
132601,6I7O,"B80,B100,B101,B102,B103,B104,B105,B106,B72,B73,B74,B75,B76,B77,B78,B79","B76,B77,B78,B79,B101,B102,B103",AGUA/GAA
133576,6IP8,"B78,B98,B99,B100,B101,B102,B103,B104,B71,B72,B73,B74,B75,B76,B77","B74,B75,B76,B77,B99,B100,B101",AGUA/GAA
133577,6IP8,"B78,B98,B71,B72,B73,B74,B75,B76,B77,B104,B99,B100,B101,B102,B103","B74,B75,B76,B77,B99,B100,B101",AGUA/GAA
134315,6LQM,"D78,D98,D99,D100,D101,D102,D103,D104,D71,D72,D73,D74,D75,D76,D77","D74,D75,D76,D77,D99,D100,D101",AGUA/GAA
134349,6LQM,"B81,B102,B82,B83,B84,B85,B86,B87,B88,B96,B97,B98,B99,B100,B101","B84,B85,B86,B87,B97,B98,B99",AGUA/GAA
134350,6LQM,"B81,B102,B96,B97,B98,B99,B100,B101,B88,B82,B83,B84,B85,B86,B87","B84,B85,B86,B87,B97,B98,B99",AGUA/GAA
135213,6LSR,"E78,E98,E99,E100,E101,E102,E103,E104,E71,E72,E73,E74,E75,E76,E77","E74,E75,E76,E77,E99,E100,E101",AGUA/GAA
135256,6LSR,"C81,C102,C96,C97,C98,C99,C100,C101,C82,C83,C84,C85,C86,C87,C88","C84,C85,C86,C87,C97,C98,C99",AGUA/GAA
135441,6LSS,"D78,D98,D99,D100,D101,D102,D103,D104,D71,D72,D73,D74,D75,D76,D77","D74,D75,D76,D77,D99,D100,D101",AGUA/GAA
135475,6LSS,"B81,B102,B82,B83,B84,B85,B86,B87,B88,B96,B97,B98,B99,B100,B101","B84,B85,B86,B87,B97,B98,B99",AGUA/GAA
135476,6LSS,"B81,B102,B96,B97,B98,B99,B100,B101,B88,B82,B83,B84,B85,B86,B87","B84,B85,B86,B87,B97,B98,B99",AGUA/GAA
135593,6LU8,"E78,E98,E99,E100,E101,E102,E103,E104,E71,E72,E73,E74,E75,E76,E77","E74,E75,E76,E77,E99,E100,E101",AGUA/GAA
135672,6LU8,"B81,B102,B82,B83,B84,B85,B86,B87,B88,B96,B97,B98,B99,B100,B101","B84,B85,B86,B87,B97,B98,B99",AGUA/GAA
135673,6LU8,"B81,B102,B96,B97,B98,B99,B100,B101,B88,B82,B83,B84,B85,B86,B87","B84,B85,B86,B87,B97,B98,B99",AGUA/GAA
135919,6M62,"A1444,A2359,A2354,A2355,A2356,A2357,A2358,A1450,A1445,A1446,A1447,A1448,A1449","A1446,A1447,A1448,A1449,A2355,A2356,A2357",AGUA/GAA
138706,6ND5,"A182,A189,A190,A191,A192,A193,A194,A195,A196,A176,A177,A178,A179,A180,A181","A192,A193,A194,A195,A177,A178,A179",AGUA/GAA
138707,6ND5,"A176,A196,A189,A190,A191,A192,A193,A194,A195,A182,A177,A178,A179,A180,A181","A192,A193,A194,A195,A177,A178,A179",AGUA/GAA
138718,6ND5,"A233,A241,A226,A227,A228,A229,A230,A231,A232,A247,A242,A243,A244,A245,A246","A229,A230,A231,A232,A242,A243,A244",AGUA/GAA
138884,6ND6,"A182,A189,A190,A191,A192,A193,A194,A195,A196,A176,A177,A178,A179,A180,A181","A192,A193,A194,A195,A177,A178,A179",AGUA/GAA
138885,6ND6,"A176,A196,A189,A190,A191,A192,A193,A194,A195,A182,A177,A178,A179,A180,A181","A192,A193,A194,A195,A177,A178,A179",AGUA/GAA
138897,6ND6,"A233,A241,A226,A227,A228,A229,A230,A231,A232,A247,A242,A243,A244,A245,A246","A229,A230,A231,A232,A242,A243,A244",AGUA/GAA
138965,6ND6,"A1314,A2032,A1307,A1308,A1309,A1310,A1311,A1312,A1313,A2038,A2033,A2034,A2035,A2036,A2037","A1310,A1311,A1312,A1313,A2033,A2034,A2035",AGUA/GAA
138966,6ND6,"A1314,A2032,A2033,A2034,A2035,A2036,A2037,A2038,A1307,A1308,A1309,A1310,A1311,A1312,A1313","A1310,A1311,A1312,A1313,A2033,A2034,A2035",AGUA/GAA
162081,6NDK,"Y176,Y196,Y189,Y190,Y191,Y192,Y193,Y194,Y195,Y182,Y177,Y178,Y179,Y180,Y181","Y192,Y193,Y194,Y195,Y177,Y178,Y179",AGUA/GAA
162761,6NTA,"X176,X196,X189,X190,X191,X192,X193,X194,X195,X182,X177,X178,X179,X180,X181","X192,X193,X194,X195,X177,X178,X179",AGUA/GAA
163209,6NUO,"X176,X196,X189,X190,X191,X192,X193,X194,X195,X182,X177,X178,X179,X180,X181","X192,X193,X194,X195,X177,X178,X179",AGUA/GAA
163715,6O3M,"X176,X196,X189,X190,X191,X192,X193,X194,X195,X182,X177,X178,X179,X180,X181","X192,X193,X194,X195,X177,X178,X179",AGUA/GAA
165082,6O8Z,"T245,T253,T254,T255,T256,T257,T258,T259,T238,T239,T240,T241,T242,T243,T244","T241,T242,T243,T244,T254,T255,T256",AGUA/GAA
165506,6O97,"A176,A196,A189,A190,A191,A192,A193,A194,A195,A182,A177,A178,A179,A180,A181","A192,A193,A194,A195,A177,A178,A179",AGUA/GAA
165507,6O97,"A176,A196,A177,A178,A179,A180,A181,A182,A189,A190,A191,A192,A193,A194,A195","A192,A193,A194,A195,A177,A178,A179",AGUA/GAA
165589,6O97,"A1307,A2038,A1308,A1309,A1310,A1311,A1312,A1313,A1314,A2032,A2033,A2034,A2035,A2036,A2037","A1310,A1311,A1312,A1313,A2033,A2034,A2035",AGUA/GAA
165590,6O97,"A1314,A2032,A1307,A1308,A1309,A1310,A1311,A1312,A1313,A2038,A2033,A2034,A2035,A2036,A2037","A1310,A1311,A1312,A1313,A2033,A2034,A2035",AGUA/GAA
165709,6O9J,"B245,B253,B254,B255,B256,B257,B258,B239,B240,B241,B242,B243,B244","B241,B242,B243,B244,B254,B255,B256",AGUA/GAA
165710,6O9J,"B245,B253,B239,B240,B241,B242,B243,B244,B254,B255,B256,B257,B258","B241,B242,B243,B244,B254,B255,B256",AGUA/GAA
165834,6O9J,"B194,B201,B188,B189,B190,B191,B192,B193,B208,B202,B203,B204,B205,B206,B207","B204,B205,B206,B207,B189,B190,B191",AGUA/GAA
165837,6O9J,"B1250,B1992,B1993,B1994,B1995,B1996,B1997,B1998,B1243,B1244,B1245,B1246,B1247,B1248,B1249","B1246,B1247,B1248,B1249,B1993,B1994,B1995",AGUA/GAA
165839,6O9J,"B188,B208,B189,B190,B191,B192,B193,B194,B201,B202,B203,B204,B205,B206,B207","B204,B205,B206,B207,B189,B190,B191",AGUA/GAA
166031,6O9K,"Y245,Y253,Y239,Y240,Y241,Y242,Y243,Y244,Y258,Y254,Y255,Y256,Y257","Y241,Y242,Y243,Y244,Y254,Y255,Y256",AGUA/GAA
166079,6O9K,"Y1256,Y2011,Y1257,Y1258,Y1259,Y1260,Y1261,Y1262,Y1263,Y2005,Y2006,Y2007,Y2008,Y2009,Y2010","Y1259,Y1260,Y1261,Y1262,Y2006,Y2007,Y2008",AGUA/GAA
166223,6OF1,"A176,A196,A189,A190,A191,A192,A193,A194,A195,A182,A177,A178,A179,A180,A181","A192,A193,A194,A195,A177,A178,A179",AGUA/GAA
166224,6OF1,"A176,A196,A177,A178,A179,A180,A181,A182,A189,A190,A191,A192,A193,A194,A195","A192,A193,A194,A195,A177,A178,A179",AGUA/GAA
166231,6OF1,"B233,B241,B242,B243,B244,B245,B246,B247,B226,B227,B228,B229,B230,B231,B232","B229,B230,B231,B232,B242,B243,B244",AGUA/GAA
166317,6OF1,"B182,B189,B190,B191,B192,B193,B194,B195,B196,B176,B177,B178,B179,B180,B181","B192,B193,B194,B195,B177,B178,B179",AGUA/GAA
166368,6OF1,"B1307,B2038,B2032,B2033,B2034,B2035,B2036,B2037,B1314,B1308,B1309,B1310,B1311,B1312,B1313","B1310,B1311,B1312,B1313,B2033,B2034,B2035",AGUA/GAA
166794,6OLF,"A1047,A1056,A1039,A1040,A1041,A1042,A1043,A1044,A1045,A1046,A1062,A1057,A1058,A1059,A1060,A1061","A1041,A1042,A1043,A1044,A1058,A1059,A1060",AGUA/GAA
167018,6OM0,"A1047,A1056,A1039,A1040,A1041,A1042,A1043,A1044,A1045,A1046,A1062,A1057,A1058,A1059,A1060,A1061","A1041,A1042,A1043,A1044,A1058,A1059,A1060",AGUA/GAA
167125,6OM6,"A194,A201,A188,A189,A190,A191,A192,A193,A202,A203,A204,A205,A206,A207,A208","A204,A205,A206,A207,A189,A190,A191",AGUA/GAA
167126,6OM6,"A194,A201,A188,A189,A190,A191,A192,A193,A208,A202,A203,A204,A205,A206,A207","A204,A205,A206,A207,A189,A190,A191",AGUA/GAA
167140,6OM6,"A1262,A2017,A1263,A1264,A1265,A1266,A1267,A1268,A1269,A2011,A2012,A2013,A2014,A2015,A2016","A1265,A1266,A1267,A1268,A2012,A2013,A2014",AGUA/GAA
167227,6OM6,"A239,A258,A240,A241,A242,A243,A244,A245,A253,A254,A255,A256,A257","A241,A242,A243,A244,A254,A255,A256",AGUA/GAA
167403,6OM7,"A1047,A1056,A1039,A1040,A1041,A1042,A1043,A1044,A1045,A1046,A1062,A1057,A1058,A1059,A1060,A1061","A1041,A1042,A1043,A1044,A1058,A1059,A1060",AGUA/GAA
167714,6ORE,"A194,A201,A188,A189,A190,A191,A192,A193,A202,A203,A204,A205,A206,A207,A208","A204,A205,A206,A207,A189,A190,A191",AGUA/GAA
167715,6ORE,"A194,A201,A188,A189,A190,A191,A192,A193,A208,A202,A203,A204,A205,A206,A207","A204,A205,A206,A207,A189,A190,A191",AGUA/GAA
167728,6ORE,"A1262,A2017,A1263,A1264,A1265,A1266,A1267,A1268,A1269,A2011,A2012,A2013,A2014,A2015,A2016","A1265,A1266,A1267,A1268,A2012,A2013,A2014",AGUA/GAA
167812,6ORE,"A239,A258,A240,A241,A242,A243,A244,A245,A253,A254,A255,A256,A257","A241,A242,A243,A244,A254,A255,A256",AGUA/GAA
167983,6ORL,"A194,A201,A188,A189,A190,A191,A192,A193,A202,A203,A204,A205,A206,A207,A208","A204,A205,A206,A207,A189,A190,A191",AGUA/GAA
167984,6ORL,"A194,A201,A188,A189,A190,A191,A192,A193,A208,A202,A203,A204,A205,A206,A207","A204,A205,A206,A207,A189,A190,A191",AGUA/GAA
168225,6OSI,"A872,A881,A864,A865,A866,A867,A868,A869,A870,A871,A882,A883,A884,A885,A886,A887","A866,A867,A868,A869,A883,A884,A885",AGUA/GAA
168226,6OSI,"A864,A887,A881,A882,A883,A884,A885,A886,A872,A865,A866,A867,A868,A869,A870,A871","A866,A867,A868,A869,A883,A884,A885",AGUA/GAA
168386,6OSK,"B887,B910,B888,B889,B890,B891,B892,B893,B894,B895,B896,B903,B904,B905,B906,B907,B908,B909","B889,B890,B891,B892,B906,B907,B908",AGUA/AAA
168404,6OSK,"A194,A201,A188,A189,A190,A191,A192,A193,A202,A203,A204,A205,A206,A207,A208","A204,A205,A206,A207,A189,A190,A191",AGUA/GAA
168405,6OSK,"A194,A201,A188,A189,A190,A191,A192,A193,A208,A202,A203,A204,A205,A206,A207","A204,A205,A206,A207,A189,A190,A191",AGUA/GAA
168421,6OSK,"A1262,A2017,A1263,A1264,A1265,A1266,A1267,A1268,A1269,A2011,A2012,A2013,A2014,A2015,A2016","A1265,A1266,A1267,A1268,A2012,A2013,A2014",AGUA/GAA
168990,6OST,"A194,A201,A188,A189,A190,A191,A192,A193,A202,A203,A204,A205,A206,A207,A208","A204,A205,A206,A207,A189,A190,A191",AGUA/GAA
168991,6OST,"A194,A201,A188,A189,A190,A191,A192,A193,A208,A202,A203,A204,A205,A206,A207","A204,A205,A206,A207,A189,A190,A191",AGUA/GAA
169005,6OST,"A1262,A2017,A1263,A1264,A1265,A1266,A1267,A1268,A1269,A2011,A2012,A2013,A2014,A2015,A2016","A1265,A1266,A1267,A1268,A2012,A2013,A2014",AGUA/GAA
169087,6OST,"A239,A258,A240,A241,A242,A243,A244,A245,A253,A254,A255,A256,A257","A241,A242,A243,A244,A254,A255,A256",AGUA/GAA
169268,6OT3,"A194,A201,A188,A189,A190,A191,A192,A193,A202,A203,A204,A205,A206,A207,A208","A204,A205,A206,A207,A189,A190,A191",AGUA/GAA
169269,6OT3,"A194,A201,A188,A189,A190,A191,A192,A193,A208,A202,A203,A204,A205,A206,A207","A204,A205,A206,A207,A189,A190,A191",AGUA/GAA
169366,6OT3,"A239,A258,A240,A241,A242,A243,A244,A245,A253,A254,A255,A256,A257","A241,A242,A243,A244,A254,A255,A256",AGUA/GAA
169657,6OUO,"A194,A201,A188,A189,A190,A191,A192,A193,A202,A203,A204,A205,A206,A207,A208","A204,A205,A206,A207,A189,A190,A191",AGUA/GAA
169658,6OUO,"A194,A201,A188,A189,A190,A191,A192,A193,A208,A202,A203,A204,A205,A206,A207","A204,A205,A206,A207,A189,A190,A191",AGUA/GAA
169755,6OUO,"A239,A258,A240,A241,A242,A243,A244,A245,A253,A254,A255,A256,A257","A241,A242,A243,A244,A254,A255,A256",AGUA/GAA
170178,6P5I,"A1168,A1191,A1169,A1170,A1171,A1172,A1173,A1174,A1175,A1176,A1185,A1186,A1187,A1188,A1189,A1190","A1170,A1171,A1172,A1173,A1187,A1188,A1189",AGUA/GAA
170179,6P5I,"A1176,A1185,A1186,A1187,A1188,A1189,A1190,A1191,A1168,A1169,A1170,A1171,A1172,A1173,A1174,A1175","A1170,A1171,A1172,A1173,A1187,A1188,A1189",AGUA/GAA
170277,6P5J,"A1168,A1191,A1169,A1170,A1171,A1172,A1173,A1174,A1175,A1176,A1185,A1186,A1187,A1188,A1189,A1190","A1170,A1171,A1172,A1173,A1187,A1188,A1189",AGUA/GAA
170278,6P5J,"A1176,A1185,A1186,A1187,A1188,A1189,A1190,A1191,A1168,A1169,A1170,A1171,A1172,A1173,A1174,A1175","A1170,A1171,A1172,A1173,A1187,A1188,A1189",AGUA/GAA
170370,6P5K,"B78,B98,B99,B100,B101,B102,B103,B104,B71,B72,B73,B74,B75,B76,B77","B74,B75,B76,B77,B99,B100,B101",AGUA/GAA
170371,6P5K,"B71,B104,B98,B99,B100,B101,B102,B103,B72,B73,B74,B75,B76,B77,B78","B74,B75,B76,B77,B99,B100,B101",AGUA/GAA
170473,6P5K,"A81,A102,A96,A97,A98,A99,A100,A101,A82,A83,A84,A85,A86,A87,A88","A84,A85,A86,A87,A97,A98,A99",AGUA/GAA
170478,6P5K,"A1741,A2551,A2546,A2547,A2548,A2549,A2550,A1742,A1743,A1744,A1745,A1746,A1747","A1743,A1744,A1745,A1746,A2547,A2548,A2549",AGUA/GAA
170627,6P5N,"B78,B98,B99,B100,B101,B102,B103,B104,B71,B72,B73,B74,B75,B76,B77","B74,B75,B76,B77,B99,B100,B101",AGUA/GAA
170628,6P5N,"B71,B104,B98,B99,B100,B101,B102,B103,B72,B73,B74,B75,B76,B77,B78","B74,B75,B76,B77,B99,B100,B101",AGUA/GAA
170718,6P5N,"A81,A102,A96,A97,A98,A99,A100,A101,A82,A83,A84,A85,A86,A87,A88","A84,A85,A86,A87,A97,A98,A99",AGUA/GAA
170722,6P5N,"A1741,A2551,A2546,A2547,A2548,A2549,A2550,A1742,A1743,A1744,A1745,A1746,A1747","A1743,A1744,A1745,A1746,A2547,A2548,A2549",AGUA/GAA
170950,6PC5,"I188,I208,I189,I190,I191,I192,I193,I194,I201,I202,I203,I204,I205,I206,I207","I204,I205,I206,I207,I189,I190,I191",AGUA/GAA
170951,6PC5,"I194,I201,I202,I203,I204,I205,I206,I207,I208,I188,I189,I190,I191,I192,I193","I204,I205,I206,I207,I189,I190,I191",AGUA/GAA
171144,6PC6,"I239,I258,I253,I254,I255,I256,I257,I245,I240,I241,I242,I243,I244","I241,I242,I243,I244,I254,I255,I256",AGUA/GAA
171313,6PC7,"I188,I208,I189,I190,I191,I192,I193,I194,I201,I202,I203,I204,I205,I206,I207","I204,I205,I206,I207,I189,I190,I191",AGUA/GAA
171314,6PC7,"I194,I201,I202,I203,I204,I205,I206,I207,I208,I188,I189,I190,I191,I192,I193","I204,I205,I206,I207,I189,I190,I191",AGUA/GAA
171680,6PCH,"I188,I208,I189,I190,I191,I192,I193,I194,I201,I202,I203,I204,I205,I206,I207","I204,I205,I206,I207,I189,I190,I191",AGUA/GAA
171681,6PCH,"I194,I201,I202,I203,I204,I205,I206,I207,I208,I188,I189,I190,I191,I192,I193","I204,I205,I206,I207,I189,I190,I191",AGUA/GAA
171759,6PCQ,"I1262,I2017,I1263,I1264,I1265,I1266,I1267,I1268,I1269,I2011,I2012,I2013,I2014,I2015,I2016","I1265,I1266,I1267,I1268,I2012,I2013,I2014",AGUA/GAA
171949,6PCR,"I1262,I2017,I1263,I1264,I1265,I1266,I1267,I1268,I1269,I2011,I2012,I2013,I2014,I2015,I2016","I1265,I1266,I1267,I1268,I2012,I2013,I2014",AGUA/GAA
172495,6PJ6,"A194,A201,A188,A189,A190,A191,A192,A193,A202,A203,A204,A205,A206,A207,A208","A204,A205,A206,A207,A189,A190,A191",AGUA/GAA
172496,6PJ6,"A194,A201,A188,A189,A190,A191,A192,A193,A208,A202,A203,A204,A205,A206,A207","A204,A205,A206,A207,A189,A190,A191",AGUA/GAA
172505,6PJ6,"A1262,A2017,A1263,A1264,A1265,A1266,A1267,A1268,A1269,A2011,A2012,A2013,A2014,A2015,A2016","A1265,A1266,A1267,A1268,A2012,A2013,A2014",AGUA/GAA
172547,6PJ6,"A239,A258,A240,A241,A242,A243,A244,A245,A253,A254,A255,A256,A257","A241,A242,A243,A244,A254,A255,A256",AGUA/GAA
172692,6PPF,"A249,A255,A256,A257,A258,A259,A260,A261,A262,A241,A242,A243,A244,A245,A246,A247,A248","A244,A245,A246,A247,A257,A258,A259",AGUA/GAA
173083,6Q8Y,"A1110,A1133,A1111,A1112,A1113,A1114,A1115,A1116,A1117,A1118,A1127,A1128,A1129,A1130,A1131,A1132","A1112,A1113,A1114,A1115,A1129,A1130,A1131",AGUA/GAA
173840,6Q9A,"A1262,A2017,A1263,A1264,A1265,A1266,A1267,A1268,A1269,A2011,A2012,A2013,A2014,A2015,A2016","A1265,A1266,A1267,A1268,A2012,A2013,A2014",AGUA/GAA
174119,6QDW,"b1271,b2015,b2016,b2017,b2018,b2019,b2020,b2021,b1264,b1265,b1266,b1267,b1268,b1269,b1270","b1267,b1268,b1269,b1270,b2016,b2017,b2018",AGUA/GAA
174132,6QDW,"b239,b258,b253,b254,b255,b256,b257,b245,b240,b241,b242,b243,b244","b241,b242,b243,b244,b254,b255,b256",AGUA/GAA
174185,6QDW,"b194,b201,b188,b189,b190,b191,b192,b193,b202,b203,b204,b205,b206,b207,b208","b204,b205,b206,b207,b189,b190,b191",AGUA/GAA
174186,6QDW,"b188,b208,b189,b190,b191,b192,b193,b194,b201,b202,b203,b204,b205,b206,b207","b204,b205,b206,b207,b189,b190,b191",AGUA/GAA
174409,6QIK,"A89,A97,A98,A99,A100,A101,A102,A103,A82,A83,A84,A85,A86,A87,A88","A85,A86,A87,A88,A98,A99,A100",AGUA/GAA
174410,6QIK,"A89,A97,A82,A83,A84,A85,A86,A87,A88,A103,A98,A99,A100,A101,A102","A85,A86,A87,A88,A98,A99,A100",AGUA/GAA
174451,6QIK,"A1444,A2359,A2354,A2355,A2356,A2357,A2358,A1450,A1445,A1446,A1447,A1448,A1449","A1446,A1447,A1448,A1449,A2355,A2356,A2357",AGUA/GAA
174540,6QKL,"N3353,N3373,N3366,N3367,N3368,N3369,N3370,N3371,N3372,N3361,N3354,N3355,N3356,N3357,N3358,N3359,N3360","N3357,N3358,N3359,N3360,N3367,N3368,N3369",AGUA/GAA
174647,6QNQ,"Z178,Z198,Z179,Z180,Z181,Z182,Z183,Z184,Z191,Z192,Z193,Z194,Z195,Z196,Z197","Z194,Z195,Z196,Z197,Z179,Z180,Z181",AGUA/GAA
174648,6QNQ,"Z184,Z191,Z192,Z193,Z194,Z195,Z196,Z197,Z198,Z178,Z179,Z180,Z181,Z182,Z183","Z194,Z195,Z196,Z197,Z179,Z180,Z181",AGUA/GAA
174686,6QNQ,"Z184,Z191,Z178,Z179,Z180,Z181,Z182,Z183,Z198,Z192,Z193,Z194,Z195,Z196,Z197","Z194,Z195,Z196,Z197,Z179,Z180,Z181",AGUA/GAA
175407,6QUL,"A194,A201,A188,A189,A190,A191,A192,A193,A202,A203,A204,A205,A206,A207,A208","A204,A205,A206,A207,A189,A190,A191",AGUA/GAA
175408,6QUL,"A194,A201,A188,A189,A190,A191,A192,A193,A208,A202,A203,A204,A205,A206,A207","A204,A205,A206,A207,A189,A190,A191",AGUA/GAA
175422,6QUL,"A1262,A2017,A1263,A1264,A1265,A1266,A1267,A1268,A1269,A2011,A2012,A2013,A2014,A2015,A2016","A1265,A1266,A1267,A1268,A2012,A2013,A2014",AGUA/GAA
175469,6QUL,"A239,A258,A240,A241,A242,A243,A244,A245,A253,A254,A255,A256,A257","A241,A242,A243,A244,A254,A255,A256",AGUA/GAA
175670,6QZP,"B78,B98,B99,B100,B101,B102,B103,B104,B71,B72,B73,B74,B75,B76,B77","B74,B75,B76,B77,B99,B100,B101",AGUA/GAA
175671,6QZP,"B71,B104,B98,B99,B100,B101,B102,B103,B72,B73,B74,B75,B76,B77,B78","B74,B75,B76,B77,B99,B100,B101",AGUA/GAA
175749,6QZP,"A81,A102,A96,A97,A98,A99,A100,A101,A82,A83,A84,A85,A86,A87,A88","A84,A85,A86,A87,A97,A98,A99",AGUA/GAA
175902,6R5Q,"D1750,D2560,D1751,D1752,D1753,D1754,D1755,D1756,D2555,D2556,D2557,D2558,D2559","D1752,D1753,D1754,D1755,D2556,D2557,D2558",AGUA/GAA
175929,6R5Q,"E71,E104,E98,E99,E100,E101,E102,E103,E78,E72,E73,E74,E75,E76,E77","E74,E75,E76,E77,E99,E100,E101",AGUA/GAA
175990,6R5Q,"D81,D102,D82,D83,D84,D85,D86,D87,D88,D96,D97,D98,D99,D100,D101","D84,D85,D86,D87,D97,D98,D99",AGUA/GAA
175991,6R5Q,"D88,D96,D97,D98,D99,D100,D101,D102,D81,D82,D83,D84,D85,D86,D87","D84,D85,D86,D87,D97,D98,D99",AGUA/GAA
176198,6R6G,"F81,F102,F96,F97,F98,F99,F100,F101,F82,F83,F84,F85,F86,F87,F88","F84,F85,F86,F87,F97,F98,F99",AGUA/GAA
176199,6R6G,"F81,F102,F96,F97,F98,F99,F100,F101,F88,F82,F83,F84,F85,F86,F87","F84,F85,F86,F87,F97,F98,F99",AGUA/GAA
176389,6R6P,"B78,B98,B99,B100,B101,B102,B103,B104,B71,B72,B73,B74,B75,B76,B77","B74,B75,B76,B77,B99,B100,B101",AGUA/GAA
176390,6R6P,"B71,B104,B98,B99,B100,B101,B102,B103,B72,B73,B74,B75,B76,B77,B78","B74,B75,B76,B77,B99,B100,B101",AGUA/GAA
176489,6R6P,"A81,A102,A96,A97,A98,A99,A100,A101,A82,A83,A84,A85,A86,A87,A88","A84,A85,A86,A87,A97,A98,A99",AGUA/GAA
176645,6R7Q,"U71,U104,U98,U99,U100,U101,U102,U103,U72,U73,U74,U75,U76,U77,U78","U74,U75,U76,U77,U99,U100,U101",AGUA/GAA
176685,6R7Q,"S1751,S2561,S1752,S1753,S1754,S1755,S1756,S1757,S2556,S2557,S2558,S2559,S2560","S1753,S1754,S1755,S1756,S2557,S2558,S2559",AGUA/GAA
176714,6R7Q,"S81,S102,S82,S83,S84,S85,S86,S87,S88,S96,S97,S98,S99,S100,S101","S84,S85,S86,S87,S97,S98,S99",AGUA/GAA
176947,6RI5,"A89,A97,A98,A99,A100,A101,A102,A103,A82,A83,A84,A85,A86,A87,A88","A85,A86,A87,A88,A98,A99,A100",AGUA/GAA
176948,6RI5,"A89,A97,A82,A83,A84,A85,A86,A87,A88,A103,A98,A99,A100,A101,A102","A85,A86,A87,A88,A98,A99,A100",AGUA/GAA
176995,6RI5,"A1444,A2359,A2354,A2355,A2356,A2357,A2358,A1450,A1445,A1446,A1447,A1448,A1449","A1446,A1447,A1448,A1449,A2355,A2356,A2357",AGUA/GAA
177178,6RW4,"A782,A813,A783,A784,A785,A786,A787,A809,A810,A811,A812","A783,A784,A785,A786,A810,A811,A812",AGUA/GAA
177179,6RW4,"A787,A809,A810,A811,A812,A813,A782,A783,A784,A785,A786","A783,A784,A785,A786,A810,A811,A812",AGUA/GAA
177241,6RW5,"A782,A813,A783,A784,A785,A786,A787,A809,A810,A811,A812","A783,A784,A785,A786,A810,A811,A812",AGUA/GAA
177242,6RW5,"A787,A809,A810,A811,A812,A813,A782,A783,A784,A785,A786","A783,A784,A785,A786,A810,A811,A812",AGUA/GAA
177392,6RZZ,"A89,A97,A98,A99,A100,A101,A102,A103,A82,A83,A84,A85,A86,A87,A88","A85,A86,A87,A88,A98,A99,A100",AGUA/GAA
177393,6RZZ,"A89,A97,A82,A83,A84,A85,A86,A87,A88,A103,A98,A99,A100,A101,A102","A85,A86,A87,A88,A98,A99,A100",AGUA/GAA
177434,6RZZ,"A1444,A2359,A2354,A2355,A2356,A2357,A2358,A1450,A1445,A1446,A1447,A1448,A1449","A1446,A1447,A1448,A1449,A2355,A2356,A2357",AGUA/GAA
177643,6S05,"A1444,A2359,A2354,A2355,A2356,A2357,A2358,A1450,A1445,A1446,A1447,A1448,A1449","A1446,A1447,A1448,A1449,A2355,A2356,A2357",AGUA/GAA
177719,6S0K,"A194,A201,A188,A189,A190,A191,A192,A193,A202,A203,A204,A205,A206,A207,A208","A204,A205,A206,A207,A189,A190,A191",AGUA/GAA
177720,6S0K,"A194,A201,A188,A189,A190,A191,A192,A193,A208,A202,A203,A204,A205,A206,A207","A204,A205,A206,A207,A189,A190,A191",AGUA/GAA
177732,6S0K,"A1262,A2017,A1263,A1264,A1265,A1266,A1267,A1268,A1269,A2011,A2012,A2013,A2014,A2015,A2016","A1265,A1266,A1267,A1268,A2012,A2013,A2014",AGUA/GAA
177776,6S0K,"A239,A258,A240,A241,A242,A243,A244,A245,A253,A254,A255,A256,A257","A241,A242,A243,A244,A254,A255,A256",AGUA/GAA
177919,6S0X,"A239,A260,A240,A241,A242,A243,A244,A245,A246,A254,A255,A256,A257,A258,A259","A242,A243,A244,A245,A255,A256,A257",AGUA/GAA
177994,6S0X,"A188,A210,A189,A190,A191,A192,A193,A194,A195,A202,A203,A204,A205,A206,A207,A208,A209","A205,A206,A207,A208,A190,A191,A192",AGUA/GAA
178097,6S0Z,"A239,A260,A240,A241,A242,A243,A244,A245,A246,A254,A255,A256,A257,A258,A259","A242,A243,A244,A245,A255,A256,A257",AGUA/GAA
178178,6S0Z,"A188,A210,A189,A190,A191,A192,A193,A194,A195,A202,A203,A204,A205,A206,A207,A208,A209","A205,A206,A207,A208,A190,A191,A192",AGUA/GAA
178535,6S13,"A188,A210,A189,A190,A191,A192,A193,A194,A195,A202,A203,A204,A205,A206,A207,A208,A209","A205,A206,A207,A208,A190,A191,A192",AGUA/GAA
178713,6S47,"A87,A95,A96,A97,A98,A99,A100,A101,A80,A81,A82,A83,A84,A85,A86","A83,A84,A85,A86,A96,A97,A98",AGUA/GAA
178725,6S47,"A1395,A2162,A2163,A2164,A2165,A2166,A2167,A1389,A1390,A1391,A1392,A1393,A1394","A1391,A1392,A1393,A1394,A2163,A2164,A2165",AGUA/GAA
178737,6S47,"B72,B106,B100,B101,B102,B103,B104,B105,B80,B73,B74,B75,B76,B77,B78,B79","B76,B77,B78,B79,B101,B102,B103",AGUA/GAA
178739,6S47,"B80,B100,B72,B73,B74,B75,B76,B77,B78,B79,B101,B102,B103,B104,B105,B106","B76,B77,B78,B79,B101,B102,B103",AGUA/GAA
178920,6SGC,"A1168,A1191,A1169,A1170,A1171,A1172,A1173,A1174,A1175,A1176,A1185,A1186,A1187,A1188,A1189,A1190","A1170,A1171,A1172,A1173,A1187,A1188,A1189",AGUA/GAA
178921,6SGC,"A1176,A1185,A1186,A1187,A1188,A1189,A1190,A1191,A1168,A1169,A1170,A1171,A1172,A1173,A1174,A1175","A1170,A1171,A1172,A1173,A1187,A1188,A1189",AGUA/GAA
179299,6SNT,"A1119,A1128,A1111,A1112,A1113,A1114,A1115,A1116,A1117,A1118,A1134,A1129,A1130,A1131,A1132,A1133","A1113,A1114,A1115,A1116,A1130,A1131,A1132",AGUA/GAA
179424,6SPB,"A194,A201,A188,A189,A190,A191,A192,A193,A202,A203,A204,A205,A206,A207,A208","A204,A205,A206,A207,A189,A190,A191",AGUA/GAA
179425,6SPB,"A194,A201,A188,A189,A190,A191,A192,A193,A208,A202,A203,A204,A205,A206,A207","A204,A205,A206,A207,A189,A190,A191",AGUA/GAA
179451,6SPB,"A245,A253,A254,A255,A256,A257,A258,A259,A238,A239,A240,A241,A242,A243,A244","A241,A242,A243,A244,A254,A255,A256",AGUA/GAA
179690,6SPD,"A194,A201,A188,A189,A190,A191,A192,A193,A202,A203,A204,A205,A206,A207,A208","A204,A205,A206,A207,A189,A190,A191",AGUA/GAA
179691,6SPD,"A194,A201,A188,A189,A190,A191,A192,A193,A208,A202,A203,A204,A205,A206,A207","A204,A205,A206,A207,A189,A190,A191",AGUA/GAA
179723,6SPD,"A245,A253,A254,A255,A256,A257,A258,A259,A238,A239,A240,A241,A242,A243,A244","A241,A242,A243,A244,A254,A255,A256",AGUA/GAA
180004,6SPF,"A244,A252,A237,A238,A239,A240,A241,A242,A243,A253,A254,A255,A256,A257,A258","A240,A241,A242,A243,A253,A254,A255",AGUA/GAA
180073,6SPF,"A1255,A1997,A1248,A1249,A1250,A1251,A1252,A1253,A1254,A2003,A1998,A1999,A2000,A2001,A2002","A1251,A1252,A1253,A1254,A1998,A1999,A2000",AGUA/GAA
180108,6SPF,"A193,A200,A187,A188,A189,A190,A191,A192,A207,A201,A202,A203,A204,A205,A206","A203,A204,A205,A206,A188,A189,A190",AGUA/GAA
180296,6SPG,"V237,V258,V238,V239,V240,V241,V242,V243,V244,V252,V253,V254,V255,V256,V257","V240,V241,V242,V243,V253,V254,V255",AGUA/GAA
180334,6SPG,"V187,V207,V188,V189,V190,V191,V192,V193,V200,V201,V202,V203,V204,V205,V206","V203,V204,V205,V206,V188,V189,V190",AGUA/GAA
180335,6SPG,"V187,V207,V200,V201,V202,V203,V204,V205,V206,V188,V189,V190,V191,V192,V193","V203,V204,V205,V206,V188,V189,V190",AGUA/GAA
180859,6SZS,"G239,G258,G253,G254,G255,G256,G257,G245,G240,G241,G242,G243,G244","G241,G242,G243,G244,G254,G255,G256",AGUA/GAA
180867,6SZS,"G1269,G2011,G2012,G2013,G2014,G2015,G2016,G2017,G1262,G1263,G1264,G1265,G1266,G1267,G1268","G1265,G1266,G1267,G1268,G2012,G2013,G2014",AGUA/GAA
180972,6SZS,"G188,G208,G201,G202,G203,G204,G205,G206,G207,G194,G189,G190,G191,G192,G193","G204,G205,G206,G207,G189,G190,G191",AGUA/GAA
181012,6T3K,"A303,A316,A296,A297,A298,A299,A300,A301,A302,A321,A317,A318,A319,A320","A299,A300,A301,A302,A317,A318,A319",AGUA/GAA
181082,6T3S,"A303,A316,A296,A297,A298,A299,A300,A301,A302,A321,A317,A318,A319,A320","A299,A300,A301,A302,A317,A318,A319",AGUA/GAA
181150,6T4Q,"A1110,A1133,A1111,A1112,A1113,A1114,A1115,A1116,A1117,A1118,A1127,A1128,A1129,A1130,A1131,A1132","A1112,A1113,A1114,A1115,A1129,A1130,A1131",AGUA/GAA
181293,6T7I,"A1119,A1128,A1111,A1112,A1113,A1114,A1115,A1116,A1117,A1118,A1134,A1129,A1130,A1131,A1132,A1133","A1113,A1114,A1115,A1116,A1130,A1131,A1132",AGUA/GAA
181391,6T7T,"E1091,E1100,E1083,E1084,E1085,E1086,E1087,E1088,E1089,E1090,E1106,E1101,E1102,E1103,E1104,E1105","E1085,E1086,E1087,E1088,E1102,E1103,E1104",AGUA/GAA
181666,6TB3,"A1110,A1133,A1111,A1112,A1113,A1114,A1115,A1116,A1117,A1118,A1127,A1128,A1129,A1130,A1131,A1132","A1112,A1113,A1114,A1115,A1129,A1130,A1131",AGUA/GAA
181819,6TBV,"V1256,V2011,V1257,V1258,V1259,V1260,V1261,V1262,V1263,V2005,V2006,V2007,V2008,V2009,V2010","V1259,V1260,V1261,V1262,V2006,V2007,V2008",AGUA/GAA
181858,6TBV,"V239,V258,V240,V241,V242,V243,V244,V245,V253,V254,V255,V256,V257","V241,V242,V243,V244,V254,V255,V256",AGUA/GAA
181888,6TBV,"V245,V253,V239,V240,V241,V242,V243,V244,V258,V254,V255,V256,V257","V241,V242,V243,V244,V254,V255,V256",AGUA/GAA
182114,6TC3,"V1256,V2011,V1257,V1258,V1259,V1260,V1261,V1262,V1263,V2005,V2006,V2007,V2008,V2009,V2010","V1259,V1260,V1261,V1262,V2006,V2007,V2008",AGUA/GAA
182153,6TC3,"V239,V258,V240,V241,V242,V243,V244,V245,V253,V254,V255,V256,V257","V241,V242,V243,V244,V254,V255,V256",AGUA/GAA
182183,6TC3,"V245,V253,V239,V240,V241,V242,V243,V244,V258,V254,V255,V256,V257","V241,V242,V243,V244,V254,V255,V256",AGUA/GAA
182584,6TNN,"U1300,U2044,U2037,U2038,U2039,U2040,U2041,U2042,U2043,U1308,U1301,U1302,U1303,U1304,U1305,U1306,U1307","U1303,U1304,U1305,U1306,U2039,U2040,U2041",AGUA/GAA
182607,6TNN,"U239,U260,U254,U255,U256,U257,U258,U259,U240,U241,U242,U243,U244,U245,U246","U242,U243,U244,U245,U255,U256,U257",AGUA/GAA
182658,6TNN,"U195,U202,U203,U204,U205,U206,U207,U208,U209,U189,U190,U191,U192,U193,U194","U205,U206,U207,U208,U190,U191,U192",AGUA/GAA
182739,6TNU,"A1110,A1133,A1111,A1112,A1113,A1114,A1115,A1116,A1117,A1118,A1127,A1128,A1129,A1130,A1131,A1132","A1112,A1113,A1114,A1115,A1129,A1130,A1131",AGUA/GAA
182891,6TPQ,"U1300,U2044,U2037,U2038,U2039,U2040,U2041,U2042,U2043,U1308,U1301,U1302,U1303,U1304,U1305,U1306,U1307","U1303,U1304,U1305,U1306,U2039,U2040,U2041",AGUA/GAA
182914,6TPQ,"U239,U260,U254,U255,U256,U257,U258,U259,U240,U241,U242,U243,U244,U245,U246","U242,U243,U244,U245,U255,U256,U257",AGUA/GAA
183059,6U48,"A194,A201,A188,A189,A190,A191,A192,A193,A202,A203,A204,A205,A206,A207,A208","A204,A205,A206,A207,A189,A190,A191",AGUA/GAA
183060,6U48,"A194,A201,A188,A189,A190,A191,A192,A193,A208,A202,A203,A204,A205,A206,A207","A204,A205,A206,A207,A189,A190,A191",AGUA/GAA
183069,6U48,"A1262,A2017,A1263,A1264,A1265,A1266,A1267,A1268,A1269,A2011,A2012,A2013,A2014,A2015,A2016","A1265,A1266,A1267,A1268,A2012,A2013,A2014",AGUA/GAA
183115,6U48,"A239,A258,A240,A241,A242,A243,A244,A245,A253,A254,A255,A256,A257","A241,A242,A243,A244,A254,A255,A256",AGUA/GAA
183251,6UCQ,"A226,A247,A241,A242,A243,A244,A245,A246,A233,A227,A228,A229,A230,A231,A232","A229,A230,A231,A232,A242,A243,A244",AGUA/GAA
183424,6UFM,"B42,B63,B64,B65,B66,B67,B68,B69,B70,B71,B72,B35,B36,B37,B38,B39,B40,B41","B66,B67,B68,B69,B37,B38,B39",AGUA/GAA
183820,6UZ7,"A89,A97,A82,A83,A84,A85,A86,A87,A88,A103,A98,A99,A100,A101,A102","A85,A86,A87,A88,A98,A99,A100",AGUA/GAA
183821,6UZ7,"A89,A97,A98,A99,A100,A101,A102,A103,A82,A83,A84,A85,A86,A87,A88","A85,A86,A87,A88,A98,A99,A100",AGUA/GAA
183895,6V39,"E1257,E2013,E2007,E2008,E2009,E2010,E2011,E2012,E1264,E1258,E1259,E1260,E1261,E1262,E1263","E1260,E1261,E1262,E1263,E2008,E2009,E2010",AGUA/GAA
183896,6V39,"E1257,E2013,E1258,E1259,E1260,E1261,E1262,E1263,E1264,E2007,E2008,E2009,E2010,E2011,E2012","E1260,E1261,E1262,E1263,E2008,E2009,E2010",AGUA/GAA
183913,6V39,"E201,E208,E209,E210,E211,E212,E213,E214,E215,E195,E196,E197,E198,E199,E200","E211,E212,E213,E214,E196,E197,E198",AGUA/GAA
183964,6V39,"E252,E260,E261,E262,E263,E264,E265,E266,E245,E246,E247,E248,E249,E250,E251","E248,E249,E250,E251,E261,E262,E263",AGUA/GAA
184063,6V3A,"E1257,E2013,E2007,E2008,E2009,E2010,E2011,E2012,E1264,E1258,E1259,E1260,E1261,E1262,E1263","E1260,E1261,E1262,E1263,E2008,E2009,E2010",AGUA/GAA
184064,6V3A,"E1257,E2013,E1258,E1259,E1260,E1261,E1262,E1263,E1264,E2007,E2008,E2009,E2010,E2011,E2012","E1260,E1261,E1262,E1263,E2008,E2009,E2010",AGUA/GAA
184082,6V3A,"E201,E208,E209,E210,E211,E212,E213,E214,E215,E195,E196,E197,E198,E199,E200","E211,E212,E213,E214,E196,E197,E198",AGUA/GAA
184131,6V3A,"E252,E260,E261,E262,E263,E264,E265,E266,E245,E246,E247,E248,E249,E250,E251","E248,E249,E250,E251,E261,E262,E263",AGUA/GAA
184228,6V3B,"E1257,E2013,E2007,E2008,E2009,E2010,E2011,E2012,E1264,E1258,E1259,E1260,E1261,E1262,E1263","E1260,E1261,E1262,E1263,E2008,E2009,E2010",AGUA/GAA
184229,6V3B,"E1257,E2013,E1258,E1259,E1260,E1261,E1262,E1263,E1264,E2007,E2008,E2009,E2010,E2011,E2012","E1260,E1261,E1262,E1263,E2008,E2009,E2010",AGUA/GAA
184249,6V3B,"E201,E208,E209,E210,E211,E212,E213,E214,E215,E195,E196,E197,E198,E199,E200","E211,E212,E213,E214,E196,E197,E198",AGUA/GAA
184297,6V3B,"E252,E260,E261,E262,E263,E264,E265,E266,E245,E246,E247,E248,E249,E250,E251","E248,E249,E250,E251,E261,E262,E263",AGUA/GAA
184413,6V3D,"E201,E208,E209,E210,E211,E212,E213,E214,E215,E195,E196,E197,E198,E199,E200","E211,E212,E213,E214,E196,E197,E198",AGUA/GAA
186476,6W2S,"B238,B333,B239,B240,B241,B242,B243,B244,B326,B327,B328,B329,B330,B331,B332","B328,B329,B330,B331,B240,B241,B242",AGUA/GAA
186510,6W2S,"A1015,A1038,A1032,A1033,A1034,A1035,A1036,A1037,A1016,A1017,A1018,A1019,A1020,A1021,A1022,A1023","A1017,A1018,A1019,A1020,A1034,A1035,A1036",AGUA/GAA
186843,6W6L,"E71,E104,E98,E99,E100,E101,E102,E103,E78,E72,E73,E74,E75,E76,E77","E74,E75,E76,E77,E99,E100,E101",AGUA/GAA
186939,6W6P,"T1296,T2028,T2021,T2022,T2023,T2024,T2025,T2026,T2027,T1304,T1297,T1298,T1299,T1300,T1301,T1302,T1303","T1299,T1300,T1301,T1302,T2023,T2024,T2025",AGUA/GAA
186979,6W6P,"A463,A496,A497,A498,A499,A500,A501,A459,A460,A461,A462","A497,A498,A499,A500,A460,A461,A462",GGUA/GAA
187032,6W6P,"T187,T209,T188,T189,T190,T191,T192,T193,T194,T201,T202,T203,T204,T205,T206,T207,T208","T204,T205,T206,T207,T189,T190,T191",AGUA/GAA
187049,6W6P,"T245,T253,T254,T255,T256,T257,T258,T259,T238,T239,T240,T241,T242,T243,T244","T241,T242,T243,T244,T254,T255,T256",AGUA/GAA
187611,6WOO,"A2893,A2911,A2905,A2906,A2907,A2908,A2909,A2910,A2900,A2894,A2895,A2896,A2897,A2898,A2899","A2896,A2897,A2898,A2899,A2906,A2907,A2908",AGUA/GAA
187767,6WOO,"B72,B106,B100,B101,B102,B103,B104,B105,B80,B73,B74,B75,B76,B77,B78,B79","B76,B77,B78,B79,B101,B102,B103",AGUA/GAA
187769,6WOO,"B80,B100,B72,B73,B74,B75,B76,B77,B78,B79,B101,B102,B103,B104,B105,B106","B76,B77,B78,B79,B101,B102,B103",AGUA/GAA
187774,6WOO,"A89,A97,A82,A83,A84,A85,A86,A87,A88,A103,A98,A99,A100,A101,A102","A85,A86,A87,A88,A98,A99,A100",AGUA/GAA
187775,6WOO,"A89,A97,A98,A99,A100,A101,A102,A103,A82,A83,A84,A85,A86,A87,A88","A85,A86,A87,A88,A98,A99,A100",AGUA/GAA
187874,6WU9,"A197,A204,A205,A206,A207,A208,A209,A210,A211,A212,A190,A191,A192,A193,A194,A195,A196","A207,A208,A209,A210,A192,A193,A194",AGUA/GAA
187894,6WU9,"A1307,A2024,A2025,A2026,A2027,A2028,A2029,A2030,A2031,A1299,A1300,A1301,A1302,A1303,A1304,A1305,A1306","A1302,A1303,A1304,A1305,A2026,A2027,A2028",AGUA/GAA
187942,6WU9,"A241,A262,A256,A257,A258,A259,A260,A261,A248,A242,A243,A244,A245,A246,A247","A244,A245,A246,A247,A257,A258,A259",AGUA/GAA
188072,6WUB,"a461,a503,a498,a499,a500,a501,a502,a465,a462,a463,a464","a499,a500,a501,a502,a462,a463,a464",GGUA/GAA
188083,6WUB,"a465,a498,a461,a462,a463,a464,a503,a499,a500,a501,a502","a499,a500,a501,a502,a462,a463,a464",GGUA/GAA
188261,6WYV,"I239,I258,I253,I254,I255,I256,I257,I245,I240,I241,I242,I243,I244","I241,I242,I243,I244,I254,I255,I256",AGUA/GAA
188810,6XA1,"D78,D98,D99,D100,D101,D102,D103,D104,D71,D72,D73,D74,D75,D76,D77","D74,D75,D76,D77,D99,D100,D101",AGUA/GAA
188818,6XA1,"C3127,C3145,C3128,C3129,C3130,C3131,C3132,C3133,C3134,C3139,C3140,C3141,C3142,C3143,C3144","C3130,C3131,C3132,C3133,C3140,C3141,C3142",AGUA/GAA
188827,6XA1,"C81,C102,C82,C83,C84,C85,C86,C87,C88,C96,C97,C98,C99,C100,C101","C84,C85,C86,C87,C97,C98,C99",AGUA/GAA
189399,6XHV,"A176,A196,A189,A190,A191,A192,A193,A194,A195,A182,A177,A178,A179,A180,A181","A192,A193,A194,A195,A177,A178,A179",AGUA/GAA
189400,6XHV,"A176,A196,A177,A178,A179,A180,A181,A182,A189,A190,A191,A192,A193,A194,A195","A192,A193,A194,A195,A177,A178,A179",AGUA/GAA
189412,6XHV,"A226,A247,A241,A242,A243,A244,A245,A246,A233,A227,A228,A229,A230,A231,A232","A229,A230,A231,A232,A242,A243,A244",AGUA/GAA
189482,6XHV,"A1307,A2038,A1308,A1309,A1310,A1311,A1312,A1313,A1314,A2032,A2033,A2034,A2035,A2036,A2037","A1310,A1311,A1312,A1313,A2033,A2034,A2035",AGUA/GAA
189483,6XHV,"A1314,A2032,A1307,A1308,A1309,A1310,A1311,A1312,A1313,A2038,A2033,A2034,A2035,A2036,A2037","A1310,A1311,A1312,A1313,A2033,A2034,A2035",AGUA/GAA
189593,6XHW,"A176,A196,A189,A190,A191,A192,A193,A194,A195,A182,A177,A178,A179,A180,A181","A192,A193,A194,A195,A177,A178,A179",AGUA/GAA
189594,6XHW,"A176,A196,A177,A178,A179,A180,A181,A182,A189,A190,A191,A192,A193,A194,A195","A192,A193,A194,A195,A177,A178,A179",AGUA/GAA
189606,6XHW,"A226,A247,A241,A242,A243,A244,A245,A246,A233,A227,A228,A229,A230,A231,A232","A229,A230,A231,A232,A242,A243,A244",AGUA/GAA
189673,6XHW,"A1307,A2038,A1308,A1309,A1310,A1311,A1312,A1313,A1314,A2032,A2033,A2034,A2035,A2036,A2037","A1310,A1311,A1312,A1313,A2033,A2034,A2035",AGUA/GAA
189674,6XHW,"A1314,A2032,A1307,A1308,A1309,A1310,A1311,A1312,A1313,A2038,A2033,A2034,A2035,A2036,A2037","A1310,A1311,A1312,A1313,A2033,A2034,A2035",AGUA/GAA
189780,6XHX,"A176,A196,A189,A190,A191,A192,A193,A194,A195,A182,A177,A178,A179,A180,A181","A192,A193,A194,A195,A177,A178,A179",AGUA/GAA
189781,6XHX,"A176,A196,A177,A178,A179,A180,A181,A182,A189,A190,A191,A192,A193,A194,A195","A192,A193,A194,A195,A177,A178,A179",AGUA/GAA
189793,6XHX,"A226,A247,A241,A242,A243,A244,A245,A246,A233,A227,A228,A229,A230,A231,A232","A229,A230,A231,A232,A242,A243,A244",AGUA/GAA
189860,6XHX,"A1307,A2038,A1308,A1309,A1310,A1311,A1312,A1313,A1314,A2032,A2033,A2034,A2035,A2036,A2037","A1310,A1311,A1312,A1313,A2033,A2034,A2035",AGUA/GAA
189861,6XHX,"A1314,A2032,A1307,A1308,A1309,A1310,A1311,A1312,A1313,A2038,A2033,A2034,A2035,A2036,A2037","A1310,A1311,A1312,A1313,A2033,A2034,A2035",AGUA/GAA
189966,6XHY,"A176,A196,A189,A190,A191,A192,A193,A194,A195,A182,A177,A178,A179,A180,A181","A192,A193,A194,A195,A177,A178,A179",AGUA/GAA
189967,6XHY,"A176,A196,A177,A178,A179,A180,A181,A182,A189,A190,A191,A192,A193,A194,A195","A192,A193,A194,A195,A177,A178,A179",AGUA/GAA
189979,6XHY,"A226,A247,A241,A242,A243,A244,A245,A246,A233,A227,A228,A229,A230,A231,A232","A229,A230,A231,A232,A242,A243,A244",AGUA/GAA
190048,6XHY,"A1307,A2038,A1308,A1309,A1310,A1311,A1312,A1313,A1314,A2032,A2033,A2034,A2035,A2036,A2037","A1310,A1311,A1312,A1313,A2033,A2034,A2035",AGUA/GAA
190049,6XHY,"A1314,A2032,A1307,A1308,A1309,A1310,A1311,A1312,A1313,A2038,A2033,A2034,A2035,A2036,A2037","A1310,A1311,A1312,A1313,A2033,A2034,A2035",AGUA/GAA
190445,6XQD,"A176,A196,A189,A190,A191,A192,A193,A194,A195,A182,A177,A178,A179,A180,A181","A192,A193,A194,A195,A177,A178,A179",AGUA/GAA
190446,6XQD,"A176,A196,A177,A178,A179,A180,A181,A182,A189,A190,A191,A192,A193,A194,A195","A192,A193,A194,A195,A177,A178,A179",AGUA/GAA
190458,6XQD,"A226,A247,A241,A242,A243,A244,A245,A246,A233,A227,A228,A229,A230,A231,A232","A229,A230,A231,A232,A242,A243,A244",AGUA/GAA
190622,6XQE,"A176,A196,A189,A190,A191,A192,A193,A194,A195,A182,A177,A178,A179,A180,A181","A192,A193,A194,A195,A177,A178,A179",AGUA/GAA
190623,6XQE,"A176,A196,A177,A178,A179,A180,A181,A182,A189,A190,A191,A192,A193,A194,A195","A192,A193,A194,A195,A177,A178,A179",AGUA/GAA
190708,6XQE,"A1307,A2038,A1308,A1309,A1310,A1311,A1312,A1313,A1314,A2032,A2033,A2034,A2035,A2036,A2037","A1310,A1311,A1312,A1313,A2033,A2034,A2035",AGUA/GAA
190709,6XQE,"A1314,A2032,A1307,A1308,A1309,A1310,A1311,A1312,A1313,A2038,A2033,A2034,A2035,A2036,A2037","A1310,A1311,A1312,A1313,A2033,A2034,A2035",AGUA/GAA
190838,6XZ7,"A194,A201,A188,A189,A190,A191,A192,A193,A202,A203,A204,A205,A206,A207,A208","A204,A205,A206,A207,A189,A190,A191",AGUA/GAA
190839,6XZ7,"A194,A201,A188,A189,A190,A191,A192,A193,A208,A202,A203,A204,A205,A206,A207","A204,A205,A206,A207,A189,A190,A191",AGUA/GAA
190851,6XZ7,"A1262,A2017,A1263,A1264,A1265,A1266,A1267,A1268,A1269,A2011,A2012,A2013,A2014,A2015,A2016","A1265,A1266,A1267,A1268,A2012,A2013,A2014",AGUA/GAA
190896,6XZ7,"A239,A258,A240,A241,A242,A243,A244,A245,A253,A254,A255,A256,A257","A241,A242,A243,A244,A254,A255,A256",AGUA/GAA
191041,6XZA,"V1256,V2011,V1257,V1258,V1259,V1260,V1261,V1262,V1263,V2005,V2006,V2007,V2008,V2009,V2010","V1259,V1260,V1261,V1262,V2006,V2007,V2008",AGUA/GAA
191080,6XZA,"V239,V258,V240,V241,V242,V243,V244,V245,V253,V254,V255,V256,V257","V241,V242,V243,V244,V254,V255,V256",AGUA/GAA
191110,6XZA,"V245,V253,V239,V240,V241,V242,V243,V244,V258,V254,V255,V256,V257","V241,V242,V243,V244,V254,V255,V256",AGUA/GAA
191216,6XZA,"V188,V208,V189,V190,V191,V192,V193,V194,V201,V202,V203,V204,V205,V206,V207","V204,V205,V206,V207,V189,V190,V191",AGUA/GAA
191326,6XZB,"V1256,V2011,V1257,V1258,V1259,V1260,V1261,V1262,V1263,V2005,V2006,V2007,V2008,V2009,V2010","V1259,V1260,V1261,V1262,V2006,V2007,V2008",AGUA/GAA
191365,6XZB,"V239,V258,V240,V241,V242,V243,V244,V245,V253,V254,V255,V256,V257","V241,V242,V243,V244,V254,V255,V256",AGUA/GAA
191395,6XZB,"V245,V253,V239,V240,V241,V242,V243,V244,V258,V254,V255,V256,V257","V241,V242,V243,V244,V254,V255,V256",AGUA/GAA
191501,6XZB,"V188,V208,V189,V190,V191,V192,V193,V194,V201,V202,V203,V204,V205,V206,V207","V204,V205,V206,V207,V189,V190,V191",AGUA/GAA
191667,6Y0G,"E88,E96,E81,E82,E83,E84,E85,E86,E87,E102,E97,E98,E99,E100,E101","E84,E85,E86,E87,E97,E98,E99",AGUA/GAA
191668,6Y0G,"E88,E96,E81,E82,E83,E84,E85,E86,E87,E97,E98,E99,E100,E101,E102","E84,E85,E86,E87,E97,E98,E99",AGUA/GAA
191910,6Y2L,"E71,E104,E98,E99,E100,E101,E102,E103,E78,E72,E73,E74,E75,E76,E77","E74,E75,E76,E77,E99,E100,E101",AGUA/GAA
191980,6Y2L,"D81,D102,D82,D83,D84,D85,D86,D87,D88,D96,D97,D98,D99,D100,D101","D84,D85,D86,D87,D97,D98,D99",AGUA/GAA
191981,6Y2L,"D88,D96,D97,D98,D99,D100,D101,D102,D81,D82,D83,D84,D85,D86,D87","D84,D85,D86,D87,D97,D98,D99",AGUA/GAA
192436,6Y69,"V239,V258,V240,V241,V242,V243,V244,V245,V253,V254,V255,V256,V257","V241,V242,V243,V244,V254,V255,V256",AGUA/GAA
192454,6Y69,"V245,V253,V239,V240,V241,V242,V243,V244,V258,V254,V255,V256,V257","V241,V242,V243,V244,V254,V255,V256",AGUA/GAA
192482,6Y69,"V1269,V2011,V2012,V2013,V2014,V2015,V2016,V2017,V1262,V1263,V1264,V1265,V1266,V1267,V1268","V1265,V1266,V1267,V1268,V2012,V2013,V2014",AGUA/GAA
192565,6Y69,"V188,V208,V189,V190,V191,V192,V193,V194,V201,V202,V203,V204,V205,V206,V207","V204,V205,V206,V207,V189,V190,V191",AGUA/GAA
192702,6Y6X,"A81,A102,A96,A97,A98,A99,A100,A101,A82,A83,A84,A85,A86,A87,A88","A84,A85,A86,A87,A97,A98,A99",AGUA/GAA
192736,6Y6X,"B78,B98,B99,B100,B101,B102,B103,B104,B71,B72,B73,B74,B75,B76,B77","B74,B75,B76,B77,B99,B100,B101",AGUA/GAA
192737,6Y6X,"B71,B104,B98,B99,B100,B101,B102,B103,B72,B73,B74,B75,B76,B77,B78","B74,B75,B76,B77,B99,B100,B101",AGUA/GAA
192907,6YBW,"A1168,A1191,A1169,A1170,A1171,A1172,A1173,A1174,A1175,A1176,A1185,A1186,A1187,A1188,A1189,A1190","A1170,A1171,A1172,A1173,A1187,A1188,A1189",AGUA/GAA
192932,6YBW,"A1176,A1185,A1186,A1187,A1188,A1189,A1190,A1191,A1168,A1169,A1170,A1171,A1172,A1173,A1174,A1175","A1170,A1171,A1172,A1173,A1187,A1188,A1189",AGUA/GAA
193080,6YEF,"V1300,V2044,V1301,V1302,V1303,V1304,V1305,V1306,V1307,V1308,V2037,V2038,V2039,V2040,V2041,V2042,V2043","V1303,V1304,V1305,V1306,V2039,V2040,V2041",AGUA/GAA
193156,6YEF,"V241,V262,V256,V257,V258,V259,V260,V261,V248,V242,V243,V244,V245,V246,V247","V244,V245,V246,V247,V257,V258,V259",AGUA/GAA
193178,6YEF,"V197,V204,V190,V191,V192,V193,V194,V195,V196,V212,V205,V206,V207,V208,V209,V210,V211","V207,V208,V209,V210,V192,V193,V194",AGUA/GAA
193290,6YLG,"C80,C100,C101,C102,C103,C104,C105,C106,C72,C73,C74,C75,C76,C77,C78,C79","C76,C77,C78,C79,C101,C102,C103",AGUA/GAA
193386,6YLG,"A89,A97,A98,A99,A100,A101,A102,A103,A82,A83,A84,A85,A86,A87,A88","A85,A86,A87,A88,A98,A99,A100",AGUA/GAA
193387,6YLG,"A89,A97,A82,A83,A84,A85,A86,A87,A88,A103,A98,A99,A100,A101,A102","A85,A86,A87,A88,A98,A99,A100",AGUA/GAA
193436,6YLG,"A1444,A2359,A2354,A2355,A2356,A2357,A2358,A1450,A1445,A1446,A1447,A1448,A1449","A1446,A1447,A1448,A1449,A2355,A2356,A2357",AGUA/GAA
193504,6YLH,"C80,C100,C101,C102,C103,C104,C105,C106,C72,C73,C74,C75,C76,C77,C78,C79","C76,C77,C78,C79,C101,C102,C103",AGUA/GAA
193600,6YLH,"A89,A97,A98,A99,A100,A101,A102,A103,A82,A83,A84,A85,A86,A87,A88","A85,A86,A87,A88,A98,A99,A100",AGUA/GAA
193601,6YLH,"A89,A97,A82,A83,A84,A85,A86,A87,A88,A103,A98,A99,A100,A101,A102","A85,A86,A87,A88,A98,A99,A100",AGUA/GAA
193650,6YLH,"A1444,A2359,A2354,A2355,A2356,A2357,A2358,A1450,A1445,A1446,A1447,A1448,A1449","A1446,A1447,A1448,A1449,A2355,A2356,A2357",AGUA/GAA
193762,6YS3,"b1271,b2015,b2016,b2017,b2018,b2019,b2020,b2021,b1264,b1265,b1266,b1267,b1268,b1269,b1270","b1267,b1268,b1269,b1270,b2016,b2017,b2018",AGUA/GAA
193775,6YS3,"b239,b258,b253,b254,b255,b256,b257,b245,b240,b241,b242,b243,b244","b241,b242,b243,b244,b254,b255,b256",AGUA/GAA
193826,6YS3,"b194,b201,b188,b189,b190,b191,b192,b193,b202,b203,b204,b205,b206,b207,b208","b204,b205,b206,b207,b189,b190,b191",AGUA/GAA
193827,6YS3,"b188,b208,b189,b190,b191,b192,b193,b194,b201,b202,b203,b204,b205,b206,b207","b204,b205,b206,b207,b189,b190,b191",AGUA/GAA
193947,6YSR,"H245,H253,H254,H255,H256,H257,H258,H239,H240,H241,H242,H243,H244","H241,H242,H243,H244,H254,H255,H256",AGUA/GAA
193987,6YSR,"H194,H201,H188,H189,H190,H191,H192,H193,H202,H203,H204,H205,H206,H207,H208","H204,H205,H206,H207,H189,H190,H191",AGUA/GAA
194010,6YSR,"H1262,H2017,H1263,H1264,H1265,H1266,H1267,H1268,H1269,H2011,H2012,H2013,H2014,H2015,H2016","H1265,H1266,H1267,H1268,H2012,H2013,H2014",AGUA/GAA
194132,6YSS,"H245,H253,H254,H255,H256,H257,H258,H239,H240,H241,H242,H243,H244","H241,H242,H243,H244,H254,H255,H256",AGUA/GAA
194171,6YSS,"H194,H201,H188,H189,H190,H191,H192,H193,H202,H203,H204,H205,H206,H207,H208","H204,H205,H206,H207,H189,H190,H191",AGUA/GAA
194192,6YSS,"H1262,H2017,H1263,H1264,H1265,H1266,H1267,H1268,H1269,H2011,H2012,H2013,H2014,H2015,H2016","H1265,H1266,H1267,H1268,H2012,H2013,H2014",AGUA/GAA
194350,6YST,"H194,H201,H188,H189,H190,H191,H192,H193,H202,H203,H204,H205,H206,H207,H208","H204,H205,H206,H207,H189,H190,H191",AGUA/GAA
194373,6YST,"H1262,H2017,H1263,H1264,H1265,H1266,H1267,H1268,H1269,H2011,H2012,H2013,H2014,H2015,H2016","H1265,H1266,H1267,H1268,H2012,H2013,H2014",AGUA/GAA
194512,6YSU,"G1269,G2011,G2012,G2013,G2014,G2015,G2016,G2017,G1262,G1263,G1264,G1265,G1266,G1267,G1268","G1265,G1266,G1267,G1268,G2012,G2013,G2014",AGUA/GAA
194621,6YSU,"G188,G208,G201,G202,G203,G204,G205,G206,G207,G194,G189,G190,G191,G192,G193","G204,G205,G206,G207,G189,G190,G191",AGUA/GAA
194720,6YWE,"A1535,A2252,A1536,A1537,A1538,A1539,A1540,A1541,A1542,A2246,A2247,A2248,A2249,A2250,A2251","A1538,A1539,A1540,A1541,A2247,A2248,A2249",AGUA/GAA
194883,6YWS,"A1535,A2252,A1536,A1537,A1538,A1539,A1540,A1541,A1542,A2246,A2247,A2248,A2249,A2250,A2251","A1538,A1539,A1540,A1541,A2247,A2248,A2249",AGUA/GAA
195042,6YWV,"A1535,A2252,A1536,A1537,A1538,A1539,A1540,A1541,A1542,A2246,A2247,A2248,A2249,A2250,A2251","A1538,A1539,A1540,A1541,A2247,A2248,A2249",AGUA/GAA
195196,6YWX,"A1535,A2252,A1536,A1537,A1538,A1539,A1540,A1541,A1542,A2246,A2247,A2248,A2249,A2250,A2251","A1538,A1539,A1540,A1541,A2247,A2248,A2249",AGUA/GAA
195361,6YWY,"A1535,A2252,A1536,A1537,A1538,A1539,A1540,A1541,A1542,A2246,A2247,A2248,A2249,A2250,A2251","A1538,A1539,A1540,A1541,A2247,A2248,A2249",AGUA/GAA
195781,6Z6J,"C89,C97,C98,C99,C100,C101,C102,C103,C82,C83,C84,C85,C86,C87,C88","C85,C86,C87,C88,C98,C99,C100",AGUA/GAA
196087,6Z6K,"C89,C97,C98,C99,C100,C101,C102,C103,C82,C83,C84,C85,C86,C87,C88","C85,C86,C87,C88,C98,C99,C100",AGUA/GAA
196340,6Z6L,"B78,B98,B99,B100,B101,B102,B103,B104,B71,B72,B73,B74,B75,B76,B77","B74,B75,B76,B77,B99,B100,B101",AGUA/GAA
196341,6Z6L,"B71,B104,B98,B99,B100,B101,B102,B103,B72,B73,B74,B75,B76,B77,B78","B74,B75,B76,B77,B99,B100,B101",AGUA/GAA
196411,6Z6L,"A4596,A4614,A4597,A4598,A4599,A4600,A4601,A4602,A4603,A4608,A4609,A4610,A4611,A4612,A4613","A4599,A4600,A4601,A4602,A4609,A4610,A4611",AGUA/GAA
196429,6Z6L,"A81,A102,A96,A97,A98,A99,A100,A101,A82,A83,A84,A85,A86,A87,A88","A84,A85,A86,A87,A97,A98,A99",AGUA/GAA
196584,6Z6M,"B78,B98,B99,B100,B101,B102,B103,B104,B71,B72,B73,B74,B75,B76,B77","B74,B75,B76,B77,B99,B100,B101",AGUA/GAA
196585,6Z6M,"B71,B104,B98,B99,B100,B101,B102,B103,B72,B73,B74,B75,B76,B77,B78","B74,B75,B76,B77,B99,B100,B101",AGUA/GAA
196652,6Z6M,"A4596,A4614,A4597,A4598,A4599,A4600,A4601,A4602,A4603,A4608,A4609,A4610,A4611,A4612,A4613","A4599,A4600,A4601,A4602,A4609,A4610,A4611",AGUA/GAA
196673,6Z6M,"A81,A102,A96,A97,A98,A99,A100,A101,A82,A83,A84,A85,A86,A87,A88","A84,A85,A86,A87,A97,A98,A99",AGUA/GAA
196828,6Z6N,"B78,B98,B99,B100,B101,B102,B103,B104,B71,B72,B73,B74,B75,B76,B77","B74,B75,B76,B77,B99,B100,B101",AGUA/GAA
196829,6Z6N,"B71,B104,B98,B99,B100,B101,B102,B103,B72,B73,B74,B75,B76,B77,B78","B74,B75,B76,B77,B99,B100,B101",AGUA/GAA
196898,6Z6N,"A4596,A4614,A4597,A4598,A4599,A4600,A4601,A4602,A4603,A4608,A4609,A4610,A4611,A4612,A4613","A4599,A4600,A4601,A4602,A4609,A4610,A4611",AGUA/GAA
196917,6Z6N,"A81,A102,A96,A97,A98,A99,A100,A101,A82,A83,A84,A85,A86,A87,A88","A84,A85,A86,A87,A97,A98,A99",AGUA/GAA
197288,6ZM5,"A75,A83,A84,A85,A86,A87,A88,A69,A70,A71,A72,A73,A74","A71,A72,A73,A74,A84,A85,A86",AGUA/GAA
197294,6ZM5,"A643,A1004,A1005,A1006,A1007,A1008,A1009,A1010,A636,A637,A638,A639,A640,A641,A642","A639,A640,A641,A642,A1005,A1006,A1007",AGUA/GAA
197373,6ZM6,"A75,A83,A84,A85,A86,A87,A88,A69,A70,A71,A72,A73,A74","A71,A72,A73,A74,A84,A85,A86",AGUA/GAA
197379,6ZM6,"A643,A1004,A1005,A1006,A1007,A1008,A1009,A1010,A636,A637,A638,A639,A640,A641,A642","A639,A640,A641,A642,A1005,A1006,A1007",AGUA/GAA
197495,6ZM7,"B78,B98,B99,B100,B101,B102,B103,B104,B71,B72,B73,B74,B75,B76,B77","B74,B75,B76,B77,B99,B100,B101",AGUA/GAA
197496,6ZM7,"B71,B104,B98,B99,B100,B101,B102,B103,B72,B73,B74,B75,B76,B77,B78","B74,B75,B76,B77,B99,B100,B101",AGUA/GAA
197569,6ZM7,"A81,A102,A96,A97,A98,A99,A100,A101,A82,A83,A84,A85,A86,A87,A88","A84,A85,A86,A87,A97,A98,A99",AGUA/GAA
197747,6ZME,"B78,B98,B99,B100,B101,B102,B103,B104,B71,B72,B73,B74,B75,B76,B77","B74,B75,B76,B77,B99,B100,B101",AGUA/GAA
197748,6ZME,"B71,B104,B98,B99,B100,B101,B102,B103,B72,B73,B74,B75,B76,B77,B78","B74,B75,B76,B77,B99,B100,B101",AGUA/GAA
197822,6ZME,"A81,A102,A96,A97,A98,A99,A100,A101,A82,A83,A84,A85,A86,A87,A88","A84,A85,A86,A87,A97,A98,A99",AGUA/GAA
197995,6ZMI,"B78,B98,B99,B100,B101,B102,B103,B104,B71,B72,B73,B74,B75,B76,B77","B74,B75,B76,B77,B99,B100,B101",AGUA/GAA
197996,6ZMI,"B71,B104,B98,B99,B100,B101,B102,B103,B72,B73,B74,B75,B76,B77,B78","B74,B75,B76,B77,B99,B100,B101",AGUA/GAA
198069,6ZMI,"A81,A102,A96,A97,A98,A99,A100,A101,A82,A83,A84,A85,A86,A87,A88","A84,A85,A86,A87,A97,A98,A99",AGUA/GAA
198092,6ZMI,"A4600,A4605,A4593,A4594,A4595,A4596,A4597,A4598,A4599,A4606,A4607,A4608,A4609,A4610,A4611","A4596,A4597,A4598,A4599,A4606,A4607,A4608",AGUA/GAA
198240,6ZMO,"B78,B98,B99,B100,B101,B102,B103,B104,B71,B72,B73,B74,B75,B76,B77","B74,B75,B76,B77,B99,B100,B101",AGUA/GAA
198241,6ZMO,"B71,B104,B98,B99,B100,B101,B102,B103,B72,B73,B74,B75,B76,B77,B78","B74,B75,B76,B77,B99,B100,B101",AGUA/GAA
198316,6ZMO,"A81,A102,A96,A97,A98,A99,A100,A101,A82,A83,A84,A85,A86,A87,A88","A84,A85,A86,A87,A97,A98,A99",AGUA/GAA
198447,6ZMW,"X1176,X1185,X1168,X1169,X1170,X1171,X1172,X1173,X1174,X1175,X1191,X1186,X1187,X1188,X1189,X1190","X1170,X1171,X1172,X1173,X1187,X1188,X1189",AGUA/GAA
198600,6ZON,"T1176,T1185,T1186,T1187,T1188,T1189,T1190,T1191,T1168,T1169,T1170,T1171,T1172,T1173,T1174,T1175","T1170,T1171,T1172,T1173,T1187,T1188,T1189",AGUA/GAA
198660,6ZP4,"R1168,R1191,R1169,R1170,R1171,R1172,R1173,R1174,R1175,R1176,R1185,R1186,R1187,R1188,R1189,R1190","R1170,R1171,R1172,R1173,R1187,R1188,R1189",AGUA/GAA
198951,6ZS9,"K636,K1010,K637,K638,K639,K640,K641,K642,K643,K1004,K1005,K1006,K1007,K1008,K1009","K639,K640,K641,K642,K1005,K1006,K1007",AGUA/GAA
199088,6ZSA,"K636,K1010,K637,K638,K639,K640,K641,K642,K643,K1004,K1005,K1006,K1007,K1008,K1009","K639,K640,K641,K642,K1005,K1006,K1007",AGUA/GAA
199292,6ZSC,"K75,K83,K84,K85,K86,K87,K88,K69,K70,K71,K72,K73,K74","K71,K72,K73,K74,K84,K85,K86",AGUA/GAA
199422,6ZSD,"K75,K83,K84,K85,K86,K87,K88,K69,K70,K71,K72,K73,K74","K71,K72,K73,K74,K84,K85,K86",AGUA/GAA
199481,6ZSD,"K636,K1010,K637,K638,K639,K640,K641,K642,K643,K1004,K1005,K1006,K1007,K1008,K1009","K639,K640,K641,K642,K1005,K1006,K1007",AGUA/GAA
199849,6ZTJ,"Z188,Z208,Z201,Z202,Z203,Z204,Z205,Z206,Z207,Z189,Z190,Z191,Z192,Z193,Z194","Z204,Z205,Z206,Z207,Z189,Z190,Z191",AGUA/GAA
199962,6ZTJ,"Z239,Z258,Z240,Z241,Z242,Z243,Z244,Z245,Z253,Z254,Z255,Z256,Z257","Z241,Z242,Z243,Z244,Z254,Z255,Z256",AGUA/GAA
199975,6ZTJ,"Z1269,Z2011,Z1262,Z1263,Z1264,Z1265,Z1266,Z1267,Z1268,Z2017,Z2012,Z2013,Z2014,Z2015,Z2016","Z1265,Z1266,Z1267,Z1268,Z2012,Z2013,Z2014",AGUA/GAA
199976,6ZTJ,"Z1269,Z2011,Z1262,Z1263,Z1264,Z1265,Z1266,Z1267,Z1268,Z2012,Z2013,Z2014,Z2015,Z2016,Z2017","Z1265,Z1266,Z1267,Z1268,Z2012,Z2013,Z2014",AGUA/GAA
200241,6ZTL,"Y1269,Y2011,Y2012,Y2013,Y2014,Y2015,Y2016,Y2017,Y1262,Y1263,Y1264,Y1265,Y1266,Y1267,Y1268","Y1265,Y1266,Y1267,Y1268,Y2012,Y2013,Y2014",AGUA/GAA
200294,6ZTL,"Y1269,Y2011,Y1262,Y1263,Y1264,Y1265,Y1266,Y1267,Y1268,Y2017,Y2012,Y2013,Y2014,Y2015,Y2016","Y1265,Y1266,Y1267,Y1268,Y2012,Y2013,Y2014",AGUA/GAA
200295,6ZTL,"Y1262,Y2017,Y1263,Y1264,Y1265,Y1266,Y1267,Y1268,Y1269,Y2011,Y2012,Y2013,Y2014,Y2015,Y2016","Y1265,Y1266,Y1267,Y1268,Y2012,Y2013,Y2014",AGUA/GAA
200516,6ZTM,"Y245,Y253,Y239,Y240,Y241,Y242,Y243,Y244,Y258,Y254,Y255,Y256,Y257","Y241,Y242,Y243,Y244,Y254,Y255,Y256",AGUA/GAA
200517,6ZTM,"Y1269,Y2011,Y2012,Y2013,Y2014,Y2015,Y2016,Y2017,Y1262,Y1263,Y1264,Y1265,Y1266,Y1267,Y1268","Y1265,Y1266,Y1267,Y1268,Y2012,Y2013,Y2014",AGUA/GAA
200575,6ZTM,"Y1269,Y2011,Y1262,Y1263,Y1264,Y1265,Y1266,Y1267,Y1268,Y2017,Y2012,Y2013,Y2014,Y2015,Y2016","Y1265,Y1266,Y1267,Y1268,Y2012,Y2013,Y2014",AGUA/GAA
200576,6ZTM,"Y1262,Y2017,Y1263,Y1264,Y1265,Y1266,Y1267,Y1268,Y1269,Y2011,Y2012,Y2013,Y2014,Y2015,Y2016","Y1265,Y1266,Y1267,Y1268,Y2012,Y2013,Y2014",AGUA/GAA
200579,6ZTM,"Y194,Y201,Y188,Y189,Y190,Y191,Y192,Y193,Y208,Y202,Y203,Y204,Y205,Y206,Y207","Y204,Y205,Y206,Y207,Y189,Y190,Y191",AGUA/GAA
200580,6ZTM,"Y194,Y201,Y188,Y189,Y190,Y191,Y192,Y193,Y202,Y203,Y204,Y205,Y206,Y207,Y208","Y204,Y205,Y206,Y207,Y189,Y190,Y191",AGUA/GAA
200687,6ZTN,"Z188,Z208,Z201,Z202,Z203,Z204,Z205,Z206,Z207,Z189,Z190,Z191,Z192,Z193,Z194","Z204,Z205,Z206,Z207,Z189,Z190,Z191",AGUA/GAA
200816,6ZTN,"Z1269,Z2011,Z1262,Z1263,Z1264,Z1265,Z1266,Z1267,Z1268,Z2017,Z2012,Z2013,Z2014,Z2015,Z2016","Z1265,Z1266,Z1267,Z1268,Z2012,Z2013,Z2014",AGUA/GAA
200817,6ZTN,"Z1269,Z2011,Z1262,Z1263,Z1264,Z1265,Z1266,Z1267,Z1268,Z2012,Z2013,Z2014,Z2015,Z2016,Z2017","Z1265,Z1266,Z1267,Z1268,Z2012,Z2013,Z2014",AGUA/GAA
201086,6ZTO,"Y245,Y253,Y239,Y240,Y241,Y242,Y243,Y244,Y258,Y254,Y255,Y256,Y257","Y241,Y242,Y243,Y244,Y254,Y255,Y256",AGUA/GAA
201087,6ZTO,"Y1269,Y2011,Y2012,Y2013,Y2014,Y2015,Y2016,Y2017,Y1262,Y1263,Y1264,Y1265,Y1266,Y1267,Y1268","Y1265,Y1266,Y1267,Y1268,Y2012,Y2013,Y2014",AGUA/GAA
201141,6ZTO,"Y1269,Y2011,Y1262,Y1263,Y1264,Y1265,Y1266,Y1267,Y1268,Y2017,Y2012,Y2013,Y2014,Y2015,Y2016","Y1265,Y1266,Y1267,Y1268,Y2012,Y2013,Y2014",AGUA/GAA
201142,6ZTO,"Y1262,Y2017,Y1263,Y1264,Y1265,Y1266,Y1267,Y1268,Y1269,Y2011,Y2012,Y2013,Y2014,Y2015,Y2016","Y1265,Y1266,Y1267,Y1268,Y2012,Y2013,Y2014",AGUA/GAA
201145,6ZTO,"Y194,Y201,Y188,Y189,Y190,Y191,Y192,Y193,Y208,Y202,Y203,Y204,Y205,Y206,Y207","Y204,Y205,Y206,Y207,Y189,Y190,Y191",AGUA/GAA
201146,6ZTO,"Y194,Y201,Y188,Y189,Y190,Y191,Y192,Y193,Y202,Y203,Y204,Y205,Y206,Y207,Y208","Y204,Y205,Y206,Y207,Y189,Y190,Y191",AGUA/GAA
201366,6ZTP,"Y245,Y253,Y239,Y240,Y241,Y242,Y243,Y244,Y258,Y254,Y255,Y256,Y257","Y241,Y242,Y243,Y244,Y254,Y255,Y256",AGUA/GAA
201367,6ZTP,"Y1269,Y2011,Y2012,Y2013,Y2014,Y2015,Y2016,Y2017,Y1262,Y1263,Y1264,Y1265,Y1266,Y1267,Y1268","Y1265,Y1266,Y1267,Y1268,Y2012,Y2013,Y2014",AGUA/GAA
201421,6ZTP,"Y1269,Y2011,Y1262,Y1263,Y1264,Y1265,Y1266,Y1267,Y1268,Y2017,Y2012,Y2013,Y2014,Y2015,Y2016","Y1265,Y1266,Y1267,Y1268,Y2012,Y2013,Y2014",AGUA/GAA
201422,6ZTP,"Y1262,Y2017,Y1263,Y1264,Y1265,Y1266,Y1267,Y1268,Y1269,Y2011,Y2012,Y2013,Y2014,Y2015,Y2016","Y1265,Y1266,Y1267,Y1268,Y2012,Y2013,Y2014",AGUA/GAA
201425,6ZTP,"Y194,Y201,Y188,Y189,Y190,Y191,Y192,Y193,Y208,Y202,Y203,Y204,Y205,Y206,Y207","Y204,Y205,Y206,Y207,Y189,Y190,Y191",AGUA/GAA
201426,6ZTP,"Y194,Y201,Y188,Y189,Y190,Y191,Y192,Y193,Y202,Y203,Y204,Y205,Y206,Y207,Y208","Y204,Y205,Y206,Y207,Y189,Y190,Y191",AGUA/GAA
201646,6ZU1,"Y245,Y253,Y239,Y240,Y241,Y242,Y243,Y244,Y258,Y254,Y255,Y256,Y257","Y241,Y242,Y243,Y244,Y254,Y255,Y256",AGUA/GAA
201647,6ZU1,"Y1269,Y2011,Y2012,Y2013,Y2014,Y2015,Y2016,Y2017,Y1262,Y1263,Y1264,Y1265,Y1266,Y1267,Y1268","Y1265,Y1266,Y1267,Y1268,Y2012,Y2013,Y2014",AGUA/GAA
201701,6ZU1,"Y1269,Y2011,Y1262,Y1263,Y1264,Y1265,Y1266,Y1267,Y1268,Y2017,Y2012,Y2013,Y2014,Y2015,Y2016","Y1265,Y1266,Y1267,Y1268,Y2012,Y2013,Y2014",AGUA/GAA
201702,6ZU1,"Y1262,Y2017,Y1263,Y1264,Y1265,Y1266,Y1267,Y1268,Y1269,Y2011,Y2012,Y2013,Y2014,Y2015,Y2016","Y1265,Y1266,Y1267,Y1268,Y2012,Y2013,Y2014",AGUA/GAA
201705,6ZU1,"Y194,Y201,Y188,Y189,Y190,Y191,Y192,Y193,Y208,Y202,Y203,Y204,Y205,Y206,Y207","Y204,Y205,Y206,Y207,Y189,Y190,Y191",AGUA/GAA
201706,6ZU1,"Y194,Y201,Y188,Y189,Y190,Y191,Y192,Y193,Y202,Y203,Y204,Y205,Y206,Y207,Y208","Y204,Y205,Y206,Y207,Y189,Y190,Y191",AGUA/GAA
201826,6ZU5,"A175,A198,A176,A177,A178,A179,A180,A181,A182,A183,A191,A192,A193,A194,A195,A196,A197","A179,A180,A181,A182,A192,A193,A194",AGUA/GAA
201827,6ZU5,"A1152,A1828,A1823,A1824,A1825,A1826,A1827,A1158,A1153,A1154,A1155,A1156,A1157","A1154,A1155,A1156,A1157,A1824,A1825,A1826",AGUA/GAA
201828,6ZU5,"A1152,A1828,A1823,A1824,A1825,A1826,A1827,A1153,A1154,A1155,A1156,A1157,A1158","A1154,A1155,A1156,A1157,A1824,A1825,A1826",AGUA/GAA
201848,6ZU5,"A2414,A2419,A2408,A2409,A2410,A2411,A2412,A2413,A2424,A2420,A2421,A2422,A2423","A2410,A2411,A2412,A2413,A2420,A2421,A2422",AGUA/GAA
201881,6ZU5,"B78,B98,B70,B71,B72,B73,B74,B75,B76,B77,B105,B99,B100,B101,B102,B103,B104","B74,B75,B76,B77,B99,B100,B101",AGUA/GAA
201922,6ZVI,"h1111,h1134,h1128,h1129,h1130,h1131,h1132,h1133,h1112,h1113,h1114,h1115,h1116,h1117,h1118,h1119","h1113,h1114,h1115,h1116,h1130,h1131,h1132",AGUA/GAA
202840,7A0R,"X171,X178,X179,X180,X181,X182,X183,X184,X185,X165,X166,X167,X168,X169,X170","X181,X182,X183,X184,X166,X167,X168",AGUA/GAA
202855,7A0R,"X222,X230,X215,X216,X217,X218,X219,X220,X221,X236,X231,X232,X233,X234,X235","X218,X219,X220,X221,X231,X232,X233",AGUA/GAA
202856,7A0R,"X215,X236,X216,X217,X218,X219,X220,X221,X222,X230,X231,X232,X233,X234,X235","X218,X219,X220,X221,X231,X232,X233",AGUA/GAA
203070,7A18,"X1275,X2000,X1994,X1995,X1996,X1997,X1998,X1999,X1276,X1277,X1278,X1279,X1280,X1281,X1282","X1278,X1279,X1280,X1281,X1995,X1996,X1997",AGUA/GAA
203071,7A18,"X1282,X1994,X1995,X1996,X1997,X1998,X1999,X2000,X1275,X1276,X1277,X1278,X1279,X1280,X1281","X1278,X1279,X1280,X1281,X1995,X1996,X1997",AGUA/GAA
203082,7A18,"X1275,X2000,X1994,X1995,X1996,X1997,X1998,X1999,X1282,X1276,X1277,X1278,X1279,X1280,X1281","X1278,X1279,X1280,X1281,X1995,X1996,X1997",AGUA/GAA
203241,7A5G,"B643,B1004,B1005,B1006,B1007,B1008,B1009,B1010,B636,B637,B638,B639,B640,B641,B642","B639,B640,B641,B642,B1005,B1006,B1007",AGUA/GAA
203242,7A5G,"B636,B1010,B637,B638,B639,B640,B641,B642,B643,B1004,B1005,B1006,B1007,B1008,B1009","B639,B640,B641,B642,B1005,B1006,B1007",AGUA/GAA
203247,7A5G,"B76,B82,B69,B70,B71,B72,B73,B74,B75,B88,B83,B84,B85,B86,B87","B71,B72,B73,B74,B84,B85,B86",AGUA/GAA
203320,7A5I,"B643,B1004,B1005,B1006,B1007,B1008,B1009,B1010,B636,B637,B638,B639,B640,B641,B642","B639,B640,B641,B642,B1005,B1006,B1007",AGUA/GAA
203321,7A5I,"B636,B1010,B637,B638,B639,B640,B641,B642,B643,B1004,B1005,B1006,B1007,B1008,B1009","B639,B640,B641,B642,B1005,B1006,B1007",AGUA/GAA
203547,7ABZ,"A194,A201,A188,A189,A190,A191,A192,A193,A202,A203,A204,A205,A206,A207,A208","A204,A205,A206,A207,A189,A190,A191",AGUA/GAA
203548,7ABZ,"A194,A201,A188,A189,A190,A191,A192,A193,A208,A202,A203,A204,A205,A206,A207","A204,A205,A206,A207,A189,A190,A191",AGUA/GAA
204878,7AQC,"A197,A204,A205,A206,A207,A208,A209,A210,A211,A191,A192,A193,A194,A195,A196","A207,A208,A209,A210,A192,A193,A194",AGUA/GAA
204915,7AQC,"A241,A262,A256,A257,A258,A259,A260,A261,A248,A242,A243,A244,A245,A246,A247","A244,A245,A246,A247,A257,A258,A259",AGUA/GAA
204949,7AQC,"A1302,A2046,A2039,A2040,A2041,A2042,A2043,A2044,A2045,A1310,A1303,A1304,A1305,A1306,A1307,A1308,A1309","A1305,A1306,A1307,A1308,A2041,A2042,A2043",AGUA/GAA
205042,7AQD,"A197,A204,A205,A206,A207,A208,A209,A210,A211,A191,A192,A193,A194,A195,A196","A207,A208,A209,A210,A192,A193,A194",AGUA/GAA
205083,7AQD,"A241,A262,A256,A257,A258,A259,A260,A261,A248,A242,A243,A244,A245,A246,A247","A244,A245,A246,A247,A257,A258,A259",AGUA/GAA
205119,7AQD,"A1302,A2046,A2039,A2040,A2041,A2042,A2043,A2044,A2045,A1310,A1303,A1304,A1305,A1306,A1307,A1308,A1309","A1305,A1306,A1307,A1308,A2041,A2042,A2043",AGUA/GAA
205217,7AS8,"A197,A204,A205,A206,A207,A208,A209,A210,A211,A191,A192,A193,A194,A195,A196","A207,A208,A209,A210,A192,A193,A194",AGUA/GAA
205254,7AS8,"A241,A262,A256,A257,A258,A259,A260,A261,A248,A242,A243,A244,A245,A246,A247","A244,A245,A246,A247,A257,A258,A259",AGUA/GAA
205286,7AS8,"A1302,A2046,A2039,A2040,A2041,A2042,A2043,A2044,A2045,A1310,A1303,A1304,A1305,A1306,A1307,A1308,A1309","A1305,A1306,A1307,A1308,A2041,A2042,A2043",AGUA/GAA
205671,7ASM,"A197,A204,A205,A206,A207,A208,A209,A210,A211,A212,A190,A191,A192,A193,A194,A195,A196","A207,A208,A209,A210,A192,A193,A194",AGUA/GAA
205741,7ASM,"A241,A262,A256,A257,A258,A259,A260,A261,A248,A242,A243,A244,A245,A246,A247","A244,A245,A246,A247,A257,A258,A259",AGUA/GAA
205755,7ASM,"A1308,A2037,A1300,A1301,A1302,A1303,A1304,A1305,A1306,A1307,A2038,A2039,A2040,A2041,A2042,A2043,A2044","A1303,A1304,A1305,A1306,A2039,A2040,A2041",AGUA/GAA
205832,7ASN,"A197,A204,A205,A206,A207,A208,A209,A210,A211,A212,A190,A191,A192,A193,A194,A195,A196","A207,A208,A209,A210,A192,A193,A194",AGUA/GAA
205890,7ASN,"A241,A262,A256,A257,A258,A259,A260,A261,A248,A242,A243,A244,A245,A246,A247","A244,A245,A246,A247,A257,A258,A259",AGUA/GAA
205904,7ASN,"A1308,A2037,A1300,A1301,A1302,A1303,A1304,A1305,A1306,A1307,A2038,A2039,A2040,A2041,A2042,A2043,A2044","A1303,A1304,A1305,A1306,A2039,A2040,A2041",AGUA/GAA
206426,7B5K,"A194,A201,A188,A189,A190,A191,A192,A193,A202,A203,A204,A205,A206,A207,A208","A204,A205,A206,A207,A189,A190,A191",AGUA/GAA
206427,7B5K,"A194,A201,A188,A189,A190,A191,A192,A193,A208,A202,A203,A204,A205,A206,A207","A204,A205,A206,A207,A189,A190,A191",AGUA/GAA
206490,7B5K,"A239,A258,A240,A241,A242,A243,A244,A245,A253,A254,A255,A256,A257","A241,A242,A243,A244,A254,A255,A256",AGUA/GAA
206500,7B5K,"A1256,A2011,A1257,A1258,A1259,A1260,A1261,A1262,A1263,A2005,A2006,A2007,A2008,A2009,A2010","A1259,A1260,A1261,A1262,A2006,A2007,A2008",AGUA/GAA
206643,7B7D,"A1083,A1106,A1084,A1085,A1086,A1087,A1088,A1089,A1090,A1091,A1100,A1101,A1102,A1103,A1104,A1105","A1085,A1086,A1087,A1088,A1102,A1103,A1104",AGUA/GAA
206913,7BHP,"A81,A102,A96,A97,A98,A99,A100,A101,A82,A83,A84,A85,A86,A87,A88","A84,A85,A86,A87,A97,A98,A99",AGUA/GAA
206915,7BHP,"A2358,A3863,A3858,A3859,A3860,A3861,A3862,A2364,A2359,A2360,A2361,A2362,A2363","A2360,A2361,A2362,A2363,A3859,A3860,A3861",AGUA/GAA
206951,7BHP,"B78,B98,B99,B100,B101,B102,B103,B104,B71,B72,B73,B74,B75,B76,B77","B74,B75,B76,B77,B99,B100,B101",AGUA/GAA
206952,7BHP,"B71,B104,B98,B99,B100,B101,B102,B103,B72,B73,B74,B75,B76,B77,B78","B74,B75,B76,B77,B99,B100,B101",AGUA/GAA
206975,7BHP,"A4596,A4614,A4597,A4598,A4599,A4600,A4601,A4602,A4603,A4608,A4609,A4610,A4611,A4612,A4613","A4599,A4600,A4601,A4602,A4609,A4610,A4611",AGUA/GAA
207125,7BL2,"A201,A208,A195,A196,A197,A198,A199,A200,A209,A210,A211,A212,A213,A214,A215","A211,A212,A213,A214,A196,A197,A198",AGUA/GAA
207144,7BL2,"A1269,A2024,A2018,A2019,A2020,A2021,A2022,A2023,A1276,A1270,A1271,A1272,A1273,A1274,A1275","A1272,A1273,A1274,A1275,A2019,A2020,A2021",AGUA/GAA
207310,7BL3,"A201,A208,A195,A196,A197,A198,A199,A200,A209,A210,A211,A212,A213,A214,A215","A211,A212,A213,A214,A196,A197,A198",AGUA/GAA
207328,7BL3,"A1269,A2024,A2018,A2019,A2020,A2021,A2022,A2023,A1276,A1270,A1271,A1272,A1273,A1274,A1275","A1272,A1273,A1274,A1275,A2019,A2020,A2021",AGUA/GAA
207504,7BL4,"A1262,A2017,A1263,A1264,A1265,A1266,A1267,A1268,A1269,A2011,A2012,A2013,A2014,A2015,A2016","A1265,A1266,A1267,A1268,A2012,A2013,A2014",AGUA/GAA
207868,7BL6,"A194,A201,A188,A189,A190,A191,A192,A193,A202,A203,A204,A205,A206,A207,A208","A204,A205,A206,A207,A189,A190,A191",AGUA/GAA
207869,7BL6,"A194,A201,A188,A189,A190,A191,A192,A193,A208,A202,A203,A204,A205,A206,A207","A204,A205,A206,A207,A189,A190,A191",AGUA/GAA
207882,7BL6,"A1262,A2017,A1263,A1264,A1265,A1266,A1267,A1268,A1269,A2011,A2012,A2013,A2014,A2015,A2016","A1265,A1266,A1267,A1268,A2012,A2013,A2014",AGUA/GAA
208565,7BV8,"A1262,A2017,A1263,A1264,A1265,A1266,A1267,A1268,A1269,A2011,A2012,A2013,A2014,A2015,A2016","A1265,A1266,A1267,A1268,A2012,A2013,A2014",AGUA/GAA
208907,7CPJ,"V1269,V2011,V2012,V2013,V2014,V2015,V2016,V2017,V1262,V1263,V1264,V1265,V1266,V1267,V1268","V1265,V1266,V1267,V1268,V2012,V2013,V2014",AGUA/GAA
208986,7CPJ,"V188,V208,V189,V190,V191,V192,V193,V194,V201,V202,V203,V204,V205,V206,V207","V204,V205,V206,V207,V189,V190,V191",AGUA/GAA
209588,7D6Z,"G1269,G2011,G2012,G2013,G2014,G2015,G2016,G2017,G1262,G1263,G1264,G1265,G1266,G1267,G1268","G1265,G1266,G1267,G1268,G2012,G2013,G2014",AGUA/GAA
209698,7D6Z,"G188,G208,G201,G202,G203,G204,G205,G206,G207,G194,G189,G190,G191,G192,G193","G204,G205,G206,G207,G189,G190,G191",AGUA/GAA
211084,7F5S,"D78,D98,D99,D100,D101,D102,D103,D104,D71,D72,D73,D74,D75,D76,D77","D74,D75,D76,D77,D99,D100,D101",AGUA/GAA
211089,7F5S,"C81,C102,C82,C83,C84,C85,C86,C87,C88,C96,C97,C98,C99,C100,C101","C84,C85,C86,C87,C97,C98,C99",AGUA/GAA
211344,7JIL,"X222,X230,X215,X216,X217,X218,X219,X220,X221,X236,X231,X232,X233,X234,X235","X218,X219,X220,X221,X231,X232,X233",AGUA/GAA
211345,7JIL,"X215,X236,X216,X217,X218,X219,X220,X221,X222,X230,X231,X232,X233,X234,X235","X218,X219,X220,X221,X231,X232,X233",AGUA/GAA
211398,7JIL,"X1289,X2010,X1282,X1283,X1284,X1285,X1286,X1287,X1288,X2016,X2011,X2012,X2013,X2014,X2015","X1285,X1286,X1287,X1288,X2011,X2012,X2013",AGUA/GAA
211505,7JQB,"A1168,A1191,A1169,A1170,A1171,A1172,A1173,A1174,A1175,A1176,A1185,A1186,A1187,A1188,A1189,A1190","A1170,A1171,A1172,A1173,A1187,A1188,A1189",AGUA/GAA
211515,7JQB,"A1176,A1185,A1186,A1187,A1188,A1189,A1190,A1191,A1168,A1169,A1170,A1171,A1172,A1173,A1174,A1175","A1170,A1171,A1172,A1173,A1187,A1188,A1189",AGUA/GAA
211636,7JQC,"A1168,A1191,A1169,A1170,A1171,A1172,A1173,A1174,A1175,A1176,A1185,A1186,A1187,A1188,A1189,A1190","A1170,A1171,A1172,A1173,A1187,A1188,A1189",AGUA/GAA
211644,7JQC,"A1176,A1185,A1186,A1187,A1188,A1189,A1190,A1191,A1168,A1169,A1170,A1171,A1172,A1173,A1174,A1175","A1170,A1171,A1172,A1173,A1187,A1188,A1189",AGUA/GAA
211768,7JQL,"A176,A196,A189,A190,A191,A192,A193,A194,A195,A182,A177,A178,A179,A180,A181","A192,A193,A194,A195,A177,A178,A179",AGUA/GAA
211769,7JQL,"A176,A196,A177,A178,A179,A180,A181,A182,A189,A190,A191,A192,A193,A194,A195","A192,A193,A194,A195,A177,A178,A179",AGUA/GAA
211851,7JQL,"A1307,A2038,A1308,A1309,A1310,A1311,A1312,A1313,A1314,A2032,A2033,A2034,A2035,A2036,A2037","A1310,A1311,A1312,A1313,A2033,A2034,A2035",AGUA/GAA
211852,7JQL,"A1314,A2032,A1307,A1308,A1309,A1310,A1311,A1312,A1313,A2038,A2033,A2034,A2035,A2036,A2037","A1310,A1311,A1312,A1313,A2033,A2034,A2035",AGUA/GAA
211957,7JQM,"A176,A196,A189,A190,A191,A192,A193,A194,A195,A182,A177,A178,A179,A180,A181","A192,A193,A194,A195,A177,A178,A179",AGUA/GAA
211958,7JQM,"A176,A196,A177,A178,A179,A180,A181,A182,A189,A190,A191,A192,A193,A194,A195","A192,A193,A194,A195,A177,A178,A179",AGUA/GAA
211970,7JQM,"A226,A247,A241,A242,A243,A244,A245,A246,A233,A227,A228,A229,A230,A231,A232","A229,A230,A231,A232,A242,A243,A244",AGUA/GAA
212038,7JQM,"A1307,A2038,A1308,A1309,A1310,A1311,A1312,A1313,A1314,A2032,A2033,A2034,A2035,A2036,A2037","A1310,A1311,A1312,A1313,A2033,A2034,A2035",AGUA/GAA
212039,7JQM,"A1314,A2032,A1307,A1308,A1309,A1310,A1311,A1312,A1313,A2038,A2033,A2034,A2035,A2036,A2037","A1310,A1311,A1312,A1313,A2033,A2034,A2035",AGUA/GAA
212318,7K00,"V239,V258,V240,V241,V242,V243,V244,V245,V253,V254,V255,V256,V257","V241,V242,V243,V244,V254,V255,V256",AGUA/GAA
212340,7K00,"V245,V253,V239,V240,V241,V242,V243,V244,V258,V254,V255,V256,V257","V241,V242,V243,V244,V254,V255,V256",AGUA/GAA
212366,7K00,"V1269,V2011,V2012,V2013,V2014,V2015,V2016,V2017,V1262,V1263,V1264,V1265,V1266,V1267,V1268","V1265,V1266,V1267,V1268,V2012,V2013,V2014",AGUA/GAA
212446,7K00,"V188,V208,V189,V190,V191,V192,V193,V194,V201,V202,V203,V204,V205,V206,V207","V204,V205,V206,V207,V189,V190,V191",AGUA/GAA
235118,7KGB,"G247,G255,G256,G257,G258,G259,G260,G241,G242,G243,G244,G245,G246","G243,G244,G245,G246,G256,G257,G258",AGUA/GAA
235119,7KGB,"G241,G260,G255,G256,G257,G258,G259,G242,G243,G244,G245,G246,G247","G243,G244,G245,G246,G256,G257,G258",AGUA/GAA
235120,7KGB,"G241,G260,G255,G256,G257,G258,G259,G247,G242,G243,G244,G245,G246","G243,G244,G245,G246,G256,G257,G258",AGUA/GAA
235125,7KGB,"G1561,G1642,G1643,G1644,G1645,G1646,G1647,G1648,G1649,G1556,G1557,G1558,G1559,G1560","G1645,G1646,G1647,G1648,G1557,G1558,G1559",AGUA/GAA
235213,7KGB,"G190,G210,G191,G192,G193,G194,G195,G196,G203,G204,G205,G206,G207,G208,G209","G206,G207,G208,G209,G191,G192,G193",AGUA/GAA
235220,7KGB,"G1393,G2255,G1394,G1395,G1396,G1397,G1398,G1399,G1400,G2249,G2250,G2251,G2252,G2253,G2254","G1396,G1397,G1398,G1399,G2250,G2251,G2252",AGUA/GAA
235519,7L20,"A643,A1004,A1005,A1006,A1007,A1008,A1009,A1010,A636,A637,A638,A639,A640,A641,A642","A639,A640,A641,A642,A1005,A1006,A1007",AGUA/GAA
236554,7LVK,"A188,A208,A201,A202,A203,A204,A205,A206,A207,A189,A190,A191,A192,A193,A194","A204,A205,A206,A207,A189,A190,A191",AGUA/GAA
236565,7LVK,"A1262,A2017,A1263,A1264,A1265,A1266,A1267,A1268,A1269,A2011,A2012,A2013,A2014,A2015,A2016","A1265,A1266,A1267,A1268,A2012,A2013,A2014",AGUA/GAA
236614,7LVK,"A239,A258,A253,A254,A255,A256,A257,A245,A240,A241,A242,A243,A244","A241,A242,A243,A244,A254,A255,A256",AGUA/GAA
236870,7M4V,"A195,A215,A196,A197,A198,A199,A200,A201,A208,A209,A210,A211,A212,A213,A214","A211,A212,A213,A214,A196,A197,A198",AGUA/GAA
236886,7M4V,"A245,A266,A260,A261,A262,A263,A264,A265,A252,A246,A247,A248,A249,A250,A251","A248,A249,A250,A251,A261,A262,A263",AGUA/GAA
236945,7M4V,"A1264,A2007,A1257,A1258,A1259,A1260,A1261,A1262,A1263,A2013,A2008,A2009,A2010,A2011,A2012","A1260,A1261,A1262,A1263,A2008,A2009,A2010",AGUA/GAA
236946,7M4V,"A1257,A2013,A2007,A2008,A2009,A2010,A2011,A2012,A1264,A1258,A1259,A1260,A1261,A1262,A1263","A1260,A1261,A1262,A1263,A2008,A2009,A2010",AGUA/GAA
237012,7M4W,"E1264,E2007,E2008,E2009,E2010,E2011,E2012,E2013,E1257,E1258,E1259,E1260,E1261,E1262,E1263","E1260,E1261,E1262,E1263,E2008,E2009,E2010",AGUA/GAA
237031,7M4W,"E195,E215,E196,E197,E198,E199,E200,E201,E208,E209,E210,E211,E212,E213,E214","E211,E212,E213,E214,E196,E197,E198",AGUA/GAA
237076,7M4W,"E252,E260,E245,E246,E247,E248,E249,E250,E251,E266,E261,E262,E263,E264,E265","E248,E249,E250,E251,E261,E262,E263",AGUA/GAA
237184,7M4X,"E1264,E2007,E2008,E2009,E2010,E2011,E2012,E2013,E1257,E1258,E1259,E1260,E1261,E1262,E1263","E1260,E1261,E1262,E1263,E2008,E2009,E2010",AGUA/GAA
237246,7M4X,"E252,E260,E245,E246,E247,E248,E249,E250,E251,E266,E261,E262,E263,E264,E265","E248,E249,E250,E251,E261,E262,E263",AGUA/GAA
237353,7M4Y,"E1264,E2007,E2008,E2009,E2010,E2011,E2012,E2013,E1257,E1258,E1259,E1260,E1261,E1262,E1263","E1260,E1261,E1262,E1263,E2008,E2009,E2010",AGUA/GAA
237371,7M4Y,"E195,E215,E196,E197,E198,E199,E200,E201,E208,E209,E210,E211,E212,E213,E214","E211,E212,E213,E214,E196,E197,E198",AGUA/GAA
237413,7M4Y,"E252,E260,E245,E246,E247,E248,E249,E250,E251,E266,E261,E262,E263,E264,E265","E248,E249,E250,E251,E261,E262,E263",AGUA/GAA
237521,7M4Z,"E1264,E2007,E2008,E2009,E2010,E2011,E2012,E2013,E1257,E1258,E1259,E1260,E1261,E1262,E1263","E1260,E1261,E1262,E1263,E2008,E2009,E2010",AGUA/GAA
237540,7M4Z,"E195,E215,E196,E197,E198,E199,E200,E201,E208,E209,E210,E211,E212,E213,E214","E211,E212,E213,E214,E196,E197,E198",AGUA/GAA
237587,7M4Z,"E252,E260,E245,E246,E247,E248,E249,E250,E251,E266,E261,E262,E263,E264,E265","E248,E249,E250,E251,E261,E262,E263",AGUA/GAA
237752,7M5D,"A1262,A2017,A1263,A1264,A1265,A1266,A1267,A1268,A1269,A2011,A2012,A2013,A2014,A2015,A2016","A1265,A1266,A1267,A1268,A2012,A2013,A2014",AGUA/GAA
237982,7MD7,"A182,A189,A190,A191,A192,A193,A194,A195,A196,A176,A177,A178,A179,A180,A181","A192,A193,A194,A195,A177,A178,A179",AGUA/GAA
237995,7MD7,"A226,A247,A227,A228,A229,A230,A231,A232,A233,A241,A242,A243,A244,A245,A246","A229,A230,A231,A232,A242,A243,A244",AGUA/GAA
238057,7MD7,"A1314,A2032,A2033,A2034,A2035,A2036,A2037,A2038,A1307,A1308,A1309,A1310,A1311,A1312,A1313","A1310,A1311,A1312,A1313,A2033,A2034,A2035",AGUA/GAA
238617,7MSC,"I1400,I2249,I1393,I1394,I1395,I1396,I1397,I1398,I1399,I2255,I2250,I2251,I2252,I2253,I2254","I1396,I1397,I1398,I1399,I2250,I2251,I2252",AGUA/GAA
238618,7MSC,"I1400,I2249,I2250,I2251,I2252,I2253,I2254,I2255,I1393,I1394,I1395,I1396,I1397,I1398,I1399","I1396,I1397,I1398,I1399,I2250,I2251,I2252",AGUA/GAA
238658,7MSC,"I190,I210,I203,I204,I205,I206,I207,I208,I209,I196,I191,I192,I193,I194,I195","I206,I207,I208,I209,I191,I192,I193",AGUA/GAA
238853,7MSH,"I190,I210,I203,I204,I205,I206,I207,I208,I209,I196,I191,I192,I193,I194,I195","I206,I207,I208,I209,I191,I192,I193",AGUA/GAA
239037,7MSM,"I190,I210,I203,I204,I205,I206,I207,I208,I209,I196,I191,I192,I193,I194,I195","I206,I207,I208,I209,I191,I192,I193",AGUA/GAA
239213,7MSZ,"I190,I210,I203,I204,I205,I206,I207,I208,I209,I196,I191,I192,I193,I194,I195","I206,I207,I208,I209,I191,I192,I193",AGUA/GAA
239345,7MT2,"I247,I255,I241,I242,I243,I244,I245,I246,I256,I257,I258,I259,I260","I243,I244,I245,I246,I256,I257,I258",AGUA/GAA
239402,7MT2,"I190,I210,I203,I204,I205,I206,I207,I208,I209,I196,I191,I192,I193,I194,I195","I206,I207,I208,I209,I191,I192,I193",AGUA/GAA
239527,7MT3,"I247,I255,I241,I242,I243,I244,I245,I246,I256,I257,I258,I259,I260","I243,I244,I245,I246,I256,I257,I258",AGUA/GAA
239584,7MT3,"I190,I210,I203,I204,I205,I206,I207,I208,I209,I196,I191,I192,I193,I194,I195","I206,I207,I208,I209,I191,I192,I193",AGUA/GAA
239722,7MT7,"I247,I255,I241,I242,I243,I244,I245,I246,I256,I257,I258,I259,I260","I243,I244,I245,I246,I256,I257,I258",AGUA/GAA
239739,7MT7,"I1400,I2249,I1393,I1394,I1395,I1396,I1397,I1398,I1399,I2255,I2250,I2251,I2252,I2253,I2254","I1396,I1397,I1398,I1399,I2250,I2251,I2252",AGUA/GAA
239740,7MT7,"I1400,I2249,I2250,I2251,I2252,I2253,I2254,I2255,I1393,I1394,I1395,I1396,I1397,I1398,I1399","I1396,I1397,I1398,I1399,I2250,I2251,I2252",AGUA/GAA
239774,7MT7,"I1556,I1649,I1557,I1558,I1559,I1560,I1561,I1562,I1563,I1564,I1565,I1566,I1567,I1568,I1636,I1637,I1638,I1639,I1640,I1641,I1642,I1643,I1644,I1645,I1646,I1647,I1648","I1645,I1646,I1647,I1648,I1557,I1558,I1559",AGUA/GAA
239952,7N1P,"W194,W201,W202,W203,W204,W205,W206,W207,W208,W188,W189,W190,W191,W192,W193","W204,W205,W206,W207,W189,W190,W191",AGUA/GAA
240046,7N1P,"W1269,W2011,W1262,W1263,W1264,W1265,W1266,W1267,W1268,W2017,W2012,W2013,W2014,W2015,W2016","W1265,W1266,W1267,W1268,W2012,W2013,W2014",AGUA/GAA
240249,7N2C,"W194,W201,W202,W203,W204,W205,W206,W207,W208,W188,W189,W190,W191,W192,W193","W204,W205,W206,W207,W189,W190,W191",AGUA/GAA
240303,7N2C,"W239,W258,W253,W254,W255,W256,W257,W245,W240,W241,W242,W243,W244","W241,W242,W243,W244,W254,W255,W256",AGUA/GAA
240345,7N2C,"W1269,W2011,W1262,W1263,W1264,W1265,W1266,W1267,W1268,W2017,W2012,W2013,W2014,W2015,W2016","W1265,W1266,W1267,W1268,W2012,W2013,W2014",AGUA/GAA
240544,7N2U,"W194,W201,W202,W203,W204,W205,W206,W207,W208,W188,W189,W190,W191,W192,W193","W204,W205,W206,W207,W189,W190,W191",AGUA/GAA
240605,7N2U,"W239,W258,W253,W254,W255,W256,W257,W245,W240,W241,W242,W243,W244","W241,W242,W243,W244,W254,W255,W256",AGUA/GAA
240645,7N2U,"W1269,W2011,W1262,W1263,W1264,W1265,W1266,W1267,W1268,W2017,W2012,W2013,W2014,W2015,W2016","W1265,W1266,W1267,W1268,W2012,W2013,W2014",AGUA/GAA
240835,7N2V,"W194,W201,W202,W203,W204,W205,W206,W207,W208,W188,W189,W190,W191,W192,W193","W204,W205,W206,W207,W189,W190,W191",AGUA/GAA
240888,7N2V,"W239,W258,W253,W254,W255,W256,W257,W245,W240,W241,W242,W243,W244","W241,W242,W243,W244,W254,W255,W256",AGUA/GAA
240929,7N2V,"W1269,W2011,W1262,W1263,W1264,W1265,W1266,W1267,W1268,W2017,W2012,W2013,W2014,W2015,W2016","W1265,W1266,W1267,W1268,W2012,W2013,W2014",AGUA/GAA
241131,7N30,"W194,W201,W202,W203,W204,W205,W206,W207,W208,W188,W189,W190,W191,W192,W193","W204,W205,W206,W207,W189,W190,W191",AGUA/GAA
241187,7N30,"W239,W258,W253,W254,W255,W256,W257,W245,W240,W241,W242,W243,W244","W241,W242,W243,W244,W254,W255,W256",AGUA/GAA
241229,7N30,"W1269,W2011,W1262,W1263,W1264,W1265,W1266,W1267,W1268,W2017,W2012,W2013,W2014,W2015,W2016","W1265,W1266,W1267,W1268,W2012,W2013,W2014",AGUA/GAA
241426,7N31,"W194,W201,W202,W203,W204,W205,W206,W207,W208,W188,W189,W190,W191,W192,W193","W204,W205,W206,W207,W189,W190,W191",AGUA/GAA
241482,7N31,"W239,W258,W253,W254,W255,W256,W257,W245,W240,W241,W242,W243,W244","W241,W242,W243,W244,W254,W255,W256",AGUA/GAA
241524,7N31,"W1269,W2011,W1262,W1263,W1264,W1265,W1266,W1267,W1268,W2017,W2012,W2013,W2014,W2015,W2016","W1265,W1266,W1267,W1268,W2012,W2013,W2014",AGUA/GAA
241743,7N8B,"A80,A101,A95,A96,A97,A98,A99,A100,A87,A81,A82,A83,A84,A85,A86","A83,A84,A85,A86,A96,A97,A98",AGUA/GAA
241760,7N8B,"B72,B106,B73,B74,B75,B76,B77,B78,B79,B80,B100,B101,B102,B103,B104,B105","B76,B77,B78,B79,B101,B102,B103",AGUA/GAA
241853,7NAC,"A3018,A3036,A3019,A3020,A3021,A3022,A3023,A3024,A3025,A3030,A3031,A3032,A3033,A3034,A3035","A3021,A3022,A3023,A3024,A3031,A3032,A3033",AGUA/GAA
241911,7NAC,"A82,A103,A97,A98,A99,A100,A101,A102,A83,A84,A85,A86,A87,A88,A89","A85,A86,A87,A88,A98,A99,A100",AGUA/GAA
241912,7NAC,"A82,A103,A83,A84,A85,A86,A87,A88,A89,A97,A98,A99,A100,A101,A102","A85,A86,A87,A88,A98,A99,A100",AGUA/GAA
242613,7NBU,"Z188,Z208,Z189,Z190,Z191,Z192,Z193,Z194,Z201,Z202,Z203,Z204,Z205,Z206,Z207","Z204,Z205,Z206,Z207,Z189,Z190,Z191",AGUA/GAA
242727,7NBU,"Z245,Z253,Z254,Z255,Z256,Z257,Z258,Z239,Z240,Z241,Z242,Z243,Z244","Z241,Z242,Z243,Z244,Z254,Z255,Z256",AGUA/GAA
242742,7NBU,"Z1262,Z2017,Z2011,Z2012,Z2013,Z2014,Z2015,Z2016,Z1269,Z1263,Z1264,Z1265,Z1266,Z1267,Z1268","Z1265,Z1266,Z1267,Z1268,Z2012,Z2013,Z2014",AGUA/GAA
242743,7NBU,"Z1269,Z2011,Z2012,Z2013,Z2014,Z2015,Z2016,Z2017,Z1262,Z1263,Z1264,Z1265,Z1266,Z1267,Z1268","Z1265,Z1266,Z1267,Z1268,Z2012,Z2013,Z2014",AGUA/GAA
243040,7NFX,"B88,B96,B97,B98,B99,B100,B101,B102,B81,B82,B83,B84,B85,B86,B87","B84,B85,B86,B87,B97,B98,B99",AGUA/GAA
243154,7NHK,"I247,I255,I240,I241,I242,I243,I244,I245,I246,I256,I257,I258,I259,I260,I261","I243,I244,I245,I246,I256,I257,I258",AGUA/GAA
243214,7NHK,"I1298,I2030,I2023,I2024,I2025,I2026,I2027,I2028,I2029,I1306,I1299,I1300,I1301,I1302,I1303,I1304,I1305","I1301,I1302,I1303,I1304,I2025,I2026,I2027",AGUA/GAA
243263,7NHK,"I190,I210,I203,I204,I205,I206,I207,I208,I209,I196,I191,I192,I193,I194,I195","I206,I207,I208,I209,I191,I192,I193",AGUA/GAA
243489,7NHL,"E241,E262,E256,E257,E258,E259,E260,E261,E242,E243,E244,E245,E246,E247,E248","E244,E245,E246,E247,E257,E258,E259",AGUA/GAA
243490,7NHL,"E241,E262,E242,E243,E244,E245,E246,E247,E248,E256,E257,E258,E259,E260,E261","E244,E245,E246,E247,E257,E258,E259",AGUA/GAA
243510,7NHL,"E190,E212,E191,E192,E193,E194,E195,E196,E197,E204,E205,E206,E207,E208,E209,E210,E211","E207,E208,E209,E210,E192,E193,E194",AGUA/GAA
243518,7NHL,"E197,E204,E190,E191,E192,E193,E194,E195,E196,E205,E206,E207,E208,E209,E210,E211,E212","E207,E208,E209,E210,E192,E193,E194",AGUA/GAA
243640,7NHM,"C241,C262,C256,C257,C258,C259,C260,C261,C248,C242,C243,C244,C245,C246,C247","C244,C245,C246,C247,C257,C258,C259",AGUA/GAA
243733,7NHM,"C197,C204,C205,C206,C207,C208,C209,C210,C211,C212,C190,C191,C192,C193,C194,C195,C196","C207,C208,C209,C210,C192,C193,C194",AGUA/GAA
243954,7NHN,"D238,D259,D253,D254,D255,D256,D257,D258,D239,D240,D241,D242,D243,D244,D245","D241,D242,D243,D244,D254,D255,D256",AGUA/GAA
244032,7NHN,"D1313,D2041,D1305,D1306,D1307,D1308,D1309,D1310,D1311,D1312,D2042,D2043,D2044,D2045,D2046,D2047,D2048","D1308,D1309,D1310,D1311,D2043,D2044,D2045",AGUA/GAA
244091,7NHN,"D194,D201,D188,D189,D190,D191,D192,D193,D202,D203,D204,D205,D206,D207,D208","D204,D205,D206,D207,D189,D190,D191",AGUA/GAA
244166,7NQL,"D647,D1006,D640,D641,D642,D643,D644,D645,D646,D1007,D1008,D1009,D1010,D1011,D1012","D643,D644,D645,D646,D1007,D1008,D1009",AGUA/GAA
244167,7NQL,"D640,D1012,D641,D642,D643,D644,D645,D646,D647,D1006,D1007,D1008,D1009,D1010,D1011","D643,D644,D645,D646,D1007,D1008,D1009",AGUA/GAA
244192,7NQL,"D73,D92,D87,D88,D89,D90,D91,D79,D74,D75,D76,D77,D78","D75,D76,D77,D78,D88,D89,D90",AGUA/GAA
244283,7NRC,"A1111,A1134,A1128,A1129,A1130,A1131,A1132,A1133,A1119,A1112,A1113,A1114,A1115,A1116,A1117,A1118","A1113,A1114,A1115,A1116,A1130,A1131,A1132",AGUA/GAA
244513,7NSO,"A188,A208,A201,A202,A203,A204,A205,A206,A207,A189,A190,A191,A192,A193,A194","A204,A205,A206,A207,A189,A190,A191",AGUA/GAA
244527,7NSO,"A1262,A2017,A1263,A1264,A1265,A1266,A1267,A1268,A1269,A2011,A2012,A2013,A2014,A2015,A2016","A1265,A1266,A1267,A1268,A2012,A2013,A2014",AGUA/GAA
244581,7NSO,"A239,A258,A253,A254,A255,A256,A257,A245,A240,A241,A242,A243,A244","A241,A242,A243,A244,A254,A255,A256",AGUA/GAA
244698,7NSP,"A188,A208,A201,A202,A203,A204,A205,A206,A207,A189,A190,A191,A192,A193,A194","A204,A205,A206,A207,A189,A190,A191",AGUA/GAA
244771,7NSP,"A239,A258,A253,A254,A255,A256,A257,A245,A240,A241,A242,A243,A244","A241,A242,A243,A244,A254,A255,A256",AGUA/GAA
244896,7NSQ,"A188,A208,A201,A202,A203,A204,A205,A206,A207,A189,A190,A191,A192,A193,A194","A204,A205,A206,A207,A189,A190,A191",AGUA/GAA
244909,7NSQ,"A1262,A2017,A1263,A1264,A1265,A1266,A1267,A1268,A1269,A2011,A2012,A2013,A2014,A2015,A2016","A1265,A1266,A1267,A1268,A2012,A2013,A2014",AGUA/GAA
244961,7NSQ,"A239,A258,A253,A254,A255,A256,A257,A245,A240,A241,A242,A243,A244","A241,A242,A243,A244,A254,A255,A256",AGUA/GAA
245392,7NWT,"Z188,Z208,Z189,Z190,Z191,Z192,Z193,Z194,Z201,Z202,Z203,Z204,Z205,Z206,Z207","Z204,Z205,Z206,Z207,Z189,Z190,Z191",AGUA/GAA
245464,7NWT,"Z245,Z253,Z254,Z255,Z256,Z257,Z258,Z239,Z240,Z241,Z242,Z243,Z244","Z241,Z242,Z243,Z244,Z254,Z255,Z256",AGUA/GAA
245476,7NWT,"Z1262,Z2017,Z2011,Z2012,Z2013,Z2014,Z2015,Z2016,Z1269,Z1263,Z1264,Z1265,Z1266,Z1267,Z1268","Z1265,Z1266,Z1267,Z1268,Z2012,Z2013,Z2014",AGUA/GAA
245477,7NWT,"Z1269,Z2011,Z2012,Z2013,Z2014,Z2015,Z2016,Z2017,Z1262,Z1263,Z1264,Z1265,Z1266,Z1267,Z1268","Z1265,Z1266,Z1267,Z1268,Z2012,Z2013,Z2014",AGUA/GAA
245613,7NWW,"A188,A208,A201,A202,A203,A204,A205,A206,A207,A189,A190,A191,A192,A193,A194","A204,A205,A206,A207,A189,A190,A191",AGUA/GAA
245627,7NWW,"A1262,A2017,A1263,A1264,A1265,A1266,A1267,A1268,A1269,A2011,A2012,A2013,A2014,A2015,A2016","A1265,A1266,A1267,A1268,A2012,A2013,A2014",AGUA/GAA
245712,7NWW,"A239,A258,A253,A254,A255,A256,A257,A245,A240,A241,A242,A243,A244","A241,A242,A243,A244,A254,A255,A256",AGUA/GAA
245893,7O19,"V1263,V2005,V2006,V2007,V2008,V2009,V2010,V2011,V1256,V1257,V1258,V1259,V1260,V1261,V1262","V1259,V1260,V1261,V1262,V2006,V2007,V2008",AGUA/GAA
245936,7O19,"V245,V253,V239,V240,V241,V242,V243,V244,V258,V254,V255,V256,V257","V241,V242,V243,V244,V254,V255,V256",AGUA/GAA
246076,7O19,"V194,V201,V188,V189,V190,V191,V192,V193,V202,V203,V204,V205,V206,V207,V208","V204,V205,V206,V207,V189,V190,V191",AGUA/GAA
246194,7O1A,"V1263,V2005,V2006,V2007,V2008,V2009,V2010,V2011,V1256,V1257,V1258,V1259,V1260,V1261,V1262","V1259,V1260,V1261,V1262,V2006,V2007,V2008",AGUA/GAA
246236,7O1A,"V245,V253,V239,V240,V241,V242,V243,V244,V258,V254,V255,V256,V257","V241,V242,V243,V244,V254,V255,V256",AGUA/GAA
246376,7O1A,"V194,V201,V188,V189,V190,V191,V192,V193,V202,V203,V204,V205,V206,V207,V208","V204,V205,V206,V207,V189,V190,V191",AGUA/GAA
246493,7O1C,"V1263,V2005,V2006,V2007,V2008,V2009,V2010,V2011,V1256,V1257,V1258,V1259,V1260,V1261,V1262","V1259,V1260,V1261,V1262,V2006,V2007,V2008",AGUA/GAA
246536,7O1C,"V245,V253,V239,V240,V241,V242,V243,V244,V258,V254,V255,V256,V257","V241,V242,V243,V244,V254,V255,V256",AGUA/GAA
246678,7O1C,"V194,V201,V188,V189,V190,V191,V192,V193,V202,V203,V204,V205,V206,V207,V208","V204,V205,V206,V207,V189,V190,V191",AGUA/GAA
246878,7O5B,"H1275,H2007,H1276,H1277,H1278,H1279,H1280,H1281,H1282,H1283,H2000,H2001,H2002,H2003,H2004,H2005,H2006","H1278,H1279,H1280,H1281,H2002,H2003,H2004",AGUA/GAA
246909,7O5B,"H1275,H2007,H2000,H2001,H2002,H2003,H2004,H2005,H2006,H1283,H1276,H1277,H1278,H1279,H1280,H1281,H1282","H1278,H1279,H1280,H1281,H2002,H2003,H2004",AGUA/GAA
247467,7OBR,"C78,C98,C99,C100,C101,C102,C103,C104,C71,C72,C73,C74,C75,C76,C77","C74,C75,C76,C77,C99,C100,C101",AGUA/GAA
247483,7OBR,"B1672,B2494,B1666,B1667,B1668,B1669,B1670,B1671,B2499,B2495,B2496,B2497,B2498","B1668,B1669,B1670,B1671,B2495,B2496,B2497",AGUA/GAA
247607,7OBR,"B88,B96,B97,B98,B99,B100,B101,B102,B81,B82,B83,B84,B85,B86,B87","B84,B85,B86,B87,B97,B98,B99",AGUA/GAA
247694,7ODE,"I1269,I2011,I2012,I2013,I2014,I2015,I2016,I2017,I1262,I1263,I1264,I1265,I1266,I1267,I1268","I1265,I1266,I1267,I1268,I2012,I2013,I2014",AGUA/GAA
247760,7ODE,"I188,I208,I201,I202,I203,I204,I205,I206,I207,I194,I189,I190,I191,I192,I193","I204,I205,I206,I207,I189,I190,I191",AGUA/GAA
247768,7ODE,"I245,I253,I254,I255,I256,I257,I258,I239,I240,I241,I242,I243,I244","I241,I242,I243,I244,I254,I255,I256",AGUA/GAA
247932,7ODT,"Q643,Q1004,Q1005,Q1006,Q1007,Q1008,Q1009,Q1010,Q636,Q637,Q638,Q639,Q640,Q641,Q642","Q639,Q640,Q641,Q642,Q1005,Q1006,Q1007",AGUA/GAA
248231,7OF0,"A1739,A1758,A1753,A1754,A1755,A1756,A1757,A1740,A1741,A1742,A1743,A1744,A1745","A1741,A1742,A1743,A1744,A1754,A1755,A1756",AGUA/GAA
248233,7OF0,"A1739,A1758,A1740,A1741,A1742,A1743,A1744,A1745,A1753,A1754,A1755,A1756,A1757","A1741,A1742,A1743,A1744,A1754,A1755,A1756",AGUA/GAA
248446,7OF1,"A1450,A2354,A1444,A1445,A1446,A1447,A1448,A1449,A2359,A2355,A2356,A2357,A2358","A1446,A1447,A1448,A1449,A2355,A2356,A2357",AGUA/GAA
248520,7OF2,"K636,K1010,K637,K638,K639,K640,K641,K642,K643,K1004,K1005,K1006,K1007,K1008,K1009","K639,K640,K641,K642,K1005,K1006,K1007",AGUA/GAA
248589,7OF3,"K636,K1010,K637,K638,K639,K640,K641,K642,K643,K1004,K1005,K1006,K1007,K1008,K1009","K639,K640,K641,K642,K1005,K1006,K1007",AGUA/GAA
248664,7OF4,"K636,K1010,K637,K638,K639,K640,K641,K642,K643,K1004,K1005,K1006,K1007,K1008,K1009","K639,K640,K641,K642,K1005,K1006,K1007",AGUA/GAA
248736,7OF5,"K636,K1010,K637,K638,K639,K640,K641,K642,K643,K1004,K1005,K1006,K1007,K1008,K1009","K639,K640,K641,K642,K1005,K1006,K1007",AGUA/GAA
248813,7OF6,"K636,K1010,K637,K638,K639,K640,K641,K642,K643,K1004,K1005,K1006,K1007,K1008,K1009","K639,K640,K641,K642,K1005,K1006,K1007",AGUA/GAA
248880,7OF7,"K636,K1010,K637,K638,K639,K640,K641,K642,K643,K1004,K1005,K1006,K1007,K1008,K1009","K639,K640,K641,K642,K1005,K1006,K1007",AGUA/GAA
249970,7OHU,"A1450,A2354,A1444,A1445,A1446,A1447,A1448,A1449,A2359,A2355,A2356,A2357,A2358","A1446,A1447,A1448,A1449,A2355,A2356,A2357",AGUA/GAA
250594,7OI7,"A69,A88,A70,A71,A72,A73,A74,A75,A83,A84,A85,A86,A87","A71,A72,A73,A74,A84,A85,A86",AGUA/GAA
250595,7OI7,"A643,A1004,A1005,A1006,A1007,A1008,A1009,A1010,A636,A637,A638,A639,A640,A641,A642","A639,A640,A641,A642,A1005,A1006,A1007",AGUA/GAA
250643,7OI8,"A69,A88,A70,A71,A72,A73,A74,A75,A83,A84,A85,A86,A87","A71,A72,A73,A74,A84,A85,A86",AGUA/GAA
250691,7OI9,"A69,A88,A70,A71,A72,A73,A74,A75,A83,A84,A85,A86,A87","A71,A72,A73,A74,A84,A85,A86",AGUA/GAA
250692,7OI9,"A643,A1004,A1005,A1006,A1007,A1008,A1009,A1010,A636,A637,A638,A639,A640,A641,A642","A639,A640,A641,A642,A1005,A1006,A1007",AGUA/GAA
250741,7OIA,"A69,A88,A70,A71,A72,A73,A74,A75,A83,A84,A85,A86,A87","A71,A72,A73,A74,A84,A85,A86",AGUA/GAA
250742,7OIA,"A643,A1004,A1005,A1006,A1007,A1008,A1009,A1010,A636,A637,A638,A639,A640,A641,A642","A639,A640,A641,A642,A1005,A1006,A1007",AGUA/GAA
250789,7OIB,"A643,A1004,A1005,A1006,A1007,A1008,A1009,A1010,A636,A637,A638,A639,A640,A641,A642","A639,A640,A641,A642,A1005,A1006,A1007",AGUA/GAA
250859,7OIC,"A69,A88,A70,A71,A72,A73,A74,A75,A83,A84,A85,A86,A87","A71,A72,A73,A74,A84,A85,A86",AGUA/GAA
250862,7OIC,"A643,A1004,A1005,A1006,A1007,A1008,A1009,A1010,A636,A637,A638,A639,A640,A641,A642","A639,A640,A641,A642,A1005,A1006,A1007",AGUA/GAA
250932,7OIE,"A69,A88,A70,A71,A72,A73,A74,A75,A83,A84,A85,A86,A87","A71,A72,A73,A74,A84,A85,A86",AGUA/GAA
250934,7OIE,"A643,A1004,A1005,A1006,A1007,A1008,A1009,A1010,A636,A637,A638,A639,A640,A641,A642","A639,A640,A641,A642,A1005,A1006,A1007",AGUA/GAA
251030,7OIF,"A188,A208,A201,A202,A203,A204,A205,A206,A207,A189,A190,A191,A192,A193,A194","A204,A205,A206,A207,A189,A190,A191",AGUA/GAA
251045,7OIF,"A1262,A2017,A1263,A1264,A1265,A1266,A1267,A1268,A1269,A2011,A2012,A2013,A2014,A2015,A2016","A1265,A1266,A1267,A1268,A2012,A2013,A2014",AGUA/GAA
251131,7OIF,"A239,A258,A253,A254,A255,A256,A257,A245,A240,A241,A242,A243,A244","A241,A242,A243,A244,A254,A255,A256",AGUA/GAA
251313,7OIG,"A188,A208,A201,A202,A203,A204,A205,A206,A207,A189,A190,A191,A192,A193,A194","A204,A205,A206,A207,A189,A190,A191",AGUA/GAA
251328,7OIG,"A1262,A2017,A1263,A1264,A1265,A1266,A1267,A1268,A1269,A2011,A2012,A2013,A2014,A2015,A2016","A1265,A1266,A1267,A1268,A2012,A2013,A2014",AGUA/GAA
251416,7OIG,"A239,A258,A253,A254,A255,A256,A257,A245,A240,A241,A242,A243,A244","A241,A242,A243,A244,A254,A255,A256",AGUA/GAA
251594,7OII,"A188,A208,A201,A202,A203,A204,A205,A206,A207,A189,A190,A191,A192,A193,A194","A204,A205,A206,A207,A189,A190,A191",AGUA/GAA
251609,7OII,"A1262,A2017,A1263,A1264,A1265,A1266,A1267,A1268,A1269,A2011,A2012,A2013,A2014,A2015,A2016","A1265,A1266,A1267,A1268,A2012,A2013,A2014",AGUA/GAA
251698,7OII,"A239,A258,A253,A254,A255,A256,A257,A245,A240,A241,A242,A243,A244","A241,A242,A243,A244,A254,A255,A256",AGUA/GAA
251908,7OIZ,"V245,V253,V239,V240,V241,V242,V243,V244,V258,V254,V255,V256,V257","V241,V242,V243,V244,V254,V255,V256",AGUA/GAA
251926,7OIZ,"V1204,V1959,V1205,V1206,V1207,V1208,V1209,V1210,V1211,V1953,V1954,V1955,V1956,V1957,V1958","V1207,V1208,V1209,V1210,V1954,V1955,V1956",AGUA/GAA
252029,7OIZ,"V194,V201,V188,V189,V190,V191,V192,V193,V202,V203,V204,V205,V206,V207,V208","V204,V205,V206,V207,V189,V190,V191",AGUA/GAA
252178,7OJ0,"V245,V253,V239,V240,V241,V242,V243,V244,V258,V254,V255,V256,V257","V241,V242,V243,V244,V254,V255,V256",AGUA/GAA
252299,7OJ0,"V1258,V2013,V2007,V2008,V2009,V2010,V2011,V2012,V1265,V1259,V1260,V1261,V1262,V1263,V1264","V1261,V1262,V1263,V1264,V2008,V2009,V2010",AGUA/GAA
252302,7OJ0,"V194,V201,V188,V189,V190,V191,V192,V193,V202,V203,V204,V205,V206,V207,V208","V204,V205,V206,V207,V189,V190,V191",AGUA/GAA
253048,7OPE,"A197,A204,A191,A192,A193,A194,A195,A196,A211,A205,A206,A207,A208,A209,A210","A207,A208,A209,A210,A192,A193,A194",AGUA/GAA
253049,7OPE,"A191,A211,A204,A205,A206,A207,A208,A209,A210,A192,A193,A194,A195,A196,A197","A207,A208,A209,A210,A192,A193,A194",AGUA/GAA
253088,7OPE,"A241,A262,A256,A257,A258,A259,A260,A261,A248,A242,A243,A244,A245,A246,A247","A244,A245,A246,A247,A257,A258,A259",AGUA/GAA
253119,7OPE,"A1310,A2039,A1302,A1303,A1304,A1305,A1306,A1307,A1308,A1309,A2046,A2040,A2041,A2042,A2043,A2044,A2045","A1305,A1306,A1307,A1308,A2041,A2042,A2043",AGUA/GAA
253317,7OSA,"B72,B106,B73,B74,B75,B76,B77,B78,B79,B80,B100,B101,B102,B103,B104,B105","B76,B77,B78,B79,B101,B102,B103",AGUA/GAA
253322,7OSA,"A82,A103,A83,A84,A85,A86,A87,A88,A89,A97,A98,A99,A100,A101,A102","A85,A86,A87,A88,A98,A99,A100",AGUA/GAA
253323,7OSA,"A82,A103,A97,A98,A99,A100,A101,A102,A83,A84,A85,A86,A87,A88,A89","A85,A86,A87,A88,A98,A99,A100",AGUA/GAA
253488,7OSM,"A1450,A2354,A1444,A1445,A1446,A1447,A1448,A1449,A2359,A2355,A2356,A2357,A2358","A1446,A1447,A1448,A1449,A2355,A2356,A2357",AGUA/GAA
253540,7OSM,"B72,B106,B73,B74,B75,B76,B77,B78,B79,B80,B100,B101,B102,B103,B104,B105","B76,B77,B78,B79,B101,B102,B103",AGUA/GAA
253546,7OSM,"A82,A103,A83,A84,A85,A86,A87,A88,A89,A97,A98,A99,A100,A101,A102","A85,A86,A87,A88,A98,A99,A100",AGUA/GAA
253547,7OSM,"A82,A103,A97,A98,A99,A100,A101,A102,A83,A84,A85,A86,A87,A88,A89","A85,A86,A87,A88,A98,A99,A100",AGUA/GAA
253661,7OT5,"A188,A208,A201,A202,A203,A204,A205,A206,A207,A189,A190,A191,A192,A193,A194","A204,A205,A206,A207,A189,A190,A191",AGUA/GAA
253676,7OT5,"A1262,A2017,A1263,A1264,A1265,A1266,A1267,A1268,A1269,A2011,A2012,A2013,A2014,A2015,A2016","A1265,A1266,A1267,A1268,A2012,A2013,A2014",AGUA/GAA
253766,7OT5,"A239,A258,A253,A254,A255,A256,A257,A245,A240,A241,A242,A243,A244","A241,A242,A243,A244,A254,A255,A256",AGUA/GAA
254052,7OTC,"V1262,V2017,V2011,V2012,V2013,V2014,V2015,V2016,V1269,V1263,V1264,V1265,V1266,V1267,V1268","V1265,V1266,V1267,V1268,V2012,V2013,V2014",AGUA/GAA
254135,7OTC,"V194,V201,V188,V189,V190,V191,V192,V193,V202,V203,V204,V205,V206,V207,V208","V204,V205,V206,V207,V189,V190,V191",AGUA/GAA
254518,7OYB,"B88,B96,B97,B98,B99,B100,B101,B102,B81,B82,B83,B84,B85,B86,B87","B84,B85,B86,B87,B97,B98,B99",AGUA/GAA
254745,7OYC,"C81,C102,C82,C83,C84,C85,C86,C87,C88,C96,C97,C98,C99,C100,C101","C84,C85,C86,C87,C97,C98,C99",AGUA/GAA
255055,7OYD,"B88,B96,B97,B98,B99,B100,B101,B102,B81,B82,B83,B84,B85,B86,B87","B84,B85,B86,B87,B97,B98,B99",AGUA/GAA
255087,7OYD,"D1093,D1102,D1103,D1104,D1105,D1106,D1107,D1108,D1085,D1086,D1087,D1088,D1089,D1090,D1091,D1092","D1087,D1088,D1089,D1090,D1104,D1105,D1106",AGUA/GAA
255213,7P2E,"A787,A809,A782,A783,A784,A785,A786,A810,A811,A812,A813","A783,A784,A785,A786,A810,A811,A812",AGUA/GAA
255349,7P3K,"V245,V253,V239,V240,V241,V242,V243,V244,V258,V254,V255,V256,V257","V241,V242,V243,V244,V254,V255,V256",AGUA/GAA
255367,7P3K,"V1204,V1959,V1205,V1206,V1207,V1208,V1209,V1210,V1211,V1953,V1954,V1955,V1956,V1957,V1958","V1207,V1208,V1209,V1210,V1954,V1955,V1956",AGUA/GAA
255470,7P3K,"V194,V201,V188,V189,V190,V191,V192,V193,V202,V203,V204,V205,V206,V207,V208","V204,V205,V206,V207,V189,V190,V191",AGUA/GAA
255544,7P48,"H195,H202,H188,H189,H190,H191,H192,H193,H194,H210,H203,H204,H205,H206,H207,H208,H209","H205,H206,H207,H208,H190,H191,H192",AGUA/GAA
255545,7P48,"H195,H202,H188,H189,H190,H191,H192,H193,H194,H203,H204,H205,H206,H207,H208,H209,H210","H205,H206,H207,H208,H190,H191,H192",AGUA/GAA
255650,7P48,"H246,H254,H255,H256,H257,H258,H259,H260,H239,H240,H241,H242,H243,H244,H245","H242,H243,H244,H245,H255,H256,H257",AGUA/GAA
255941,7P7Q,"J1306,J2023,J2024,J2025,J2026,J2027,J2028,J2029,J2030,J1298,J1299,J1300,J1301,J1302,J1303,J1304,J1305","J1301,J1302,J1303,J1304,J2025,J2026,J2027",AGUA/GAA
255992,7P7Q,"J240,J261,J255,J256,J257,J258,J259,J260,J241,J242,J243,J244,J245,J246,J247","J243,J244,J245,J246,J256,J257,J258",AGUA/GAA
256007,7P7Q,"J190,J210,J191,J192,J193,J194,J195,J196,J203,J204,J205,J206,J207,J208,J209","J206,J207,J208,J209,J191,J192,J193",AGUA/GAA
256008,7P7Q,"J196,J203,J190,J191,J192,J193,J194,J195,J204,J205,J206,J207,J208,J209,J210","J206,J207,J208,J209,J191,J192,J193",AGUA/GAA
256131,7P7R,"J1306,J2023,J2024,J2025,J2026,J2027,J2028,J2029,J2030,J1298,J1299,J1300,J1301,J1302,J1303,J1304,J1305","J1301,J1302,J1303,J1304,J2025,J2026,J2027",AGUA/GAA
256181,7P7R,"J240,J261,J255,J256,J257,J258,J259,J260,J241,J242,J243,J244,J245,J246,J247","J243,J244,J245,J246,J256,J257,J258",AGUA/GAA
256195,7P7R,"J189,J211,J203,J204,J205,J206,J207,J208,J209,J210,J196,J190,J191,J192,J193,J194,J195","J206,J207,J208,J209,J191,J192,J193",AGUA/GAA
256324,7P7S,"J1306,J2023,J2024,J2025,J2026,J2027,J2028,J2029,J2030,J1298,J1299,J1300,J1301,J1302,J1303,J1304,J1305","J1301,J1302,J1303,J1304,J2025,J2026,J2027",AGUA/GAA
256374,7P7S,"J240,J261,J255,J256,J257,J258,J259,J260,J241,J242,J243,J244,J245,J246,J247","J243,J244,J245,J246,J256,J257,J258",AGUA/GAA
256388,7P7S,"J189,J211,J203,J204,J205,J206,J207,J208,J209,J210,J196,J190,J191,J192,J193,J194,J195","J206,J207,J208,J209,J191,J192,J193",AGUA/GAA
256512,7P7T,"J1306,J2023,J2024,J2025,J2026,J2027,J2028,J2029,J2030,J1298,J1299,J1300,J1301,J1302,J1303,J1304,J1305","J1301,J1302,J1303,J1304,J2025,J2026,J2027",AGUA/GAA
256564,7P7T,"J240,J261,J255,J256,J257,J258,J259,J260,J241,J242,J243,J244,J245,J246,J247","J243,J244,J245,J246,J256,J257,J258",AGUA/GAA
256579,7P7T,"J189,J211,J203,J204,J205,J206,J207,J208,J209,J210,J196,J190,J191,J192,J193,J194,J195","J206,J207,J208,J209,J191,J192,J193",AGUA/GAA
256691,7P7U,"I247,I255,I240,I241,I242,I243,I244,I245,I246,I256,I257,I258,I259,I260,I261","I243,I244,I245,I246,I256,I257,I258",AGUA/GAA
256752,7P7U,"I1298,I2030,I2023,I2024,I2025,I2026,I2027,I2028,I2029,I1306,I1299,I1300,I1301,I1302,I1303,I1304,I1305","I1301,I1302,I1303,I1304,I2025,I2026,I2027",AGUA/GAA
256797,7P7U,"I190,I210,I203,I204,I205,I206,I207,I208,I209,I196,I191,I192,I193,I194,I195","I206,I207,I208,I209,I191,I192,I193",AGUA/GAA
256864,7PD3,"K636,K1010,K637,K638,K639,K640,K641,K642,K643,K1004,K1005,K1006,K1007,K1008,K1009","K639,K640,K641,K642,K1005,K1006,K1007",AGUA/GAA
256910,7PJS,"H245,H253,H254,H255,H256,H257,H258,H239,H240,H241,H242,H243,H244","H241,H242,H243,H244,H254,H255,H256",AGUA/GAA
256945,7PJS,"H194,H201,H188,H189,H190,H191,H192,H193,H208,H202,H203,H204,H205,H206,H207","H204,H205,H206,H207,H189,H190,H191",AGUA/GAA
256971,7PJS,"H1262,H2017,H1263,H1264,H1265,H1266,H1267,H1268,H1269,H2011,H2012,H2013,H2014,H2015,H2016","H1265,H1266,H1267,H1268,H2012,H2013,H2014",AGUA/GAA
256972,7PJS,"H1262,H2017,H2011,H2012,H2013,H2014,H2015,H2016,H1269,H1263,H1264,H1265,H1266,H1267,H1268","H1265,H1266,H1267,H1268,H2012,H2013,H2014",AGUA/GAA
257144,7PJT,"H1262,H2017,H1263,H1264,H1265,H1266,H1267,H1268,H1269,H2011,H2012,H2013,H2014,H2015,H2016","H1265,H1266,H1267,H1268,H2012,H2013,H2014",AGUA/GAA
257145,7PJT,"H1262,H2017,H2011,H2012,H2013,H2014,H2015,H2016,H1269,H1263,H1264,H1265,H1266,H1267,H1268","H1265,H1266,H1267,H1268,H2012,H2013,H2014",AGUA/GAA
257268,7PJU,"H245,H253,H254,H255,H256,H257,H258,H239,H240,H241,H242,H243,H244","H241,H242,H243,H244,H254,H255,H256",AGUA/GAA
257303,7PJU,"H194,H201,H188,H189,H190,H191,H192,H193,H208,H202,H203,H204,H205,H206,H207","H204,H205,H206,H207,H189,H190,H191",AGUA/GAA
257322,7PJU,"H1262,H2017,H1263,H1264,H1265,H1266,H1267,H1268,H1269,H2011,H2012,H2013,H2014,H2015,H2016","H1265,H1266,H1267,H1268,H2012,H2013,H2014",AGUA/GAA
257323,7PJU,"H1262,H2017,H2011,H2012,H2013,H2014,H2015,H2016,H1269,H1263,H1264,H1265,H1266,H1267,H1268","H1265,H1266,H1267,H1268,H2012,H2013,H2014",AGUA/GAA
257442,7PJV,"H245,H253,H254,H255,H256,H257,H258,H239,H240,H241,H242,H243,H244","H241,H242,H243,H244,H254,H255,H256",AGUA/GAA
257477,7PJV,"H194,H201,H188,H189,H190,H191,H192,H193,H208,H202,H203,H204,H205,H206,H207","H204,H205,H206,H207,H189,H190,H191",AGUA/GAA
257497,7PJV,"H1262,H2017,H1263,H1264,H1265,H1266,H1267,H1268,H1269,H2011,H2012,H2013,H2014,H2015,H2016","H1265,H1266,H1267,H1268,H2012,H2013,H2014",AGUA/GAA
257498,7PJV,"H1262,H2017,H2011,H2012,H2013,H2014,H2015,H2016,H1269,H1263,H1264,H1265,H1266,H1267,H1268","H1265,H1266,H1267,H1268,H2012,H2013,H2014",AGUA/GAA
257792,7PJX,"H245,H253,H254,H255,H256,H257,H258,H239,H240,H241,H242,H243,H244","H241,H242,H243,H244,H254,H255,H256",AGUA/GAA
257827,7PJX,"H194,H201,H188,H189,H190,H191,H192,H193,H208,H202,H203,H204,H205,H206,H207","H204,H205,H206,H207,H189,H190,H191",AGUA/GAA
257847,7PJX,"H1262,H2017,H1263,H1264,H1265,H1266,H1267,H1268,H1269,H2011,H2012,H2013,H2014,H2015,H2016","H1265,H1266,H1267,H1268,H2012,H2013,H2014",AGUA/GAA
257848,7PJX,"H1262,H2017,H2011,H2012,H2013,H2014,H2015,H2016,H1269,H1263,H1264,H1265,H1266,H1267,H1268","H1265,H1266,H1267,H1268,H2012,H2013,H2014",AGUA/GAA
258007,7PJY,"H194,H201,H188,H189,H190,H191,H192,H193,H208,H202,H203,H204,H205,H206,H207","H204,H205,H206,H207,H189,H190,H191",AGUA/GAA
258027,7PJY,"H1262,H2017,H1263,H1264,H1265,H1266,H1267,H1268,H1269,H2011,H2012,H2013,H2014,H2015,H2016","H1265,H1266,H1267,H1268,H2012,H2013,H2014",AGUA/GAA
258028,7PJY,"H1262,H2017,H2011,H2012,H2013,H2014,H2015,H2016,H1269,H1263,H1264,H1265,H1266,H1267,H1268","H1265,H1266,H1267,H1268,H2012,H2013,H2014",AGUA/GAA
258190,7PJZ,"H194,H201,H188,H189,H190,H191,H192,H193,H208,H202,H203,H204,H205,H206,H207","H204,H205,H206,H207,H189,H190,H191",AGUA/GAA
258213,7PJZ,"H1262,H2017,H1263,H1264,H1265,H1266,H1267,H1268,H1269,H2011,H2012,H2013,H2014,H2015,H2016","H1265,H1266,H1267,H1268,H2012,H2013,H2014",AGUA/GAA
258214,7PJZ,"H1262,H2017,H2011,H2012,H2013,H2014,H2015,H2016,H1269,H1263,H1264,H1265,H1266,H1267,H1268","H1265,H1266,H1267,H1268,H2012,H2013,H2014",AGUA/GAA
258595,7PNX,"A787,A809,A782,A783,A784,A785,A786,A810,A811,A812,A813","A783,A784,A785,A786,A810,A811,A812",AGUA/GAA
258657,7PNY,"A787,A809,A782,A783,A784,A785,A786,A810,A811,A812,A813","A783,A784,A785,A786,A810,A811,A812",AGUA/GAA
259204,7PWG,"B79,B99,B72,B73,B74,B75,B76,B77,B78,B105,B100,B101,B102,B103,B104","B75,B76,B77,B78,B100,B101,B102",AGUA/GAA
259226,7PWG,"A2436,A2452,A2437,A2438,A2439,A2440,A2441,A2442,A2447,A2448,A2449,A2450,A2451","A2438,A2439,A2440,A2441,A2448,A2449,A2450",AGUA/GAA
259320,7PWO,"Z72,Z105,Z73,Z74,Z75,Z76,Z77,Z78,Z79,Z99,Z100,Z101,Z102,Z103,Z104","Z75,Z76,Z77,Z78,Z100,Z101,Z102",AGUA/GAA
259328,7PWO,"Y2442,Y2447,Y2448,Y2449,Y2450,Y2451,Y2452,Y2436,Y2437,Y2438,Y2439,Y2440,Y2441","Y2438,Y2439,Y2440,Y2441,Y2448,Y2449,Y2450",AGUA/GAA
259498,7PZY,"A2995,A3000,A3001,A3002,A3003,A3004,A3005,A3006,A2988,A2989,A2990,A2991,A2992,A2993,A2994","A2991,A2992,A2993,A2994,A3001,A3002,A3003",AGUA/GAA
259514,7PZY,"A1438,A2335,A1439,A1440,A1441,A1442,A1443,A1444,A2330,A2331,A2332,A2333,A2334","A1440,A1441,A1442,A1443,A2331,A2332,A2333",AGUA/GAA
259550,7PZY,"A87,A93,A94,A95,A96,A97,A98,A99,A100,A79,A80,A81,A82,A83,A84,A85,A86","A82,A83,A84,A85,A95,A96,A97",AGUA/GAA
259601,7PZY,"B72,B106,B73,B74,B75,B76,B77,B78,B79,B80,B100,B101,B102,B103,B104,B105","B76,B77,B78,B79,B101,B102,B103",AGUA/GAA
259604,7PZY,"A2995,A3000,A2988,A2989,A2990,A2991,A2992,A2993,A2994,A3006,A3001,A3002,A3003,A3004,A3005","A2991,A2992,A2993,A2994,A3001,A3002,A3003",AGUA/GAA
259740,7Q08,"A2995,A3000,A3001,A3002,A3003,A3004,A3005,A3006,A2988,A2989,A2990,A2991,A2992,A2993,A2994","A2991,A2992,A2993,A2994,A3001,A3002,A3003",AGUA/GAA
259756,7Q08,"A1438,A2335,A1439,A1440,A1441,A1442,A1443,A1444,A2330,A2331,A2332,A2333,A2334","A1440,A1441,A1442,A1443,A2331,A2332,A2333",AGUA/GAA
259790,7Q08,"A87,A93,A94,A95,A96,A97,A98,A99,A100,A79,A80,A81,A82,A83,A84,A85,A86","A82,A83,A84,A85,A95,A96,A97",AGUA/GAA
259841,7Q08,"B72,B106,B73,B74,B75,B76,B77,B78,B79,B80,B100,B101,B102,B103,B104,B105","B76,B77,B78,B79,B101,B102,B103",AGUA/GAA
259844,7Q08,"A2995,A3000,A2988,A2989,A2990,A2991,A2992,A2993,A2994,A3006,A3001,A3002,A3003,A3004,A3005","A2991,A2992,A2993,A2994,A3001,A3002,A3003",AGUA/GAA
259977,7Q0F,"A2995,A3000,A3001,A3002,A3003,A3004,A3005,A3006,A2988,A2989,A2990,A2991,A2992,A2993,A2994","A2991,A2992,A2993,A2994,A3001,A3002,A3003",AGUA/GAA
259994,7Q0F,"A1438,A2335,A1439,A1440,A1441,A1442,A1443,A1444,A2330,A2331,A2332,A2333,A2334","A1440,A1441,A1442,A1443,A2331,A2332,A2333",AGUA/GAA
260024,7Q0F,"A87,A93,A94,A95,A96,A97,A98,A99,A100,A79,A80,A81,A82,A83,A84,A85,A86","A82,A83,A84,A85,A95,A96,A97",AGUA/GAA
260074,7Q0F,"B72,B106,B73,B74,B75,B76,B77,B78,B79,B80,B100,B101,B102,B103,B104,B105","B76,B77,B78,B79,B101,B102,B103",AGUA/GAA
260077,7Q0F,"A2995,A3000,A2988,A2989,A2990,A2991,A2992,A2993,A2994,A3006,A3001,A3002,A3003,A3004,A3005","A2991,A2992,A2993,A2994,A3001,A3002,A3003",AGUA/GAA
260218,7Q0P,"A2995,A3000,A3001,A3002,A3003,A3004,A3005,A3006,A2988,A2989,A2990,A2991,A2992,A2993,A2994","A2991,A2992,A2993,A2994,A3001,A3002,A3003",AGUA/GAA
260234,7Q0P,"A1438,A2335,A1439,A1440,A1441,A1442,A1443,A1444,A2330,A2331,A2332,A2333,A2334","A1440,A1441,A1442,A1443,A2331,A2332,A2333",AGUA/GAA
260270,7Q0P,"A87,A93,A94,A95,A96,A97,A98,A99,A100,A79,A80,A81,A82,A83,A84,A85,A86","A82,A83,A84,A85,A95,A96,A97",AGUA/GAA
260319,7Q0P,"B72,B106,B73,B74,B75,B76,B77,B78,B79,B80,B100,B101,B102,B103,B104,B105","B76,B77,B78,B79,B101,B102,B103",AGUA/GAA
260322,7Q0P,"A2995,A3000,A2988,A2989,A2990,A2991,A2992,A2993,A2994,A3006,A3001,A3002,A3003,A3004,A3005","A2991,A2992,A2993,A2994,A3001,A3002,A3003",AGUA/GAA
260460,7Q0R,"A2995,A3000,A3001,A3002,A3003,A3004,A3005,A3006,A2988,A2989,A2990,A2991,A2992,A2993,A2994","A2991,A2992,A2993,A2994,A3001,A3002,A3003",AGUA/GAA
260476,7Q0R,"A1438,A2335,A1439,A1440,A1441,A1442,A1443,A1444,A2330,A2331,A2332,A2333,A2334","A1440,A1441,A1442,A1443,A2331,A2332,A2333",AGUA/GAA
260512,7Q0R,"A87,A93,A94,A95,A96,A97,A98,A99,A100,A79,A80,A81,A82,A83,A84,A85,A86","A82,A83,A84,A85,A95,A96,A97",AGUA/GAA
260561,7Q0R,"B72,B106,B73,B74,B75,B76,B77,B78,B79,B80,B100,B101,B102,B103,B104,B105","B76,B77,B78,B79,B101,B102,B103",AGUA/GAA
260564,7Q0R,"A2995,A3000,A2988,A2989,A2990,A2991,A2992,A2993,A2994,A3006,A3001,A3002,A3003,A3004,A3005","A2991,A2992,A2993,A2994,A3001,A3002,A3003",AGUA/GAA
260734,7Q4K,"V245,V253,V239,V240,V241,V242,V243,V244,V258,V254,V255,V256,V257","V241,V242,V243,V244,V254,V255,V256",AGUA/GAA
260785,7Q4K,"V1262,V2017,V2011,V2012,V2013,V2014,V2015,V2016,V1269,V1263,V1264,V1265,V1266,V1267,V1268","V1265,V1266,V1267,V1268,V2012,V2013,V2014",AGUA/GAA
260866,7Q4K,"V194,V201,V188,V189,V190,V191,V192,V193,V202,V203,V204,V205,V206,V207,V208","V204,V205,V206,V207,V189,V190,V191",AGUA/GAA
260963,7QCA,"A182,A188,A189,A190,A191,A192,A193,A194,A195,A174,A175,A176,A177,A178,A179,A180,A181","A177,A178,A179,A180,A190,A191,A192",AGUA/GAA
261006,7QCA,"B71,B104,B72,B73,B74,B75,B76,B77,B78,B98,B99,B100,B101,B102,B103","B74,B75,B76,B77,B99,B100,B101",AGUA/GAA
261014,7QCA,"A1112,A1795,A1113,A1114,A1115,A1116,A1117,A1118,A1790,A1791,A1792,A1793,A1794","A1114,A1115,A1116,A1117,A1791,A1792,A1793",AGUA/GAA
261066,7QCA,"A182,A188,A174,A175,A176,A177,A178,A179,A180,A181,A189,A190,A191,A192,A193,A194,A195","A177,A178,A179,A180,A190,A191,A192",AGUA/GAA
261156,7QEP,"C78,C98,C99,C100,C101,C102,C103,C104,C71,C72,C73,C74,C75,C76,C77","C74,C75,C76,C77,C99,C100,C101",AGUA/GAA
261168,7QEP,"B1088,B1685,B1680,B1681,B1682,B1683,B1684,B1094,B1089,B1090,B1091,B1092,B1093","B1090,B1091,B1092,B1093,B1681,B1682,B1683",AGUA/GAA
261215,7QEP,"B167,B188,B181,B182,B183,B184,B185,B186,B187,B168,B169,B170,B171,B172,B173,B174,B175","B170,B171,B172,B173,B183,B184,B185",AGUA/GAA
261225,7QEP,"B2256,B2261,B2262,B2263,B2264,B2265,B2266,B2267,B2249,B2250,B2251,B2252,B2253,B2254,B2255","B2252,B2253,B2254,B2255,B2262,B2263,B2264",AGUA/GAA
261444,7QGG,"A1171,A1194,A1188,A1189,A1190,A1191,A1192,A1193,A1179,A1172,A1173,A1174,A1175,A1176,A1177,A1178","A1173,A1174,A1175,A1176,A1190,A1191,A1192",AGUA/GAA
262109,7QI6,"A781,A812,A808,A809,A810,A811,A786,A782,A783,A784,A785","A782,A783,A784,A785,A809,A810,A811",AGUA/GAA
262200,7QP6,"I1176,I1185,I1168,I1169,I1170,I1171,I1172,I1173,I1174,I1175,I1186,I1187,I1188,I1189,I1190,I1191","I1170,I1171,I1172,I1173,I1187,I1188,I1189",AGUA/GAA
262295,7QP7,"I1176,I1185,I1168,I1169,I1170,I1171,I1172,I1173,I1174,I1175,I1186,I1187,I1188,I1189,I1190,I1191","I1170,I1171,I1172,I1173,I1187,I1188,I1189",AGUA/GAA
262400,7QQ3,"I1269,I2011,I2012,I2013,I2014,I2015,I2016,I2017,I1262,I1263,I1264,I1265,I1266,I1267,I1268","I1265,I1266,I1267,I1268,I2012,I2013,I2014",AGUA/GAA
262491,7QQ3,"I188,I208,I201,I202,I203,I204,I205,I206,I207,I194,I189,I190,I191,I192,I193","I204,I205,I206,I207,I189,I190,I191",AGUA/GAA
262502,7QQ3,"I245,I253,I254,I255,I256,I257,I258,I239,I240,I241,I242,I243,I244","I241,I242,I243,I244,I254,I255,I256",AGUA/GAA
262773,7QVP,"J71,J104,J72,J73,J74,J75,J76,J77,J78,J98,J99,J100,J101,J102,J103","J74,J75,J76,J77,J99,J100,J101",AGUA/GAA
262822,7QVP,"H245,H253,H254,H255,H256,H257,H258,H259,H238,H239,H240,H241,H242,H243,H244","H241,H242,H243,H244,H254,H255,H256",AGUA/GAA
262973,7QVP,"L71,L104,L98,L99,L100,L101,L102,L103,L78,L72,L73,L74,L75,L76,L77","L74,L75,L76,L77,L99,L100,L101",AGUA/GAA
262976,7QVP,"I238,I259,I239,I240,I241,I242,I243,I244,I245,I253,I254,I255,I256,I257,I258","I241,I242,I243,I244,I254,I255,I256",AGUA/GAA
263030,7QVP,"J78,J98,J99,J100,J101,J102,J103,J104,J71,J72,J73,J74,J75,J76,J77","J74,J75,J76,J77,J99,J100,J101",AGUA/GAA
263040,7QVP,"I245,I253,I254,I255,I256,I257,I258,I259,I238,I239,I240,I241,I242,I243,I244","I241,I242,I243,I244,I254,I255,I256",AGUA/GAA
263244,7QWQ,"I88,I96,I97,I98,I99,I100,I101,I102,I81,I82,I83,I84,I85,I86,I87","I84,I85,I86,I87,I97,I98,I99",AGUA/GAA
263298,7QWQ,"I2174,I3557,I3558,I3559,I3560,I3561,I3562,I2168,I2169,I2170,I2171,I2172,I2173","I2170,I2171,I2172,I2173,I3558,I3559,I3560",AGUA/GAA
263550,7R7A,"A82,A103,A97,A98,A99,A100,A101,A102,A83,A84,A85,A86,A87,A88,A89","A85,A86,A87,A88,A98,A99,A100",AGUA/GAA
263551,7R7A,"A82,A103,A83,A84,A85,A86,A87,A88,A89,A97,A98,A99,A100,A101,A102","A85,A86,A87,A88,A98,A99,A100",AGUA/GAA
263816,7R81,"C79,C99,C71,C72,C73,C74,C75,C76,C77,C78,C106,C100,C101,C102,C103,C104,C105","C75,C76,C77,C78,C100,C101,C102",AGUA/GAA
263910,7R81,"A82,A103,A83,A84,A85,A86,A87,A88,A89,A97,A98,A99,A100,A101,A102","A85,A86,A87,A88,A98,A99,A100",AGUA/GAA
263911,7R81,"A82,A103,A97,A98,A99,A100,A101,A102,A83,A84,A85,A86,A87,A88,A89","A85,A86,A87,A88,A98,A99,A100",AGUA/GAA
263928,7R81,"B1116,B1125,B1126,B1127,B1128,B1129,B1130,B1131,B1108,B1109,B1110,B1111,B1112,B1113,B1114,B1115","B1110,B1111,B1112,B1113,B1127,B1128,B1129",AGUA/GAA
263929,7R81,"B1108,B1131,B1125,B1126,B1127,B1128,B1129,B1130,B1109,B1110,B1111,B1112,B1113,B1114,B1115,B1116","B1110,B1111,B1112,B1113,B1127,B1128,B1129",AGUA/GAA
264005,7RQ8,"A182,A189,A190,A191,A192,A193,A194,A195,A196,A176,A177,A178,A179,A180,A181","A192,A193,A194,A195,A177,A178,A179",AGUA/GAA
264017,7RQ8,"A226,A247,A227,A228,A229,A230,A231,A232,A233,A241,A242,A243,A244,A245,A246","A229,A230,A231,A232,A242,A243,A244",AGUA/GAA
264079,7RQ8,"A1314,A2032,A2033,A2034,A2035,A2036,A2037,A2038,A1307,A1308,A1309,A1310,A1311,A1312,A1313","A1310,A1311,A1312,A1313,A2033,A2034,A2035",AGUA/GAA
264184,7RQ9,"A182,A189,A190,A191,A192,A193,A194,A195,A196,A176,A177,A178,A179,A180,A181","A192,A193,A194,A195,A177,A178,A179",AGUA/GAA
264199,7RQ9,"A226,A247,A227,A228,A229,A230,A231,A232,A233,A241,A242,A243,A244,A245,A246","A229,A230,A231,A232,A242,A243,A244",AGUA/GAA
264368,7RQA,"A182,A189,A190,A191,A192,A193,A194,A195,A196,A176,A177,A178,A179,A180,A181","A192,A193,A194,A195,A177,A178,A179",AGUA/GAA
264380,7RQA,"A226,A247,A227,A228,A229,A230,A231,A232,A233,A241,A242,A243,A244,A245,A246","A229,A230,A231,A232,A242,A243,A244",AGUA/GAA
264442,7RQA,"A1314,A2032,A2033,A2034,A2035,A2036,A2037,A2038,A1307,A1308,A1309,A1310,A1311,A1312,A1313","A1310,A1311,A1312,A1313,A2033,A2034,A2035",AGUA/GAA
264552,7RQB,"A182,A189,A190,A191,A192,A193,A194,A195,A196,A176,A177,A178,A179,A180,A181","A192,A193,A194,A195,A177,A178,A179",AGUA/GAA
264564,7RQB,"A226,A247,A227,A228,A229,A230,A231,A232,A233,A241,A242,A243,A244,A245,A246","A229,A230,A231,A232,A242,A243,A244",AGUA/GAA
264626,7RQB,"A1314,A2032,A2033,A2034,A2035,A2036,A2037,A2038,A1307,A1308,A1309,A1310,A1311,A1312,A1313","A1310,A1311,A1312,A1313,A2033,A2034,A2035",AGUA/GAA
264735,7RQC,"A182,A189,A190,A191,A192,A193,A194,A195,A196,A176,A177,A178,A179,A180,A181","A192,A193,A194,A195,A177,A178,A179",AGUA/GAA
264747,7RQC,"A226,A247,A227,A228,A229,A230,A231,A232,A233,A241,A242,A243,A244,A245,A246","A229,A230,A231,A232,A242,A243,A244",AGUA/GAA
264810,7RQC,"A1314,A2032,A2033,A2034,A2035,A2036,A2037,A2038,A1307,A1308,A1309,A1310,A1311,A1312,A1313","A1310,A1311,A1312,A1313,A2033,A2034,A2035",AGUA/GAA
264920,7RQD,"A182,A189,A190,A191,A192,A193,A194,A195,A196,A176,A177,A178,A179,A180,A181","A192,A193,A194,A195,A177,A178,A179",AGUA/GAA
264932,7RQD,"A226,A247,A227,A228,A229,A230,A231,A232,A233,A241,A242,A243,A244,A245,A246","A229,A230,A231,A232,A242,A243,A244",AGUA/GAA
264996,7RQD,"A1314,A2032,A2033,A2034,A2035,A2036,A2037,A2038,A1307,A1308,A1309,A1310,A1311,A1312,A1313","A1310,A1311,A1312,A1313,A2033,A2034,A2035",AGUA/GAA
265104,7RQE,"A182,A189,A190,A191,A192,A193,A194,A195,A196,A176,A177,A178,A179,A180,A181","A192,A193,A194,A195,A177,A178,A179",AGUA/GAA
265116,7RQE,"A226,A247,A227,A228,A229,A230,A231,A232,A233,A241,A242,A243,A244,A245,A246","A229,A230,A231,A232,A242,A243,A244",AGUA/GAA
265182,7RQE,"A1314,A2032,A2033,A2034,A2035,A2036,A2037,A2038,A1307,A1308,A1309,A1310,A1311,A1312,A1313","A1310,A1311,A1312,A1313,A2033,A2034,A2035",AGUA/GAA
265433,7RR5,"A82,A103,A83,A84,A85,A86,A87,A88,A89,A97,A98,A99,A100,A101,A102","A85,A86,A87,A88,A98,A99,A100",AGUA/GAA
265434,7RR5,"A82,A103,A97,A98,A99,A100,A101,A102,A83,A84,A85,A86,A87,A88,A89","A85,A86,A87,A88,A98,A99,A100",AGUA/GAA
265517,7RYF,"E195,E215,E196,E197,E198,E199,E200,E201,E208,E209,E210,E211,E212,E213,E214","E211,E212,E213,E214,E196,E197,E198",AGUA/GAA
265660,7RYG,"E1264,E2007,E2008,E2009,E2010,E2011,E2012,E2013,E1257,E1258,E1259,E1260,E1261,E1262,E1263","E1260,E1261,E1262,E1263,E2008,E2009,E2010",AGUA/GAA
265679,7RYG,"E195,E215,E196,E197,E198,E199,E200,E201,E208,E209,E210,E211,E212,E213,E214","E211,E212,E213,E214,E196,E197,E198",AGUA/GAA
265721,7RYG,"E252,E260,E245,E246,E247,E248,E249,E250,E251,E266,E261,E262,E263,E264,E265","E248,E249,E250,E251,E261,E262,E263",AGUA/GAA
265823,7RYH,"E1264,E2007,E2008,E2009,E2010,E2011,E2012,E2013,E1257,E1258,E1259,E1260,E1261,E1262,E1263","E1260,E1261,E1262,E1263,E2008,E2009,E2010",AGUA/GAA
265841,7RYH,"E195,E215,E196,E197,E198,E199,E200,E201,E208,E209,E210,E211,E212,E213,E214","E211,E212,E213,E214,E196,E197,E198",AGUA/GAA
265879,7RYH,"E252,E260,E245,E246,E247,E248,E249,E250,E251,E266,E261,E262,E263,E264,E265","E248,E249,E250,E251,E261,E262,E263",AGUA/GAA
266028,7S0S,"C187,C207,C200,C201,C202,C203,C204,C205,C206,C193,C188,C189,C190,C191,C192","C203,C204,C205,C206,C188,C189,C190",AGUA/GAA
266080,7S0S,"C245,C253,C238,C239,C240,C241,C242,C243,C244,C259,C254,C255,C256,C257,C258","C241,C242,C243,C244,C254,C255,C256",AGUA/GAA
266254,7S1G,"L245,L253,L254,L255,L256,L257,L258,L239,L240,L241,L242,L243,L244","L241,L242,L243,L244,L254,L255,L256",AGUA/GAA
266308,7S1G,"L188,L208,L189,L190,L191,L192,L193,L194,L201,L202,L203,L204,L205,L206,L207","L204,L205,L206,L207,L189,L190,L191",AGUA/GAA
266409,7S1H,"J194,J201,J188,J189,J190,J191,J192,J193,J202,J203,J204,J205,J206,J207,J208","J204,J205,J206,J207,J189,J190,J191",AGUA/GAA
266474,7S1H,"J245,J253,J239,J240,J241,J242,J243,J244,J258,J254,J255,J256,J257","J241,J242,J243,J244,J254,J255,J256",AGUA/GAA
266718,7S1I,"L188,L208,L189,L190,L191,L192,L193,L194,L201,L202,L203,L204,L205,L206,L207","L204,L205,L206,L207,L189,L190,L191",AGUA/GAA
266818,7S1J,"J194,J201,J188,J189,J190,J191,J192,J193,J202,J203,J204,J205,J206,J207,J208","J204,J205,J206,J207,J189,J190,J191",AGUA/GAA
267127,7S1K,"L188,L208,L189,L190,L191,L192,L193,L194,L201,L202,L203,L204,L205,L206,L207","L204,L205,L206,L207,L189,L190,L191",AGUA/GAA
267288,7S9U,"A1310,A2039,A1302,A1303,A1304,A1305,A1306,A1307,A1308,A1309,A2046,A2040,A2041,A2042,A2043,A2044,A2045","A1305,A1306,A1307,A1308,A2041,A2042,A2043",AGUA/GAA
267393,7SA4,"A188,A208,A201,A202,A203,A204,A205,A206,A207,A189,A190,A191,A192,A193,A194","A204,A205,A206,A207,A189,A190,A191",AGUA/GAA
267406,7SA4,"A1262,A2017,A1263,A1264,A1265,A1266,A1267,A1268,A1269,A2011,A2012,A2013,A2014,A2015,A2016","A1265,A1266,A1267,A1268,A2012,A2013,A2014",AGUA/GAA
267494,7SA4,"A239,A258,A253,A254,A255,A256,A257,A245,A240,A241,A242,A243,A244","A241,A242,A243,A244,A254,A255,A256",AGUA/GAA
267657,7SAE,"A197,A204,A191,A192,A193,A194,A195,A196,A211,A205,A206,A207,A208,A209,A210","A207,A208,A209,A210,A192,A193,A194",AGUA/GAA
267658,7SAE,"A191,A211,A204,A205,A206,A207,A208,A209,A210,A192,A193,A194,A195,A196,A197","A207,A208,A209,A210,A192,A193,A194",AGUA/GAA
267683,7SAE,"A241,A262,A256,A257,A258,A259,A260,A261,A248,A242,A243,A244,A245,A246,A247","A244,A245,A246,A247,A257,A258,A259",AGUA/GAA
267704,7SAE,"A1310,A2039,A1302,A1303,A1304,A1305,A1306,A1307,A1308,A1309,A2046,A2040,A2041,A2042,A2043,A2044,A2045","A1305,A1306,A1307,A1308,A2041,A2042,A2043",AGUA/GAA
267794,7SFR,"G247,G255,G256,G257,G258,G259,G260,G241,G242,G243,G244,G245,G246","G243,G244,G245,G246,G256,G257,G258",AGUA/GAA
267795,7SFR,"G241,G260,G255,G256,G257,G258,G259,G242,G243,G244,G245,G246,G247","G243,G244,G245,G246,G256,G257,G258",AGUA/GAA
267798,7SFR,"G241,G260,G255,G256,G257,G258,G259,G247,G242,G243,G244,G245,G246","G243,G244,G245,G246,G256,G257,G258",AGUA/GAA
267803,7SFR,"G1561,G1642,G1643,G1644,G1645,G1646,G1647,G1648,G1649,G1556,G1557,G1558,G1559,G1560","G1645,G1646,G1647,G1648,G1557,G1558,G1559",AGUA/GAA
267891,7SFR,"G190,G210,G191,G192,G193,G194,G195,G196,G203,G204,G205,G206,G207,G208,G209","G206,G207,G208,G209,G191,G192,G193",AGUA/GAA
267898,7SFR,"G1393,G2255,G1394,G1395,G1396,G1397,G1398,G1399,G1400,G2249,G2250,G2251,G2252,G2253,G2254","G1396,G1397,G1398,G1399,G2250,G2251,G2252",AGUA/GAA
268323,7SSD,"B195,B201,B188,B189,B190,B191,B192,B193,B194,B208,B202,B203,B204,B205,B206,B207","B204,B205,B206,B207,B189,B190,B191",AGUA/GAA
268403,7SSD,"B1269,B2011,B2012,B2013,B2014,B2015,B2016,B2017,B1262,B1263,B1264,B1265,B1266,B1267,B1268","B1265,B1266,B1267,B1268,B2012,B2013,B2014",AGUA/GAA
269159,7SSN,"B194,B201,B188,B189,B190,B191,B192,B193,B208,B202,B203,B204,B205,B206,B207","B204,B205,B206,B207,B189,B190,B191",AGUA/GAA
269296,7SSO,"B239,B258,B240,B241,B242,B243,B244,B245,B253,B254,B255,B256,B257","B241,B242,B243,B244,B254,B255,B256",AGUA/GAA
269297,7SSO,"B245,B253,B239,B240,B241,B242,B243,B244,B254,B255,B256,B257,B258","B241,B242,B243,B244,B254,B255,B256",AGUA/GAA
269345,7SSO,"B1269,B2011,B2012,B2013,B2014,B2015,B2016,B2017,B1262,B1263,B1264,B1265,B1266,B1267,B1268","B1265,B1266,B1267,B1268,B2012,B2013,B2014",AGUA/GAA
269459,7SSO,"B194,B201,B188,B189,B190,B191,B192,B193,B208,B202,B203,B204,B205,B206,B207","B204,B205,B206,B207,B189,B190,B191",AGUA/GAA
269787,7SSW,"B194,B201,B188,B189,B190,B191,B192,B193,B208,B202,B203,B204,B205,B206,B207","B204,B205,B206,B207,B189,B190,B191",AGUA/GAA
269928,7ST2,"B239,B258,B240,B241,B242,B243,B244,B245,B253,B254,B255,B256,B257","B241,B242,B243,B244,B254,B255,B256",AGUA/GAA
269929,7ST2,"B245,B253,B239,B240,B241,B242,B243,B244,B254,B255,B256,B257,B258","B241,B242,B243,B244,B254,B255,B256",AGUA/GAA
269974,7ST2,"B1269,B2011,B2012,B2013,B2014,B2015,B2016,B2017,B1262,B1263,B1264,B1265,B1266,B1267,B1268","B1265,B1266,B1267,B1268,B2012,B2013,B2014",AGUA/GAA
270084,7ST2,"B194,B201,B188,B189,B190,B191,B192,B193,B208,B202,B203,B204,B205,B206,B207","B204,B205,B206,B207,B189,B190,B191",AGUA/GAA
270678,7SYI,"z261,z272,z255,z256,z257,z258,z259,z260,z277,z273,z274,z275,z276","z257,z258,z259,z260,z273,z274,z275",AGUA/GAA
270721,7SYR,"z261,z272,z255,z256,z257,z258,z259,z260,z277,z273,z274,z275,z276","z257,z258,z259,z260,z273,z274,z275",AGUA/GAA
270724,7SYS,"z261,z272,z255,z256,z257,z258,z259,z260,z277,z273,z274,z275,z276","z257,z258,z259,z260,z273,z274,z275",AGUA/GAA
270730,7SYU,"z261,z272,z255,z256,z257,z258,z259,z260,z277,z273,z274,z275,z276","z257,z258,z259,z260,z273,z274,z275",AGUA/GAA
271392,7TOQ,"B1755,B2587,B1756,B1757,B1758,B1759,B1760,B1761,B2582,B2583,B2584,B2585,B2586","B1757,B1758,B1759,B1760,B2583,B2584,B2585",AGUA/GAA
271393,7TOQ,"B1761,B2582,B1755,B1756,B1757,B1758,B1759,B1760,B2587,B2583,B2584,B2585,B2586","B1757,B1758,B1759,B1760,B2583,B2584,B2585",AGUA/GAA
271448,7TOQ,"B88,B96,B97,B98,B99,B100,B101,B102,B81,B82,B83,B84,B85,B86,B87","B84,B85,B86,B87,B97,B98,B99",AGUA/GAA
271715,7TOR,"D71,D104,D72,D73,D74,D75,D76,D77,D78,D98,D99,D100,D101,D102,D103","D74,D75,D76,D77,D99,D100,D101",AGUA/GAA
271793,7TOR,"A1024,A1033,A1034,A1035,A1036,A1037,A1038,A1039,A1016,A1017,A1018,A1019,A1020,A1021,A1022,A1023","A1018,A1019,A1020,A1021,A1035,A1036,A1037",AGUA/GAA
271815,7TOR,"B88,B96,B97,B98,B99,B100,B101,B102,B81,B82,B83,B84,B85,B86,B87","B84,B85,B86,B87,B97,B98,B99",AGUA/GAA
271830,7TOR,"B1714,B2522,B1715,B1716,B1717,B1718,B1719,B1720,B2517,B2518,B2519,B2520,B2521","B1716,B1717,B1718,B1719,B2518,B2519,B2520",AGUA/GAA
272089,7U0H,"A3018,A3036,A3019,A3020,A3021,A3022,A3023,A3024,A3025,A3030,A3031,A3032,A3033,A3034,A3035","A3021,A3022,A3023,A3024,A3031,A3032,A3033",AGUA/GAA
272147,7U0H,"A82,A103,A97,A98,A99,A100,A101,A102,A83,A84,A85,A86,A87,A88,A89","A85,A86,A87,A88,A98,A99,A100",AGUA/GAA
272148,7U0H,"A82,A103,A83,A84,A85,A86,A87,A88,A89,A97,A98,A99,A100,A101,A102","A85,A86,A87,A88,A98,A99,A100",AGUA/GAA
272188,7U0H,"A1450,A2354,A1444,A1445,A1446,A1447,A1448,A1449,A2359,A2355,A2356,A2357,A2358","A1446,A1447,A1448,A1449,A2355,A2356,A2357",AGUA/GAA
272250,7U2H,"A182,A189,A190,A191,A192,A193,A194,A195,A196,A176,A177,A178,A179,A180,A181","A192,A193,A194,A195,A177,A178,A179",AGUA/GAA
272262,7U2H,"A226,A247,A227,A228,A229,A230,A231,A232,A233,A241,A242,A243,A244,A245,A246","A229,A230,A231,A232,A242,A243,A244",AGUA/GAA
272328,7U2H,"A1314,A2032,A2033,A2034,A2035,A2036,A2037,A2038,A1307,A1308,A1309,A1310,A1311,A1312,A1313","A1310,A1311,A1312,A1313,A2033,A2034,A2035",AGUA/GAA
272432,7U2I,"A182,A189,A190,A191,A192,A193,A194,A195,A196,A176,A177,A178,A179,A180,A181","A192,A193,A194,A195,A177,A178,A179",AGUA/GAA
272444,7U2I,"A226,A247,A227,A228,A229,A230,A231,A232,A233,A241,A242,A243,A244,A245,A246","A229,A230,A231,A232,A242,A243,A244",AGUA/GAA
272512,7U2I,"A1314,A2032,A2033,A2034,A2035,A2036,A2037,A2038,A1307,A1308,A1309,A1310,A1311,A1312,A1313","A1310,A1311,A1312,A1313,A2033,A2034,A2035",AGUA/GAA
272619,7U2J,"A182,A189,A190,A191,A192,A193,A194,A195,A196,A176,A177,A178,A179,A180,A181","A192,A193,A194,A195,A177,A178,A179",AGUA/GAA
272631,7U2J,"A226,A247,A227,A228,A229,A230,A231,A232,A233,A241,A242,A243,A244,A245,A246","A229,A230,A231,A232,A242,A243,A244",AGUA/GAA
272911,7UCJ,"D71,D104,D72,D73,D74,D75,D76,D77,D78,D98,D99,D100,D101,D102,D103","D74,D75,D76,D77,D99,D100,D101",AGUA/GAA
272924,7UCJ,"C81,C102,C82,C83,C84,C85,C86,C87,C88,C96,C97,C98,C99,C100,C101","C84,C85,C86,C87,C97,C98,C99",AGUA/GAA
273174,7UCK,"D71,D104,D72,D73,D74,D75,D76,D77,D78,D98,D99,D100,D101,D102,D103","D74,D75,D76,D77,D99,D100,D101",AGUA/GAA
273180,7UCK,"C81,C102,C82,C83,C84,C85,C86,C87,C88,C96,C97,C98,C99,C100,C101","C84,C85,C86,C87,C97,C98,C99",AGUA/GAA
273337,7UG6,"C80,C100,C72,C73,C74,C75,C76,C77,C78,C79,C101,C102,C103,C104,C105,C106","C76,C77,C78,C79,C101,C102,C103",AGUA/GAA
273428,7UG6,"A82,A103,A97,A98,A99,A100,A101,A102,A83,A84,A85,A86,A87,A88,A89","A85,A86,A87,A88,A98,A99,A100",AGUA/GAA
273429,7UG6,"A82,A103,A83,A84,A85,A86,A87,A88,A89,A97,A98,A99,A100,A101,A102","A85,A86,A87,A88,A98,A99,A100",AGUA/GAA
273473,7UG6,"A1450,A2354,A1444,A1445,A1446,A1447,A1448,A1449,A2359,A2355,A2356,A2357,A2358","A1446,A1447,A1448,A1449,A2355,A2356,A2357",AGUA/GAA
273619,7UG7,"V245,V253,V239,V240,V241,V242,V243,V244,V258,V254,V255,V256,V257","V241,V242,V243,V244,V254,V255,V256",AGUA/GAA
273670,7UG7,"V1262,V2017,V2011,V2012,V2013,V2014,V2015,V2016,V1269,V1263,V1264,V1265,V1266,V1267,V1268","V1265,V1266,V1267,V1268,V2012,V2013,V2014",AGUA/GAA
273751,7UG7,"V194,V201,V188,V189,V190,V191,V192,V193,V202,V203,V204,V205,V206,V207,V208","V204,V205,V206,V207,V189,V190,V191",AGUA/GAA
273851,7UIN,"B336,B377,B337,B338,B339,B340,B341,B342,B343,B372,B373,B374,B375,B376","B339,B340,B341,B342,B373,B374,B375",AGUA/GAA
274033,7UNR,"Y238,Y259,Y239,Y240,Y241,Y242,Y243,Y244,Y245,Y253,Y254,Y255,Y256,Y257,Y258","Y241,Y242,Y243,Y244,Y254,Y255,Y256",AGUA/GAA
274080,7UNR,"Y1249,Y2004,Y1998,Y1999,Y2000,Y2001,Y2002,Y2003,Y1256,Y1250,Y1251,Y1252,Y1253,Y1254,Y1255","Y1252,Y1253,Y1254,Y1255,Y1999,Y2000,Y2001",AGUA/GAA
274109,7UNR,"Y194,Y201,Y188,Y189,Y190,Y191,Y192,Y193,Y208,Y202,Y203,Y204,Y205,Y206,Y207","Y204,Y205,Y206,Y207,Y189,Y190,Y191",AGUA/GAA
274321,7UNU,"Y238,Y259,Y239,Y240,Y241,Y242,Y243,Y244,Y245,Y253,Y254,Y255,Y256,Y257,Y258","Y241,Y242,Y243,Y244,Y254,Y255,Y256",AGUA/GAA
274367,7UNU,"Y1249,Y2004,Y1998,Y1999,Y2000,Y2001,Y2002,Y2003,Y1256,Y1250,Y1251,Y1252,Y1253,Y1254,Y1255","Y1252,Y1253,Y1254,Y1255,Y1999,Y2000,Y2001",AGUA/GAA
274396,7UNU,"Y194,Y201,Y188,Y189,Y190,Y191,Y192,Y193,Y208,Y202,Y203,Y204,Y205,Y206,Y207","Y204,Y205,Y206,Y207,Y189,Y190,Y191",AGUA/GAA
274612,7UNV,"Y238,Y259,Y239,Y240,Y241,Y242,Y243,Y244,Y245,Y253,Y254,Y255,Y256,Y257,Y258","Y241,Y242,Y243,Y244,Y254,Y255,Y256",AGUA/GAA
274658,7UNV,"Y1249,Y2004,Y1998,Y1999,Y2000,Y2001,Y2002,Y2003,Y1256,Y1250,Y1251,Y1252,Y1253,Y1254,Y1255","Y1252,Y1253,Y1254,Y1255,Y1999,Y2000,Y2001",AGUA/GAA
274688,7UNV,"Y194,Y201,Y188,Y189,Y190,Y191,Y192,Y193,Y208,Y202,Y203,Y204,Y205,Y206,Y207","Y204,Y205,Y206,Y207,Y189,Y190,Y191",AGUA/GAA
274907,7UNW,"Y238,Y259,Y239,Y240,Y241,Y242,Y243,Y244,Y245,Y253,Y254,Y255,Y256,Y257,Y258","Y241,Y242,Y243,Y244,Y254,Y255,Y256",AGUA/GAA
274952,7UNW,"Y1249,Y2004,Y1998,Y1999,Y2000,Y2001,Y2002,Y2003,Y1256,Y1250,Y1251,Y1252,Y1253,Y1254,Y1255","Y1252,Y1253,Y1254,Y1255,Y1999,Y2000,Y2001",AGUA/GAA
274981,7UNW,"Y194,Y201,Y188,Y189,Y190,Y191,Y192,Y193,Y208,Y202,Y203,Y204,Y205,Y206,Y207","Y204,Y205,Y206,Y207,Y189,Y190,Y191",AGUA/GAA
275210,7UOO,"D80,D100,D101,D102,D103,D104,D105,D106,D72,D73,D74,D75,D76,D77,D78,D79","D76,D77,D78,D79,D101,D102,D103",AGUA/GAA
275267,7UOO,"B82,B103,B97,B98,B99,B100,B101,B102,B89,B83,B84,B85,B86,B87,B88","B85,B86,B87,B88,B98,B99,B100",AGUA/GAA
275405,7UQB,"D80,D100,D101,D102,D103,D104,D105,D106,D72,D73,D74,D75,D76,D77,D78,D79","D76,D77,D78,D79,D101,D102,D103",AGUA/GAA
275461,7UQB,"B82,B103,B97,B98,B99,B100,B101,B102,B89,B83,B84,B85,B86,B87,B88","B85,B86,B87,B88,B98,B99,B100",AGUA/GAA
275601,7UQZ,"D80,D100,D101,D102,D103,D104,D105,D106,D72,D73,D74,D75,D76,D77,D78,D79","D76,D77,D78,D79,D101,D102,D103",AGUA/GAA
275658,7UQZ,"B82,B103,B97,B98,B99,B100,B101,B102,B89,B83,B84,B85,B86,B87,B88","B85,B86,B87,B88,B98,B99,B100",AGUA/GAA
275757,7UVV,"E1264,E2007,E2008,E2009,E2010,E2011,E2012,E2013,E1257,E1258,E1259,E1260,E1261,E1262,E1263","E1260,E1261,E1262,E1263,E2008,E2009,E2010",AGUA/GAA
275775,7UVV,"E195,E215,E196,E197,E198,E199,E200,E201,E208,E209,E210,E211,E212,E213,E214","E211,E212,E213,E214,E196,E197,E198",AGUA/GAA
275819,7UVV,"E252,E260,E245,E246,E247,E248,E249,E250,E251,E266,E261,E262,E263,E264,E265","E248,E249,E250,E251,E261,E262,E263",AGUA/GAA
275921,7UVW,"E1264,E2007,E2008,E2009,E2010,E2011,E2012,E2013,E1257,E1258,E1259,E1260,E1261,E1262,E1263","E1260,E1261,E1262,E1263,E2008,E2009,E2010",AGUA/GAA
275983,7UVW,"E252,E260,E245,E246,E247,E248,E249,E250,E251,E266,E261,E262,E263,E264,E265","E248,E249,E250,E251,E261,E262,E263",AGUA/GAA
276087,7UVX,"E1264,E2007,E2008,E2009,E2010,E2011,E2012,E2013,E1257,E1258,E1259,E1260,E1261,E1262,E1263","E1260,E1261,E1262,E1263,E2008,E2009,E2010",AGUA/GAA
276150,7UVX,"E252,E260,E245,E246,E247,E248,E249,E250,E251,E266,E261,E262,E263,E264,E265","E248,E249,E250,E251,E261,E262,E263",AGUA/GAA
276261,7UVY,"E1264,E2007,E2008,E2009,E2010,E2011,E2012,E2013,E1257,E1258,E1259,E1260,E1261,E1262,E1263","E1260,E1261,E1262,E1263,E2008,E2009,E2010",AGUA/GAA
276278,7UVY,"E195,E215,E196,E197,E198,E199,E200,E201,E208,E209,E210,E211,E212,E213,E214","E211,E212,E213,E214,E196,E197,E198",AGUA/GAA
276323,7UVY,"E252,E260,E245,E246,E247,E248,E249,E250,E251,E266,E261,E262,E263,E264,E265","E248,E249,E250,E251,E261,E262,E263",AGUA/GAA
276427,7UVZ,"E1264,E2007,E2008,E2009,E2010,E2011,E2012,E2013,E1257,E1258,E1259,E1260,E1261,E1262,E1263","E1260,E1261,E1262,E1263,E2008,E2009,E2010",AGUA/GAA
276444,7UVZ,"E195,E215,E196,E197,E198,E199,E200,E201,E208,E209,E210,E211,E212,E213,E214","E211,E212,E213,E214,E196,E197,E198",AGUA/GAA
276600,7UW1,"E1264,E2007,E2008,E2009,E2010,E2011,E2012,E2013,E1257,E1258,E1259,E1260,E1261,E1262,E1263","E1260,E1261,E1262,E1263,E2008,E2009,E2010",AGUA/GAA
276617,7UW1,"E195,E215,E196,E197,E198,E199,E200,E201,E208,E209,E210,E211,E212,E213,E214","E211,E212,E213,E214,E196,E197,E198",AGUA/GAA
276662,7UW1,"E252,E260,E245,E246,E247,E248,E249,E250,E251,E266,E261,E262,E263,E264,E265","E248,E249,E250,E251,E261,E262,E263",AGUA/GAA
276883,7V08,"D80,D100,D101,D102,D103,D104,D105,D106,D72,D73,D74,D75,D76,D77,D78,D79","D76,D77,D78,D79,D101,D102,D103",AGUA/GAA
276937,7V08,"B82,B103,B97,B98,B99,B100,B101,B102,B89,B83,B84,B85,B86,B87,B88","B85,B86,B87,B88,B98,B99,B100",AGUA/GAA
277181,7V2N,"A873,A882,A883,A884,A885,A886,A887,A888,A865,A866,A867,A868,A869,A870,A871,A872","A867,A868,A869,A870,A884,A885,A886",AGUA/GAA
277821,7WTL,"A1111,A1134,A1128,A1129,A1130,A1131,A1132,A1133,A1119,A1112,A1113,A1114,A1115,A1116,A1117,A1118","A1113,A1114,A1115,A1116,A1130,A1131,A1132",AGUA/GAA
277898,7WTM,"A1111,A1134,A1128,A1129,A1130,A1131,A1132,A1133,A1119,A1112,A1113,A1114,A1115,A1116,A1117,A1118","A1113,A1114,A1115,A1116,A1130,A1131,A1132",AGUA/GAA
277974,7WTN,"A1111,A1134,A1128,A1129,A1130,A1131,A1132,A1133,A1119,A1112,A1113,A1114,A1115,A1116,A1117,A1118","A1113,A1114,A1115,A1116,A1130,A1131,A1132",AGUA/GAA
278063,7WTO,"A1111,A1134,A1128,A1129,A1130,A1131,A1132,A1133,A1119,A1112,A1113,A1114,A1115,A1116,A1117,A1118","A1113,A1114,A1115,A1116,A1130,A1131,A1132",AGUA/GAA
278141,7WTP,"A1111,A1134,A1128,A1129,A1130,A1131,A1132,A1133,A1119,A1112,A1113,A1114,A1115,A1116,A1117,A1118","A1113,A1114,A1115,A1116,A1130,A1131,A1132",AGUA/GAA
278237,7WTQ,"A1111,A1134,A1128,A1129,A1130,A1131,A1132,A1133,A1119,A1112,A1113,A1114,A1115,A1116,A1117,A1118","A1113,A1114,A1115,A1116,A1130,A1131,A1132",AGUA/GAA
278334,7WTR,"A1111,A1134,A1128,A1129,A1130,A1131,A1132,A1133,A1119,A1112,A1113,A1114,A1115,A1116,A1117,A1118","A1113,A1114,A1115,A1116,A1130,A1131,A1132",AGUA/GAA
278499,7XAM,"A238,A259,A239,A240,A241,A242,A243,A244,A245,A253,A254,A255,A256,A257,A258","A241,A242,A243,A244,A254,A255,A256",AGUA/GAA
278500,7XAM,"A238,A259,A253,A254,A255,A256,A257,A258,A245,A239,A240,A241,A242,A243,A244","A241,A242,A243,A244,A254,A255,A256",AGUA/GAA
278530,7XAM,"A1377,A2241,A1378,A1379,A1380,A1381,A1382,A1383,A1384,A2235,A2236,A2237,A2238,A2239,A2240","A1380,A1381,A1382,A1383,A2236,A2237,A2238",AGUA/GAA
278583,7XAM,"A193,A200,A201,A202,A203,A204,A205,A206,A207,A187,A188,A189,A190,A191,A192","A203,A204,A205,A206,A188,A189,A190",AGUA/GAA
278877,7XNX,"B71,B104,B72,B73,B74,B75,B76,B77,B78,B98,B99,B100,B101,B102,B103","B74,B75,B76,B77,B99,B100,B101",AGUA/GAA
278934,7XNX,"A4603,A4608,A4596,A4597,A4598,A4599,A4600,A4601,A4602,A4614,A4609,A4610,A4611,A4612,A4613","A4599,A4600,A4601,A4602,A4609,A4610,A4611",AGUA/GAA
278950,7XNX,"A81,A102,A82,A83,A84,A85,A86,A87,A88,A96,A97,A98,A99,A100,A101","A84,A85,A86,A87,A97,A98,A99",AGUA/GAA
279096,7XNY,"B71,B104,B72,B73,B74,B75,B76,B77,B78,B98,B99,B100,B101,B102,B103","B74,B75,B76,B77,B99,B100,B101",AGUA/GAA
279169,7XNY,"A81,A102,A82,A83,A84,A85,A86,A87,A88,A96,A97,A98,A99,A100,A101","A84,A85,A86,A87,A97,A98,A99",AGUA/GAA
279474,7Y41,"A238,A259,A239,A240,A241,A242,A243,A244,A245,A253,A254,A255,A256,A257,A258","A241,A242,A243,A244,A254,A255,A256",AGUA/GAA
279475,7Y41,"A238,A259,A253,A254,A255,A256,A257,A258,A245,A239,A240,A241,A242,A243,A244","A241,A242,A243,A244,A254,A255,A256",AGUA/GAA
279508,7Y41,"A1377,A2241,A1378,A1379,A1380,A1381,A1382,A1383,A1384,A2235,A2236,A2237,A2238,A2239,A2240","A1380,A1381,A1382,A1383,A2236,A2237,A2238",AGUA/GAA
279571,7Y41,"A193,A200,A201,A202,A203,A204,A205,A206,A207,A187,A188,A189,A190,A191,A192","A203,A204,A205,A206,A188,A189,A190",AGUA/GAA
279727,7Y7C,"V245,V253,V239,V240,V241,V242,V243,V244,V258,V254,V255,V256,V257","V241,V242,V243,V244,V254,V255,V256",AGUA/GAA
279776,7Y7C,"V1262,V2017,V2011,V2012,V2013,V2014,V2015,V2016,V1269,V1263,V1264,V1265,V1266,V1267,V1268","V1265,V1266,V1267,V1268,V2012,V2013,V2014",AGUA/GAA
279851,7Y7C,"V194,V201,V188,V189,V190,V191,V192,V193,V202,V203,V204,V205,V206,V207,V208","V204,V205,V206,V207,V189,V190,V191",AGUA/GAA
280011,7Y7D,"V245,V253,V239,V240,V241,V242,V243,V244,V258,V254,V255,V256,V257","V241,V242,V243,V244,V254,V255,V256",AGUA/GAA
280060,7Y7D,"V1262,V2017,V2011,V2012,V2013,V2014,V2015,V2016,V1269,V1263,V1264,V1265,V1266,V1267,V1268","V1265,V1266,V1267,V1268,V2012,V2013,V2014",AGUA/GAA
280135,7Y7D,"V194,V201,V188,V189,V190,V191,V192,V193,V202,V203,V204,V205,V206,V207,V208","V204,V205,V206,V207,V189,V190,V191",AGUA/GAA
280298,7Y7E,"V245,V253,V239,V240,V241,V242,V243,V244,V258,V254,V255,V256,V257","V241,V242,V243,V244,V254,V255,V256",AGUA/GAA
280347,7Y7E,"V1262,V2017,V2011,V2012,V2013,V2014,V2015,V2016,V1269,V1263,V1264,V1265,V1266,V1267,V1268","V1265,V1266,V1267,V1268,V2012,V2013,V2014",AGUA/GAA
280422,7Y7E,"V194,V201,V188,V189,V190,V191,V192,V193,V202,V203,V204,V205,V206,V207,V208","V204,V205,V206,V207,V189,V190,V191",AGUA/GAA
280583,7Y7F,"V245,V253,V239,V240,V241,V242,V243,V244,V258,V254,V255,V256,V257","V241,V242,V243,V244,V254,V255,V256",AGUA/GAA
280632,7Y7F,"V1262,V2017,V2011,V2012,V2013,V2014,V2015,V2016,V1269,V1263,V1264,V1265,V1266,V1267,V1268","V1265,V1266,V1267,V1268,V2012,V2013,V2014",AGUA/GAA
280707,7Y7F,"V194,V201,V188,V189,V190,V191,V192,V193,V202,V203,V204,V205,V206,V207,V208","V204,V205,V206,V207,V189,V190,V191",AGUA/GAA
280868,7Y7G,"V245,V253,V239,V240,V241,V242,V243,V244,V258,V254,V255,V256,V257","V241,V242,V243,V244,V254,V255,V256",AGUA/GAA
280917,7Y7G,"V1262,V2017,V2011,V2012,V2013,V2014,V2015,V2016,V1269,V1263,V1264,V1265,V1266,V1267,V1268","V1265,V1266,V1267,V1268,V2012,V2013,V2014",AGUA/GAA
280992,7Y7G,"V194,V201,V188,V189,V190,V191,V192,V193,V202,V203,V204,V205,V206,V207,V208","V204,V205,V206,V207,V189,V190,V191",AGUA/GAA
281154,7Y7H,"V245,V253,V239,V240,V241,V242,V243,V244,V258,V254,V255,V256,V257","V241,V242,V243,V244,V254,V255,V256",AGUA/GAA
281203,7Y7H,"V1262,V2017,V2011,V2012,V2013,V2014,V2015,V2016,V1269,V1263,V1264,V1265,V1266,V1267,V1268","V1265,V1266,V1267,V1268,V2012,V2013,V2014",AGUA/GAA
281278,7Y7H,"V194,V201,V188,V189,V190,V191,V192,V193,V202,V203,V204,V205,V206,V207,V208","V204,V205,V206,V207,V189,V190,V191",AGUA/GAA
281672,7YLA,"B239,B258,B240,B241,B242,B243,B244,B245,B253,B254,B255,B256,B257","B241,B242,B243,B244,B254,B255,B256",AGUA/GAA
281673,7YLA,"B245,B253,B239,B240,B241,B242,B243,B244,B254,B255,B256,B257,B258","B241,B242,B243,B244,B254,B255,B256",AGUA/GAA
281698,7YLA,"B1269,B2011,B2012,B2013,B2014,B2015,B2016,B2017,B1262,B1263,B1264,B1265,B1266,B1267,B1268","B1265,B1266,B1267,B1268,B2012,B2013,B2014",AGUA/GAA
281780,7YLA,"B194,B201,B188,B189,B190,B191,B192,B193,B208,B202,B203,B204,B205,B206,B207","B204,B205,B206,B207,B189,B190,B191",AGUA/GAA
281873,7Z20,"b1268,b2010,b1261,b1262,b1263,b1264,b1265,b1266,b1267,b2011,b2012,b2013,b2014,b2015,b2016","b1264,b1265,b1266,b1267,b2011,b2012,b2013",AGUA/GAA
281876,7Z20,"b239,b258,b253,b254,b255,b256,b257,b245,b240,b241,b242,b243,b244","b241,b242,b243,b244,b254,b255,b256",AGUA/GAA
281948,7Z20,"b194,b201,b202,b203,b204,b205,b206,b207,b208,b188,b189,b190,b191,b192,b193","b204,b205,b206,b207,b189,b190,b191",AGUA/GAA
282423,7Z3N,"A90,A98,A83,A84,A85,A86,A87,A88,A89,A99,A100,A101,A102,A103,A104","A86,A87,A88,A89,A99,A100,A101",AGUA/GAA
282725,7Z3O,"A90,A98,A83,A84,A85,A86,A87,A88,A89,A99,A100,A101,A102,A103,A104","A86,A87,A88,A89,A99,A100,A101",AGUA/GAA
282907,7ZFW,"A81,A102,A82,A83,A84,A85,A86,A87,A88,A96,A97,A98,A99,A100,A101","A84,A85,A86,A87,A97,A98,A99",AGUA/GAA
283272,7ZJX,"D71,D104,D72,D73,D74,D75,D76,D77,D78,D98,D99,D100,D101,D102,D103","D74,D75,D76,D77,D99,D100,D101",AGUA/GAA
283311,7ZJX,"C4342,C4360,C4354,C4355,C4356,C4357,C4358,C4359,C4349,C4343,C4344,C4345,C4346,C4347,C4348","C4345,C4346,C4347,C4348,C4355,C4356,C4357",AGUA/GAA
283434,7ZOD,"b239,b258,b253,b254,b255,b256,b257,b245,b240,b241,b242,b243,b244","b241,b242,b243,b244,b254,b255,b256",AGUA/GAA
283436,7ZOD,"b1262,b2017,b1263,b1264,b1265,b1266,b1267,b1268,b1269,b2011,b2012,b2013,b2014,b2015,b2016","b1265,b1266,b1267,b1268,b2012,b2013,b2014",AGUA/GAA
283502,7ZOD,"b194,b201,b202,b203,b204,b205,b206,b207,b208,b188,b189,b190,b191,b192,b193","b204,b205,b206,b207,b189,b190,b191",AGUA/GAA
283603,7ZP8,"b1270,b2010,b2011,b2012,b2013,b2014,b2015,b2016,b2017,b1262,b1263,b1264,b1265,b1266,b1267,b1268,b1269","b1265,b1266,b1267,b1268,b2012,b2013,b2014",AGUA/GAA
283618,7ZP8,"b239,b258,b252,b253,b254,b255,b256,b257,b246,b240,b241,b242,b243,b244,b245","b241,b242,b243,b244,b254,b255,b256",AGUA/GAA
283681,7ZP8,"b194,b201,b202,b203,b204,b205,b206,b207,b208,b188,b189,b190,b191,b192,b193","b204,b205,b206,b207,b189,b190,b191",AGUA/GAA
283845,7ZPQ,"C80,C100,C72,C73,C74,C75,C76,C77,C78,C79,C101,C102,C103,C104,C105,C106","C76,C77,C78,C79,C101,C102,C103",AGUA/GAA
284008,7ZPQ,"A1110,A1133,A1127,A1128,A1129,A1130,A1131,A1132,A1111,A1112,A1113,A1114,A1115,A1116,A1117,A1118","A1112,A1113,A1114,A1115,A1129,A1130,A1131",AGUA/GAA
284029,7ZPQ,"D1444,D2359,D1445,D1446,D1447,D1448,D1449,D1450,D2354,D2355,D2356,D2357,D2358","D1446,D1447,D1448,D1449,D2355,D2356,D2357",AGUA/GAA
284039,7ZPQ,"D89,D97,D82,D83,D84,D85,D86,D87,D88,D103,D98,D99,D100,D101,D102","D85,D86,D87,D88,D98,D99,D100",AGUA/GAA
284120,7ZQ5,"b239,b258,b253,b254,b255,b256,b257,b245,b240,b241,b242,b243,b244","b241,b242,b243,b244,b254,b255,b256",AGUA/GAA
284122,7ZQ5,"b1262,b2017,b1263,b1264,b1265,b1266,b1267,b1268,b1269,b2011,b2012,b2013,b2014,b2015,b2016","b1265,b1266,b1267,b1268,b2012,b2013,b2014",AGUA/GAA
284190,7ZQ5,"b194,b201,b202,b203,b204,b205,b206,b207,b208,b188,b189,b190,b191,b192,b193","b204,b205,b206,b207,b189,b190,b191",AGUA/GAA
284307,7ZQ6,"b239,b258,b253,b254,b255,b256,b257,b245,b240,b241,b242,b243,b244","b241,b242,b243,b244,b254,b255,b256",AGUA/GAA
284309,7ZQ6,"b1262,b2017,b1263,b1264,b1265,b1266,b1267,b1268,b1269,b2011,b2012,b2013,b2014,b2015,b2016","b1265,b1266,b1267,b1268,b2012,b2013,b2014",AGUA/GAA
284374,7ZQ6,"b194,b201,b202,b203,b204,b205,b206,b207,b208,b188,b189,b190,b191,b192,b193","b204,b205,b206,b207,b189,b190,b191",AGUA/GAA
284528,7ZRS,"C80,C100,C72,C73,C74,C75,C76,C77,C78,C79,C101,C102,C103,C104,C105,C106","C76,C77,C78,C79,C101,C102,C103",AGUA/GAA
284684,7ZRS,"A1110,A1133,A1127,A1128,A1129,A1130,A1131,A1132,A1111,A1112,A1113,A1114,A1115,A1116,A1117,A1118","A1112,A1113,A1114,A1115,A1129,A1130,A1131",AGUA/GAA
284706,7ZRS,"D1444,D2359,D1445,D1446,D1447,D1448,D1449,D1450,D2354,D2355,D2356,D2357,D2358","D1446,D1447,D1448,D1449,D2355,D2356,D2357",AGUA/GAA
284717,7ZRS,"D89,D97,D82,D83,D84,D85,D86,D87,D88,D103,D98,D99,D100,D101,D102","D85,D86,D87,D88,D98,D99,D100",AGUA/GAA
284831,7ZS5,"B72,B106,B73,B74,B75,B76,B77,B78,B79,B80,B100,B101,B102,B103,B104,B105","B76,B77,B78,B79,B101,B102,B103",AGUA/GAA
284923,7ZS5,"A82,A103,A97,A98,A99,A100,A101,A102,A83,A84,A85,A86,A87,A88,A89","A85,A86,A87,A88,A98,A99,A100",AGUA/GAA
284924,7ZS5,"A82,A103,A83,A84,A85,A86,A87,A88,A89,A97,A98,A99,A100,A101,A102","A85,A86,A87,A88,A98,A99,A100",AGUA/GAA
285130,7ZTA,"V245,V253,V239,V240,V241,V242,V243,V244,V258,V254,V255,V256,V257","V241,V242,V243,V244,V254,V255,V256",AGUA/GAA
285184,7ZTA,"V1262,V2017,V2011,V2012,V2013,V2014,V2015,V2016,V1269,V1263,V1264,V1265,V1266,V1267,V1268","V1265,V1266,V1267,V1268,V2012,V2013,V2014",AGUA/GAA
285268,7ZTA,"V194,V201,V188,V189,V190,V191,V192,V193,V202,V203,V204,V205,V206,V207,V208","V204,V205,V206,V207,V189,V190,V191",AGUA/GAA
285379,7ZUW,"A1111,A1134,A1128,A1129,A1130,A1131,A1132,A1133,A1119,A1112,A1113,A1114,A1115,A1116,A1117,A1118","A1113,A1114,A1115,A1116,A1130,A1131,A1132",AGUA/GAA
285383,7ZUW,"C80,C100,C72,C73,C74,C75,C76,C77,C78,C79,C101,C102,C103,C104,C105,C106","C76,C77,C78,C79,C101,C102,C103",AGUA/GAA
285567,7ZUW,"D1444,D2359,D1445,D1446,D1447,D1448,D1449,D1450,D2354,D2355,D2356,D2357,D2358","D1446,D1447,D1448,D1449,D2355,D2356,D2357",AGUA/GAA
285571,7ZUW,"D89,D97,D82,D83,D84,D85,D86,D87,D88,D103,D98,D99,D100,D101,D102","D85,D86,D87,D88,D98,D99,D100",AGUA/GAA
285692,7ZUX,"A1111,A1134,A1128,A1129,A1130,A1131,A1132,A1133,A1119,A1112,A1113,A1114,A1115,A1116,A1117,A1118","A1113,A1114,A1115,A1116,A1130,A1131,A1132",AGUA/GAA
285697,7ZUX,"C80,C100,C72,C73,C74,C75,C76,C77,C78,C79,C101,C102,C103,C104,C105,C106","C76,C77,C78,C79,C101,C102,C103",AGUA/GAA
285872,7ZUX,"D1444,D2359,D1445,D1446,D1447,D1448,D1449,D1450,D2354,D2355,D2356,D2357,D2358","D1446,D1447,D1448,D1449,D2355,D2356,D2357",AGUA/GAA
285877,7ZUX,"D89,D97,D82,D83,D84,D85,D86,D87,D88,D103,D98,D99,D100,D101,D102","D85,D86,D87,D88,D98,D99,D100",AGUA/GAA
286069,7ZW0,"C1119,C1128,C1111,C1112,C1113,C1114,C1115,C1116,C1117,C1118,C1134,C1129,C1130,C1131,C1132,C1133","C1113,C1114,C1115,C1116,C1130,C1131,C1132",AGUA/GAA
286099,7ZW0,"A1450,A2354,A1444,A1445,A1446,A1447,A1448,A1449,A2359,A2355,A2356,A2357,A2358","A1446,A1447,A1448,A1449,A2355,A2356,A2357",AGUA/GAA
286198,7ZW0,"A82,A103,A83,A84,A85,A86,A87,A88,A89,A97,A98,A99,A100,A101,A102","A85,A86,A87,A88,A98,A99,A100",AGUA/GAA
286199,7ZW0,"A82,A103,A97,A98,A99,A100,A101,A102,A83,A84,A85,A86,A87,A88,A89","A85,A86,A87,A88,A98,A99,A100",AGUA/GAA
286306,8A22,"F56,G310,F57,F58,F59,F60,F61,F62,F63,F64,G303,G304,G305,G306,G307,G308,G309","F59,F60,F61,F62,G305,G306,G307",AGUA/GAA
286418,8A3D,"A81,A102,A82,A83,A84,A85,A86,A87,A88,A96,A97,A98,A99,A100,A101","A84,A85,A86,A87,A97,A98,A99",AGUA/GAA
286446,8A3D,"B71,B104,B72,B73,B74,B75,B76,B77,B78,B98,B99,B100,B101,B102,B103","B74,B75,B76,B77,B99,B100,B101",AGUA/GAA
286456,8A3D,"A4603,A4608,A4596,A4597,A4598,A4599,A4600,A4601,A4602,A4614,A4609,A4610,A4611,A4612,A4613","A4599,A4600,A4601,A4602,A4609,A4610,A4611",AGUA/GAA
286586,8A3L,"Z188,Z208,Z189,Z190,Z191,Z192,Z193,Z194,Z201,Z202,Z203,Z204,Z205,Z206,Z207","Z204,Z205,Z206,Z207,Z189,Z190,Z191",AGUA/GAA
286700,8A3L,"Z245,Z253,Z254,Z255,Z256,Z257,Z258,Z239,Z240,Z241,Z242,Z243,Z244","Z241,Z242,Z243,Z244,Z254,Z255,Z256",AGUA/GAA
286715,8A3L,"Z1262,Z2017,Z2011,Z2012,Z2013,Z2014,Z2015,Z2016,Z1269,Z1263,Z1264,Z1265,Z1266,Z1267,Z1268","Z1265,Z1266,Z1267,Z1268,Z2012,Z2013,Z2014",AGUA/GAA
286716,8A3L,"Z1269,Z2011,Z2012,Z2013,Z2014,Z2015,Z2016,Z2017,Z1262,Z1263,Z1264,Z1265,Z1266,Z1267,Z1268","Z1265,Z1266,Z1267,Z1268,Z2012,Z2013,Z2014",AGUA/GAA
286872,8A57,"A1315,A2043,A1307,A1308,A1309,A1310,A1311,A1312,A1313,A1314,A2044,A2045,A2046,A2047,A2048,A2049,A2050","A1310,A1311,A1312,A1313,A2045,A2046,A2047",AGUA/GAA
286897,8A57,"A247,A255,A256,A257,A258,A259,A260,A261,A240,A241,A242,A243,A244,A245,A246","A243,A244,A245,A246,A256,A257,A258",AGUA/GAA
286932,8A57,"A196,A203,A204,A205,A206,A207,A208,A209,A210,A190,A191,A192,A193,A194,A195","A206,A207,A208,A209,A191,A192,A193",AGUA/GAA
287046,8A5I,"A1315,A2043,A1307,A1308,A1309,A1310,A1311,A1312,A1313,A1314,A2044,A2045,A2046,A2047,A2048,A2049,A2050","A1310,A1311,A1312,A1313,A2045,A2046,A2047",AGUA/GAA
287069,8A5I,"A247,A255,A256,A257,A258,A259,A260,A261,A240,A241,A242,A243,A244,A245,A246","A243,A244,A245,A246,A256,A257,A258",AGUA/GAA
287105,8A5I,"A196,A203,A204,A205,A206,A207,A208,A209,A210,A190,A191,A192,A193,A194,A195","A206,A207,A208,A209,A191,A192,A193",AGUA/GAA
287217,8A63,"A1315,A2043,A1307,A1308,A1309,A1310,A1311,A1312,A1313,A1314,A2044,A2045,A2046,A2047,A2048,A2049,A2050","A1310,A1311,A1312,A1313,A2045,A2046,A2047",AGUA/GAA
287240,8A63,"A247,A255,A256,A257,A258,A259,A260,A261,A240,A241,A242,A243,A244,A245,A246","A243,A244,A245,A246,A256,A257,A258",AGUA/GAA
287277,8A63,"A196,A203,A204,A205,A206,A207,A208,A209,A210,A190,A191,A192,A193,A194,A195","A206,A207,A208,A209,A191,A192,A193",AGUA/GAA
311089,8ANA,"a1269,a2011,a2012,a2013,a2014,a2015,a2016,a2017,a1262,a1263,a1264,a1265,a1266,a1267,a1268","a1265,a1266,a1267,a1268,a2012,a2013,a2014",AGUA/GAA
311127,8ANA,"a245,a253,a254,a255,a256,a257,a258,a239,a240,a241,a242,a243,a244","a241,a242,a243,a244,a254,a255,a256",AGUA/GAA
311139,8ANA,"a188,a208,a201,a202,a203,a204,a205,a206,a207,a189,a190,a191,a192,a193,a194","a204,a205,a206,a207,a189,a190,a191",AGUA/GAA
311243,8ANY,"A781,A812,A808,A809,A810,A811,A782,A783,A784,A785,A786","A782,A783,A784,A785,A809,A810,A811",AGUA/GAA
311359,8AP4,"a245,a253,a254,a255,a256,a257,a258,a239,a240,a241,a242,a243,a244","a241,a242,a243,a244,a254,a255,a256",AGUA/GAA
311372,8AP4,"a188,a208,a201,a202,a203,a204,a205,a206,a207,a189,a190,a191,a192,a193,a194","a204,a205,a206,a207,a189,a190,a191",AGUA/GAA
311840,8AZW,"A70,A105,A98,A99,A100,A101,A102,A103,A104,A71,A72,A73,A74,A75,A76,A77,A78","A74,A75,A76,A77,A99,A100,A101",AGUA/GAA
312119,8B5L,"D81,D102,D82,D83,D84,D85,D86,D87,D88,D96,D97,D98,D99,D100,D101","D84,D85,D86,D87,D97,D98,D99",AGUA/GAA
312125,8B5L,"D4342,D4360,D4343,D4344,D4345,D4346,D4347,D4348,D4349,D4354,D4355,D4356,D4357,D4358,D4359","D4345,D4346,D4347,D4348,D4355,D4356,D4357",AGUA/GAA
312384,8B6C,"B81,B102,B96,B97,B98,B99,B100,B101,B88,B82,B83,B84,B85,B86,B87","B84,B85,B86,B87,B97,B98,B99",AGUA/GAA
312405,8B6C,"B4349,B4354,B4355,B4356,B4357,B4358,B4359,B4360,B4342,B4343,B4344,B4345,B4346,B4347,B4348","B4345,B4346,B4347,B4348,B4355,B4356,B4357",AGUA/GAA
312406,8B6C,"B4342,B4360,B4354,B4355,B4356,B4357,B4358,B4359,B4349,B4343,B4344,B4345,B4346,B4347,B4348","B4345,B4346,B4347,B4348,B4355,B4356,B4357",AGUA/GAA
312485,8B7Y,"A194,A201,A202,A203,A204,A205,A206,A207,A208,A188,A189,A190,A191,A192,A193","A204,A205,A206,A207,A189,A190,A191",AGUA/GAA
312492,8B7Y,"A1269,A2011,A2012,A2013,A2014,A2015,A2016,A2017,A1262,A1263,A1264,A1265,A1266,A1267,A1268","A1265,A1266,A1267,A1268,A2012,A2013,A2014",AGUA/GAA
312543,8B7Y,"A245,A253,A239,A240,A241,A242,A243,A244,A258,A254,A255,A256,A257","A241,A242,A243,A244,A254,A255,A256",AGUA/GAA
312544,8B7Y,"A239,A258,A240,A241,A242,A243,A244,A245,A253,A254,A255,A256,A257","A241,A242,A243,A244,A254,A255,A256",AGUA/GAA
312837,8BIP,"A80,A100,A72,A73,A74,A75,A76,A77,A78,A79,A106,A101,A102,A103,A104,A105","A76,A77,A78,A79,A101,A102,A103",AGUA/GAA
312848,8BJQ,"C72,C106,C73,C74,C75,C76,C77,C78,C79,C80,C100,C101,C102,C103,C104,C105","C76,C77,C78,C79,C101,C102,C103",AGUA/GAA
312918,8BN3,"M87,M95,M80,M81,M82,M83,M84,M85,M86,M101,M96,M97,M98,M99,M100","M83,M84,M85,M86,M96,M97,M98",AGUA/GAA
312919,8BN3,"M87,M95,M96,M97,M98,M99,M100,M101,M80,M81,M82,M83,M84,M85,M86","M83,M84,M85,M86,M96,M97,M98",AGUA/GAA
312965,8BN3,"K72,K106,K100,K101,K102,K103,K104,K105,K80,K73,K74,K75,K76,K77,K78,K79","K76,K77,K78,K79,K101,K102,K103",AGUA/GAA
313040,8BN3,"M2784,M2802,M2785,M2786,M2787,M2788,M2789,M2790,M2791,M2796,M2797,M2798,M2799,M2800,M2801","M2787,M2788,M2789,M2790,M2797,M2798,M2799",AGUA/GAA
313041,8BN3,"M2784,M2802,M2796,M2797,M2798,M2799,M2800,M2801,M2791,M2785,M2786,M2787,M2788,M2789,M2790","M2787,M2788,M2789,M2790,M2797,M2798,M2799",AGUA/GAA
313069,8BN3,"N1089,N1098,N1081,N1082,N1083,N1084,N1085,N1086,N1087,N1088,N1104,N1099,N1100,N1101,N1102,N1103","N1083,N1084,N1085,N1086,N1100,N1101,N1102",AGUA/GAA
313118,8BN3,"K80,K100,K101,K102,K103,K104,K105,K106,K72,K73,K74,K75,K76,K77,K78,K79","K76,K77,K78,K79,K101,K102,K103",AGUA/GAA
313223,8BPO,"A81,A102,A96,A97,A98,A99,A100,A101,A88,A82,A83,A84,A85,A86,A87","A84,A85,A86,A87,A97,A98,A99",AGUA/GAA
313280,8BPO,"B78,B98,B99,B100,B101,B102,B103,B104,B71,B72,B73,B74,B75,B76,B77","B74,B75,B76,B77,B99,B100,B101",AGUA/GAA
313304,8BPO,"A1807,A3180,A3181,A3182,A3183,A3184,A3185,A1801,A1802,A1803,A1804,A1805,A1806","A1803,A1804,A1805,A1806,A3181,A3182,A3183",AGUA/GAA
313362,8BPO,"B71,B104,B98,B99,B100,B101,B102,B103,B78,B72,B73,B74,B75,B76,B77","B74,B75,B76,B77,B99,B100,B101",AGUA/GAA
313393,8BR8,"E78,E98,E99,E100,E101,E102,E103,E104,E71,E72,E73,E74,E75,E76,E77","E74,E75,E76,E77,E99,E100,E101",AGUA/GAA
313405,8BRM,"E78,E98,E99,E100,E101,E102,E103,E104,E71,E72,E73,E74,E75,E76,E77","E74,E75,E76,E77,E99,E100,E101",AGUA/GAA
313417,8BSI,"E78,E98,E99,E100,E101,E102,E103,E104,E71,E72,E73,E74,E75,E76,E77","E74,E75,E76,E77,E99,E100,E101",AGUA/GAA
313430,8BSJ,"E78,E98,E99,E100,E101,E102,E103,E104,E71,E72,E73,E74,E75,E76,E77","E74,E75,E76,E77,E99,E100,E101",AGUA/GAA
313440,8BTD,"E78,E98,E99,E100,E101,E102,E103,E104,E71,E72,E73,E74,E75,E76,E77","E74,E75,E76,E77,E99,E100,E101",AGUA/GAA
313688,8BTR,"E78,E98,E99,E100,E101,E102,E103,E104,E71,E72,E73,E74,E75,E76,E77","E74,E75,E76,E77,E99,E100,E101",AGUA/GAA
313805,8BUU,"A197,A204,A191,A192,A193,A194,A195,A196,A211,A205,A206,A207,A208,A209,A210","A207,A208,A209,A210,A192,A193,A194",AGUA/GAA
313806,8BUU,"A191,A211,A192,A193,A194,A195,A196,A197,A204,A205,A206,A207,A208,A209,A210","A207,A208,A209,A210,A192,A193,A194",AGUA/GAA
313842,8BUU,"A248,A256,A241,A242,A243,A244,A245,A246,A247,A262,A257,A258,A259,A260,A261","A244,A245,A246,A247,A257,A258,A259",AGUA/GAA
313869,8BUU,"A1302,A2046,A1303,A1304,A1305,A1306,A1307,A1308,A1309,A1310,A2039,A2040,A2041,A2042,A2043,A2044,A2045","A1305,A1306,A1307,A1308,A2041,A2042,A2043",AGUA/GAA
313945,8BYV,"a905,a914,a897,a898,a899,a900,a901,a902,a903,a904,a920,a915,a916,a917,a918,a919","a899,a900,a901,a902,a916,a917,a918",AGUA/GAA
313947,8BYV,"a897,a920,a914,a915,a916,a917,a918,a919,a898,a899,a900,a901,a902,a903,a904,a905","a899,a900,a901,a902,a916,a917,a918",AGUA/GAA
314246,8C8Y,"A194,A201,A202,A203,A204,A205,A206,A207,A208,A188,A189,A190,A191,A192,A193","A204,A205,A206,A207,A189,A190,A191",AGUA/GAA
314261,8C8Y,"A1269,A2011,A2012,A2013,A2014,A2015,A2016,A2017,A1262,A1263,A1264,A1265,A1266,A1267,A1268","A1265,A1266,A1267,A1268,A2012,A2013,A2014",AGUA/GAA
314551,8C90,"A194,A201,A202,A203,A204,A205,A206,A207,A208,A188,A189,A190,A191,A192,A193","A204,A205,A206,A207,A189,A190,A191",AGUA/GAA
315015,8C94,"A194,A201,A202,A203,A204,A205,A206,A207,A208,A188,A189,A190,A191,A192,A193","A204,A205,A206,A207,A189,A190,A191",AGUA/GAA
315442,8C9A,"A237,A260,A253,A254,A255,A256,A257,A258,A259,A245,A238,A239,A240,A241,A242,A243,A244","A241,A242,A243,A244,A254,A255,A256",AGUA/GAA
315673,8CAM,"a1269,a2011,a2012,a2013,a2014,a2015,a2016,a2017,a1262,a1263,a1264,a1265,a1266,a1267,a1268","a1265,a1266,a1267,a1268,a2012,a2013,a2014",AGUA/GAA
315709,8CAM,"a245,a253,a254,a255,a256,a257,a258,a239,a240,a241,a242,a243,a244","a241,a242,a243,a244,a254,a255,a256",AGUA/GAA
315723,8CAM,"a188,a208,a201,a202,a203,a204,a205,a206,a207,a189,a190,a191,a192,a193,a194","a204,a205,a206,a207,a189,a190,a191",AGUA/GAA
315884,8CCS,"M72,M106,M100,M101,M102,M103,M104,M105,M80,M73,M74,M75,M76,M77,M78,M79","M76,M77,M78,M79,M101,M102,M103",AGUA/GAA
315943,8CCS,"K3018,K3036,K3030,K3031,K3032,K3033,K3034,K3035,K3025,K3019,K3020,K3021,K3022,K3023,K3024","K3021,K3022,K3023,K3024,K3031,K3032,K3033",AGUA/GAA
316029,8CCS,"K89,K97,K98,K99,K100,K101,K102,K103,K82,K83,K84,K85,K86,K87,K88","K85,K86,K87,K88,K98,K99,K100",AGUA/GAA
316193,8CD1,"E237,E258,E252,E253,E254,E255,E256,E257,E244,E238,E239,E240,E241,E242,E243","E240,E241,E242,E243,E253,E254,E255",AGUA/GAA
316194,8CD1,"E237,E258,E238,E239,E240,E241,E242,E243,E244,E252,E253,E254,E255,E256,E257","E240,E241,E242,E243,E253,E254,E255",AGUA/GAA
316272,8CDL,"M72,M106,M100,M101,M102,M103,M104,M105,M80,M73,M74,M75,M76,M77,M78,M79","M76,M77,M78,M79,M101,M102,M103",AGUA/GAA
316328,8CDL,"K3018,K3036,K3030,K3031,K3032,K3033,K3034,K3035,K3025,K3019,K3020,K3021,K3022,K3023,K3024","K3021,K3022,K3023,K3024,K3031,K3032,K3033",AGUA/GAA
316415,8CDL,"K89,K97,K98,K99,K100,K101,K102,K103,K82,K83,K84,K85,K86,K87,K88","K85,K86,K87,K88,K98,K99,K100",AGUA/GAA
316519,8CDR,"N80,N100,N101,N102,N103,N104,N105,N106,N72,N73,N74,N75,N76,N77,N78,N79","N76,N77,N78,N79,N101,N102,N103",AGUA/GAA
316538,8CDR,"K3018,K3036,K3030,K3031,K3032,K3033,K3034,K3035,K3025,K3019,K3020,K3021,K3022,K3023,K3024","K3021,K3022,K3023,K3024,K3031,K3032,K3033",AGUA/GAA
316628,8CDR,"K89,K97,K98,K99,K100,K101,K102,K103,K82,K83,K84,K85,K86,K87,K88","K85,K86,K87,K88,K98,K99,K100",AGUA/GAA
317105,8CEH,"N80,N100,N101,N102,N103,N104,N105,N106,N72,N73,N74,N75,N76,N77,N78,N79","N76,N77,N78,N79,N101,N102,N103",AGUA/GAA
317124,8CEH,"K3018,K3036,K3030,K3031,K3032,K3033,K3034,K3035,K3025,K3019,K3020,K3021,K3022,K3023,K3024","K3021,K3022,K3023,K3024,K3031,K3032,K3033",AGUA/GAA
317213,8CEH,"K89,K97,K98,K99,K100,K101,K102,K103,K82,K83,K84,K85,K86,K87,K88","K85,K86,K87,K88,K98,K99,K100",AGUA/GAA
317360,8CEU,"a1269,a2011,a2012,a2013,a2014,a2015,a2016,a2017,a1262,a1263,a1264,a1265,a1266,a1267,a1268","a1265,a1266,a1267,a1268,a2012,a2013,a2014",AGUA/GAA
317399,8CEU,"a245,a253,a254,a255,a256,a257,a258,a239,a240,a241,a242,a243,a244","a241,a242,a243,a244,a254,a255,a256",AGUA/GAA
317411,8CEU,"a188,a208,a201,a202,a203,a204,a205,a206,a207,a189,a190,a191,a192,a193,a194","a204,a205,a206,a207,a189,a190,a191",AGUA/GAA
317611,8CF5,"N80,N100,N101,N102,N103,N104,N105,N106,N72,N73,N74,N75,N76,N77,N78,N79","N76,N77,N78,N79,N101,N102,N103",AGUA/GAA
317631,8CF5,"K3018,K3036,K3030,K3031,K3032,K3033,K3034,K3035,K3025,K3019,K3020,K3021,K3022,K3023,K3024","K3021,K3022,K3023,K3024,K3031,K3032,K3033",AGUA/GAA
317717,8CF5,"K89,K97,K98,K99,K100,K101,K102,K103,K82,K83,K84,K85,K86,K87,K88","K85,K86,K87,K88,K98,K99,K100",AGUA/GAA
317849,8CG8,"N80,N100,N101,N102,N103,N104,N105,N106,N72,N73,N74,N75,N76,N77,N78,N79","N76,N77,N78,N79,N101,N102,N103",AGUA/GAA
317870,8CG8,"K3018,K3036,K3030,K3031,K3032,K3033,K3034,K3035,K3025,K3019,K3020,K3021,K3022,K3023,K3024","K3021,K3022,K3023,K3024,K3031,K3032,K3033",AGUA/GAA
317959,8CG8,"K89,K97,K98,K99,K100,K101,K102,K103,K82,K83,K84,K85,K86,K87,K88","K85,K86,K87,K88,K98,K99,K100",AGUA/GAA
318030,8CGD,"a1269,a2011,a2012,a2013,a2014,a2015,a2016,a2017,a1262,a1263,a1264,a1265,a1266,a1267,a1268","a1265,a1266,a1267,a1268,a2012,a2013,a2014",AGUA/GAA
318067,8CGD,"a245,a253,a254,a255,a256,a257,a258,a239,a240,a241,a242,a243,a244","a241,a242,a243,a244,a254,a255,a256",AGUA/GAA
318079,8CGD,"a188,a208,a201,a202,a203,a204,a205,a206,a207,a189,a190,a191,a192,a193,a194","a204,a205,a206,a207,a189,a190,a191",AGUA/GAA
318316,8CGK,"a1269,a2011,a2012,a2013,a2014,a2015,a2016,a2017,a1262,a1263,a1264,a1265,a1266,a1267,a1268","a1265,a1266,a1267,a1268,a2012,a2013,a2014",AGUA/GAA
318349,8CGK,"a245,a253,a254,a255,a256,a257,a258,a239,a240,a241,a242,a243,a244","a241,a242,a243,a244,a254,a255,a256",AGUA/GAA
318362,8CGK,"a188,a208,a201,a202,a203,a204,a205,a206,a207,a189,a190,a191,a192,a193,a194","a204,a205,a206,a207,a189,a190,a191",AGUA/GAA
318481,8CGN,"M72,M106,M100,M101,M102,M103,M104,M105,M80,M73,M74,M75,M76,M77,M78,M79","M76,M77,M78,M79,M101,M102,M103",AGUA/GAA
318536,8CGN,"K3018,K3036,K3030,K3031,K3032,K3033,K3034,K3035,K3025,K3019,K3020,K3021,K3022,K3023,K3024","K3021,K3022,K3023,K3024,K3031,K3032,K3033",AGUA/GAA
318624,8CGN,"K89,K97,K98,K99,K100,K101,K102,K103,K82,K83,K84,K85,K86,K87,K88","K85,K86,K87,K88,K98,K99,K100",AGUA/GAA
318846,8CGV,"a1269,a2011,a2012,a2013,a2014,a2015,a2016,a2017,a1262,a1263,a1264,a1265,a1266,a1267,a1268","a1265,a1266,a1267,a1268,a2012,a2013,a2014",AGUA/GAA
318881,8CGV,"a245,a253,a254,a255,a256,a257,a258,a239,a240,a241,a242,a243,a244","a241,a242,a243,a244,a254,a255,a256",AGUA/GAA
318894,8CGV,"a188,a208,a201,a202,a203,a204,a205,a206,a207,a189,a190,a191,a192,a193,a194","a204,a205,a206,a207,a189,a190,a191",AGUA/GAA
319051,8CIV,"N80,N100,N101,N102,N103,N104,N105,N106,N72,N73,N74,N75,N76,N77,N78,N79","N76,N77,N78,N79,N101,N102,N103",AGUA/GAA
319070,8CIV,"K3018,K3036,K3030,K3031,K3032,K3033,K3034,K3035,K3025,K3019,K3020,K3021,K3022,K3023,K3024","K3021,K3022,K3023,K3024,K3031,K3032,K3033",AGUA/GAA
319160,8CIV,"K89,K97,K98,K99,K100,K101,K102,K103,K82,K83,K84,K85,K86,K87,K88","K85,K86,K87,K88,K98,K99,K100",AGUA/GAA
319266,8CKU,"N80,N100,N101,N102,N103,N104,N105,N106,N72,N73,N74,N75,N76,N77,N78,N79","N76,N77,N78,N79,N101,N102,N103",AGUA/GAA
320065,8CVJ,"A176,A196,A189,A190,A191,A192,A193,A194,A195,A182,A177,A178,A179,A180,A181","A192,A193,A194,A195,A177,A178,A179",AGUA/GAA
320066,8CVJ,"A182,A189,A176,A177,A178,A179,A180,A181,A196,A190,A191,A192,A193,A194,A195","A192,A193,A194,A195,A177,A178,A179",AGUA/GAA
320078,8CVJ,"A226,A247,A241,A242,A243,A244,A245,A246,A233,A227,A228,A229,A230,A231,A232","A229,A230,A231,A232,A242,A243,A244",AGUA/GAA
320143,8CVJ,"A1307,A2038,A1308,A1309,A1310,A1311,A1312,A1313,A1314,A2032,A2033,A2034,A2035,A2036,A2037","A1310,A1311,A1312,A1313,A2033,A2034,A2035",AGUA/GAA
320246,8CVK,"A176,A196,A189,A190,A191,A192,A193,A194,A195,A182,A177,A178,A179,A180,A181","A192,A193,A194,A195,A177,A178,A179",AGUA/GAA
320247,8CVK,"A182,A189,A176,A177,A178,A179,A180,A181,A196,A190,A191,A192,A193,A194,A195","A192,A193,A194,A195,A177,A178,A179",AGUA/GAA
320259,8CVK,"A226,A247,A241,A242,A243,A244,A245,A246,A233,A227,A228,A229,A230,A231,A232","A229,A230,A231,A232,A242,A243,A244",AGUA/GAA
320323,8CVK,"A1307,A2038,A1308,A1309,A1310,A1311,A1312,A1313,A1314,A2032,A2033,A2034,A2035,A2036,A2037","A1310,A1311,A1312,A1313,A2033,A2034,A2035",AGUA/GAA
320427,8CVL,"A176,A196,A189,A190,A191,A192,A193,A194,A195,A182,A177,A178,A179,A180,A181","A192,A193,A194,A195,A177,A178,A179",AGUA/GAA
320428,8CVL,"A182,A189,A176,A177,A178,A179,A180,A181,A196,A190,A191,A192,A193,A194,A195","A192,A193,A194,A195,A177,A178,A179",AGUA/GAA
320440,8CVL,"A226,A247,A241,A242,A243,A244,A245,A246,A233,A227,A228,A229,A230,A231,A232","A229,A230,A231,A232,A242,A243,A244",AGUA/GAA
320505,8CVL,"A1307,A2038,A1308,A1309,A1310,A1311,A1312,A1313,A1314,A2032,A2033,A2034,A2035,A2036,A2037","A1310,A1311,A1312,A1313,A2033,A2034,A2035",AGUA/GAA
320643,8CVM,"a1339,a2200,a2193,a2194,a2195,a2196,a2197,a2198,a2199,a1347,a1340,a1341,a1342,a1343,a1344,a1345,a1346","a1342,a1343,a1344,a1345,a2195,a2196,a2197",AGUA/GAA
320664,8CVM,"a201,a208,a209,a210,a211,a212,a213,a214,a215,a195,a196,a197,a198,a199,a200","a211,a212,a213,a214,a196,a197,a198",AGUA/GAA
320685,8CVM,"a252,a260,a261,a262,a263,a264,a265,a266,a245,a246,a247,a248,a249,a250,a251","a248,a249,a250,a251,a261,a262,a263",AGUA/GAA
321282,8E30,"A194,A201,A202,A203,A204,A205,A206,A207,A208,A188,A189,A190,A191,A192,A193","A204,A205,A206,A207,A189,A190,A191",AGUA/GAA
321291,8E30,"A1269,A2011,A2012,A2013,A2014,A2015,A2016,A2017,A1262,A1263,A1264,A1265,A1266,A1267,A1268","A1265,A1266,A1267,A1268,A2012,A2013,A2014",AGUA/GAA
321338,8E30,"A245,A253,A239,A240,A241,A242,A243,A244,A258,A254,A255,A256,A257","A241,A242,A243,A244,A254,A255,A256",AGUA/GAA
321339,8E30,"A239,A258,A240,A241,A242,A243,A244,A245,A253,A254,A255,A256,A257","A241,A242,A243,A244,A254,A255,A256",AGUA/GAA
321458,8E32,"A194,A201,A202,A203,A204,A205,A206,A207,A208,A188,A189,A190,A191,A192,A193","A204,A205,A206,A207,A189,A190,A191",AGUA/GAA
321630,8E33,"A194,A201,A202,A203,A204,A205,A206,A207,A208,A188,A189,A190,A191,A192,A193","A204,A205,A206,A207,A189,A190,A191",AGUA/GAA
321639,8E33,"A1269,A2011,A2012,A2013,A2014,A2015,A2016,A2017,A1262,A1263,A1264,A1265,A1266,A1267,A1268","A1265,A1266,A1267,A1268,A2012,A2013,A2014",AGUA/GAA
321685,8E33,"A245,A253,A239,A240,A241,A242,A243,A244,A258,A254,A255,A256,A257","A241,A242,A243,A244,A254,A255,A256",AGUA/GAA
321686,8E33,"A239,A258,A240,A241,A242,A243,A244,A245,A253,A254,A255,A256,A257","A241,A242,A243,A244,A254,A255,A256",AGUA/GAA
321969,8E36,"A194,A201,A202,A203,A204,A205,A206,A207,A208,A188,A189,A190,A191,A192,A193","A204,A205,A206,A207,A189,A190,A191",AGUA/GAA
321978,8E36,"A1269,A2011,A2012,A2013,A2014,A2015,A2016,A2017,A1262,A1263,A1264,A1265,A1266,A1267,A1268","A1265,A1266,A1267,A1268,A2012,A2013,A2014",AGUA/GAA
322024,8E36,"A245,A253,A239,A240,A241,A242,A243,A244,A258,A254,A255,A256,A257","A241,A242,A243,A244,A254,A255,A256",AGUA/GAA
322025,8E36,"A239,A258,A240,A241,A242,A243,A244,A245,A253,A254,A255,A256,A257","A241,A242,A243,A244,A254,A255,A256",AGUA/GAA
322140,8E3L,"A194,A201,A202,A203,A204,A205,A206,A207,A208,A188,A189,A190,A191,A192,A193","A204,A205,A206,A207,A189,A190,A191",AGUA/GAA
322149,8E3L,"A1269,A2011,A2012,A2013,A2014,A2015,A2016,A2017,A1262,A1263,A1264,A1265,A1266,A1267,A1268","A1265,A1266,A1267,A1268,A2012,A2013,A2014",AGUA/GAA
322310,8E3M,"A194,A201,A202,A203,A204,A205,A206,A207,A208,A188,A189,A190,A191,A192,A193","A204,A205,A206,A207,A189,A190,A191",AGUA/GAA
322319,8E3M,"A1269,A2011,A2012,A2013,A2014,A2015,A2016,A2017,A1262,A1263,A1264,A1265,A1266,A1267,A1268","A1265,A1266,A1267,A1268,A2012,A2013,A2014",AGUA/GAA
322479,8E3O,"A194,A201,A202,A203,A204,A205,A206,A207,A208,A188,A189,A190,A191,A192,A193","A204,A205,A206,A207,A189,A190,A191",AGUA/GAA
322488,8E3O,"A1269,A2011,A2012,A2013,A2014,A2015,A2016,A2017,A1262,A1263,A1264,A1265,A1266,A1267,A1268","A1265,A1266,A1267,A1268,A2012,A2013,A2014",AGUA/GAA
322537,8E3O,"A245,A253,A239,A240,A241,A242,A243,A244,A258,A254,A255,A256,A257","A241,A242,A243,A244,A254,A255,A256",AGUA/GAA
322538,8E3O,"A239,A258,A240,A241,A242,A243,A244,A245,A253,A254,A255,A256,A257","A241,A242,A243,A244,A254,A255,A256",AGUA/GAA
322668,8E41,"A1269,A2011,A2012,A2013,A2014,A2015,A2016,A2017,A1262,A1263,A1264,A1265,A1266,A1267,A1268","A1265,A1266,A1267,A1268,A2012,A2013,A2014",AGUA/GAA
322714,8E41,"A245,A253,A239,A240,A241,A242,A243,A244,A258,A254,A255,A256,A257","A241,A242,A243,A244,A254,A255,A256",AGUA/GAA
322715,8E41,"A239,A258,A240,A241,A242,A243,A244,A245,A253,A254,A255,A256,A257","A241,A242,A243,A244,A254,A255,A256",AGUA/GAA
322831,8E42,"A194,A201,A202,A203,A204,A205,A206,A207,A208,A188,A189,A190,A191,A192,A193","A204,A205,A206,A207,A189,A190,A191",AGUA/GAA
322840,8E42,"A1269,A2011,A2012,A2013,A2014,A2015,A2016,A2017,A1262,A1263,A1264,A1265,A1266,A1267,A1268","A1265,A1266,A1267,A1268,A2012,A2013,A2014",AGUA/GAA
322886,8E42,"A245,A253,A239,A240,A241,A242,A243,A244,A258,A254,A255,A256,A257","A241,A242,A243,A244,A254,A255,A256",AGUA/GAA
322887,8E42,"A239,A258,A240,A241,A242,A243,A244,A245,A253,A254,A255,A256,A257","A241,A242,A243,A244,A254,A255,A256",AGUA/GAA
323000,8E43,"A194,A201,A202,A203,A204,A205,A206,A207,A208,A188,A189,A190,A191,A192,A193","A204,A205,A206,A207,A189,A190,A191",AGUA/GAA
323010,8E43,"A1269,A2011,A2012,A2013,A2014,A2015,A2016,A2017,A1262,A1263,A1264,A1265,A1266,A1267,A1268","A1265,A1266,A1267,A1268,A2012,A2013,A2014",AGUA/GAA
323177,8E44,"A194,A201,A202,A203,A204,A205,A206,A207,A208,A188,A189,A190,A191,A192,A193","A204,A205,A206,A207,A189,A190,A191",AGUA/GAA
323185,8E44,"A1269,A2011,A2012,A2013,A2014,A2015,A2016,A2017,A1262,A1263,A1264,A1265,A1266,A1267,A1268","A1265,A1266,A1267,A1268,A2012,A2013,A2014",AGUA/GAA
323352,8E45,"A1269,A2011,A2012,A2013,A2014,A2015,A2016,A2017,A1262,A1263,A1264,A1265,A1266,A1267,A1268","A1265,A1266,A1267,A1268,A2012,A2013,A2014",AGUA/GAA
323517,8E46,"A194,A201,A202,A203,A204,A205,A206,A207,A208,A188,A189,A190,A191,A192,A193","A204,A205,A206,A207,A189,A190,A191",AGUA/GAA
323849,8E48,"A194,A201,A202,A203,A204,A205,A206,A207,A208,A188,A189,A190,A191,A192,A193","A204,A205,A206,A207,A189,A190,A191",AGUA/GAA
324028,8E49,"A194,A201,A202,A203,A204,A205,A206,A207,A208,A188,A189,A190,A191,A192,A193","A204,A205,A206,A207,A189,A190,A191",AGUA/GAA
324038,8E49,"A1269,A2011,A2012,A2013,A2014,A2015,A2016,A2017,A1262,A1263,A1264,A1265,A1266,A1267,A1268","A1265,A1266,A1267,A1268,A2012,A2013,A2014",AGUA/GAA
324295,8EKB,"A176,A196,A189,A190,A191,A192,A193,A194,A195,A182,A177,A178,A179,A180,A181","A192,A193,A194,A195,A177,A178,A179",AGUA/GAA
324296,8EKB,"A182,A189,A176,A177,A178,A179,A180,A181,A196,A190,A191,A192,A193,A194,A195","A192,A193,A194,A195,A177,A178,A179",AGUA/GAA
324308,8EKB,"A226,A247,A241,A242,A243,A244,A245,A246,A233,A227,A228,A229,A230,A231,A232","A229,A230,A231,A232,A242,A243,A244",AGUA/GAA
324372,8EKB,"A1307,A2038,A1308,A1309,A1310,A1311,A1312,A1313,A1314,A2032,A2033,A2034,A2035,A2036,A2037","A1310,A1311,A1312,A1313,A2033,A2034,A2035",AGUA/GAA
324632,8EKC,"Y245,Y253,Y239,Y240,Y241,Y242,Y243,Y244,Y258,Y254,Y255,Y256,Y257","Y241,Y242,Y243,Y244,Y254,Y255,Y256",AGUA/GAA
324633,8EKC,"Y1269,Y2011,Y2012,Y2013,Y2014,Y2015,Y2016,Y2017,Y1262,Y1263,Y1264,Y1265,Y1266,Y1267,Y1268","Y1265,Y1266,Y1267,Y1268,Y2012,Y2013,Y2014",AGUA/GAA
324697,8EKC,"Y194,Y201,Y202,Y203,Y204,Y205,Y206,Y207,Y208,Y188,Y189,Y190,Y191,Y192,Y193","Y204,Y205,Y206,Y207,Y189,Y190,Y191",AGUA/GAA
324799,8EMM,"A194,A201,A202,A203,A204,A205,A206,A207,A208,A188,A189,A190,A191,A192,A193","A204,A205,A206,A207,A189,A190,A191",AGUA/GAA
324811,8EMM,"A1269,A2011,A2012,A2013,A2014,A2015,A2016,A2017,A1262,A1263,A1264,A1265,A1266,A1267,A1268","A1265,A1266,A1267,A1268,A2012,A2013,A2014",AGUA/GAA
324860,8EMM,"A245,A253,A239,A240,A241,A242,A243,A244,A258,A254,A255,A256,A257","A241,A242,A243,A244,A254,A255,A256",AGUA/GAA
324861,8EMM,"A239,A258,A240,A241,A242,A243,A244,A245,A253,A254,A255,A256,A257","A241,A242,A243,A244,A254,A255,A256",AGUA/GAA
325038,8ESQ,"B1484,B2442,B2443,B2444,B2445,B2446,B2447,B1478,B1479,B1480,B1481,B1482,B1483","B1480,B1481,B1482,B1483,B2443,B2444,B2445",AGUA/GAA
325047,8ESQ,"B82,B103,B97,B98,B99,B100,B101,B102,B83,B84,B85,B86,B87,B88,B89","B85,B86,B87,B88,B98,B99,B100",AGUA/GAA
325195,8ESR,"A82,A103,A97,A98,A99,A100,A101,A102,A89,A83,A84,A85,A86,A87,A88","A85,A86,A87,A88,A98,A99,A100",AGUA/GAA
325196,8ESR,"A82,A103,A83,A84,A85,A86,A87,A88,A89,A97,A98,A99,A100,A101,A102","A85,A86,A87,A88,A98,A99,A100",AGUA/GAA
325308,8ETH,"A82,A103,A97,A98,A99,A100,A101,A102,A89,A83,A84,A85,A86,A87,A88","A85,A86,A87,A88,A98,A99,A100",AGUA/GAA
325309,8ETH,"A82,A103,A83,A84,A85,A86,A87,A88,A89,A97,A98,A99,A100,A101,A102","A85,A86,A87,A88,A98,A99,A100",AGUA/GAA
325410,8EUG,"E128,E148,E121,E122,E123,E124,E125,E126,E127,E154,E149,E150,E151,E152,E153","E124,E125,E126,E127,E149,E150,E151",AGUA/GAA
325456,8EUG,"A3114,A3132,A3126,A3127,A3128,A3129,A3130,A3131,A3121,A3115,A3116,A3117,A3118,A3119,A3120","A3117,A3118,A3119,A3120,A3127,A3128,A3129",AGUA/GAA
325494,8EUG,"A82,A103,A97,A98,A99,A100,A101,A102,A89,A83,A84,A85,A86,A87,A88","A85,A86,A87,A88,A98,A99,A100",AGUA/GAA
325495,8EUG,"A82,A103,A83,A84,A85,A86,A87,A88,A89,A97,A98,A99,A100,A101,A102","A85,A86,A87,A88,A98,A99,A100",AGUA/GAA
325619,8EUI,"E128,E148,E121,E122,E123,E124,E125,E126,E127,E154,E149,E150,E151,E152,E153","E124,E125,E126,E127,E149,E150,E151",AGUA/GAA
325664,8EUI,"A3114,A3132,A3126,A3127,A3128,A3129,A3130,A3131,A3121,A3115,A3116,A3117,A3118,A3119,A3120","A3117,A3118,A3119,A3120,A3127,A3128,A3129",AGUA/GAA
325703,8EUI,"A82,A103,A97,A98,A99,A100,A101,A102,A89,A83,A84,A85,A86,A87,A88","A85,A86,A87,A88,A98,A99,A100",AGUA/GAA
325704,8EUI,"A82,A103,A83,A84,A85,A86,A87,A88,A89,A97,A98,A99,A100,A101,A102","A85,A86,A87,A88,A98,A99,A100",AGUA/GAA
325793,8EV6,"A176,A196,A189,A190,A191,A192,A193,A194,A195,A182,A177,A178,A179,A180,A181","A192,A193,A194,A195,A177,A178,A179",AGUA/GAA
325794,8EV6,"A182,A189,A176,A177,A178,A179,A180,A181,A196,A190,A191,A192,A193,A194,A195","A192,A193,A194,A195,A177,A178,A179",AGUA/GAA
325806,8EV6,"A226,A247,A241,A242,A243,A244,A245,A246,A233,A227,A228,A229,A230,A231,A232","A229,A230,A231,A232,A242,A243,A244",AGUA/GAA
325968,8EV7,"A176,A196,A189,A190,A191,A192,A193,A194,A195,A182,A177,A178,A179,A180,A181","A192,A193,A194,A195,A177,A178,A179",AGUA/GAA
325969,8EV7,"A182,A189,A176,A177,A178,A179,A180,A181,A196,A190,A191,A192,A193,A194,A195","A192,A193,A194,A195,A177,A178,A179",AGUA/GAA
325981,8EV7,"A226,A247,A241,A242,A243,A244,A245,A246,A233,A227,A228,A229,A230,A231,A232","A229,A230,A231,A232,A242,A243,A244",AGUA/GAA
326043,8EV7,"A1307,A2038,A1308,A1309,A1310,A1311,A1312,A1313,A1314,A2032,A2033,A2034,A2035,A2036,A2037","A1310,A1311,A1312,A1313,A2033,A2034,A2035",AGUA/GAA
326398,8FC1,"A176,A196,A189,A190,A191,A192,A193,A194,A195,A182,A177,A178,A179,A180,A181","A192,A193,A194,A195,A177,A178,A179",AGUA/GAA
326399,8FC1,"A182,A189,A176,A177,A178,A179,A180,A181,A196,A190,A191,A192,A193,A194,A195","A192,A193,A194,A195,A177,A178,A179",AGUA/GAA
326411,8FC1,"A226,A247,A241,A242,A243,A244,A245,A246,A233,A227,A228,A229,A230,A231,A232","A229,A230,A231,A232,A242,A243,A244",AGUA/GAA
326474,8FC1,"A1307,A2038,A1308,A1309,A1310,A1311,A1312,A1313,A1314,A2032,A2033,A2034,A2035,A2036,A2037","A1310,A1311,A1312,A1313,A2033,A2034,A2035",AGUA/GAA
326583,8FC2,"A176,A196,A189,A190,A191,A192,A193,A194,A195,A182,A177,A178,A179,A180,A181","A192,A193,A194,A195,A177,A178,A179",AGUA/GAA
326584,8FC2,"A182,A189,A176,A177,A178,A179,A180,A181,A196,A190,A191,A192,A193,A194,A195","A192,A193,A194,A195,A177,A178,A179",AGUA/GAA
326596,8FC2,"A226,A247,A241,A242,A243,A244,A245,A246,A233,A227,A228,A229,A230,A231,A232","A229,A230,A231,A232,A242,A243,A244",AGUA/GAA
326661,8FC2,"A1307,A2038,A1308,A1309,A1310,A1311,A1312,A1313,A1314,A2032,A2033,A2034,A2035,A2036,A2037","A1310,A1311,A1312,A1313,A2033,A2034,A2035",AGUA/GAA
326780,8FC3,"A226,A247,A241,A242,A243,A244,A245,A246,A233,A227,A228,A229,A230,A231,A232","A229,A230,A231,A232,A242,A243,A244",AGUA/GAA
326842,8FC3,"A1307,A2038,A1308,A1309,A1310,A1311,A1312,A1313,A1314,A2032,A2033,A2034,A2035,A2036,A2037","A1310,A1311,A1312,A1313,A2033,A2034,A2035",AGUA/GAA
326950,8FC4,"A176,A196,A189,A190,A191,A192,A193,A194,A195,A182,A177,A178,A179,A180,A181","A192,A193,A194,A195,A177,A178,A179",AGUA/GAA
326951,8FC4,"A182,A189,A176,A177,A178,A179,A180,A181,A196,A190,A191,A192,A193,A194,A195","A192,A193,A194,A195,A177,A178,A179",AGUA/GAA
326963,8FC4,"A226,A247,A241,A242,A243,A244,A245,A246,A233,A227,A228,A229,A230,A231,A232","A229,A230,A231,A232,A242,A243,A244",AGUA/GAA
327025,8FC4,"A1307,A2038,A1308,A1309,A1310,A1311,A1312,A1313,A1314,A2032,A2033,A2034,A2035,A2036,A2037","A1310,A1311,A1312,A1313,A2033,A2034,A2035",AGUA/GAA
327132,8FC5,"A176,A196,A189,A190,A191,A192,A193,A194,A195,A182,A177,A178,A179,A180,A181","A192,A193,A194,A195,A177,A178,A179",AGUA/GAA
327133,8FC5,"A182,A189,A176,A177,A178,A179,A180,A181,A196,A190,A191,A192,A193,A194,A195","A192,A193,A194,A195,A177,A178,A179",AGUA/GAA
327145,8FC5,"A226,A247,A241,A242,A243,A244,A245,A246,A233,A227,A228,A229,A230,A231,A232","A229,A230,A231,A232,A242,A243,A244",AGUA/GAA
327206,8FC5,"A1307,A2038,A1308,A1309,A1310,A1311,A1312,A1313,A1314,A2032,A2033,A2034,A2035,A2036,A2037","A1310,A1311,A1312,A1313,A2033,A2034,A2035",AGUA/GAA
327314,8FC6,"A176,A196,A189,A190,A191,A192,A193,A194,A195,A182,A177,A178,A179,A180,A181","A192,A193,A194,A195,A177,A178,A179",AGUA/GAA
327315,8FC6,"A182,A189,A176,A177,A178,A179,A180,A181,A196,A190,A191,A192,A193,A194,A195","A192,A193,A194,A195,A177,A178,A179",AGUA/GAA
327327,8FC6,"A226,A247,A241,A242,A243,A244,A245,A246,A233,A227,A228,A229,A230,A231,A232","A229,A230,A231,A232,A242,A243,A244",AGUA/GAA
327387,8FC6,"A1307,A2038,A1308,A1309,A1310,A1311,A1312,A1313,A1314,A2032,A2033,A2034,A2035,A2036,A2037","A1310,A1311,A1312,A1313,A2033,A2034,A2035",AGUA/GAA
327576,8FIZ,"X245,X253,X254,X255,X256,X257,X258,X239,X240,X241,X242,X243,X244","X241,X242,X243,X244,X254,X255,X256",AGUA/GAA
327690,8FIZ,"X1269,X2011,X1262,X1263,X1264,X1265,X1266,X1267,X1268,X2012,X2013,X2014,X2015,X2016,X2017","X1265,X1266,X1267,X1268,X2012,X2013,X2014",AGUA/GAA
327692,8FIZ,"X188,X208,X201,X202,X203,X204,X205,X206,X207,X194,X189,X190,X191,X192,X193","X204,X205,X206,X207,X189,X190,X191",AGUA/GAA
327838,8FKP,"C2358,C3863,C2359,C2360,C2361,C2362,C2363,C2364,C3858,C3859,C3860,C3861,C3862","C2360,C2361,C2362,C2363,C3859,C3860,C3861",AGUA/GAA
327840,8FKP,"C81,C102,C96,C97,C98,C99,C100,C101,C88,C82,C83,C84,C85,C86,C87","C84,C85,C86,C87,C97,C98,C99",AGUA/GAA
327936,8FKQ,"C2358,C3863,C2359,C2360,C2361,C2362,C2363,C2364,C3858,C3859,C3860,C3861,C3862","C2360,C2361,C2362,C2363,C3859,C3860,C3861",AGUA/GAA
327938,8FKQ,"C81,C102,C96,C97,C98,C99,C100,C101,C88,C82,C83,C84,C85,C86,C87","C84,C85,C86,C87,C97,C98,C99",AGUA/GAA
328049,8FKR,"D2364,D3858,D2358,D2359,D2360,D2361,D2362,D2363,D3859,D3860,D3861,D3862,D3863","D2360,D2361,D2362,D2363,D3859,D3860,D3861",AGUA/GAA
328058,8FKR,"D81,D102,D82,D83,D84,D85,D86,D87,D88,D96,D97,D98,D99,D100,D101","D84,D85,D86,D87,D97,D98,D99",AGUA/GAA
328177,8FKS,"D4603,D4608,D4596,D4597,D4598,D4599,D4600,D4601,D4602,D4609,D4610,D4611,D4612,D4613,D4614","D4599,D4600,D4601,D4602,D4609,D4610,D4611",AGUA/GAA
328179,8FKS,"D2364,D3858,D2358,D2359,D2360,D2361,D2362,D2363,D3859,D3860,D3861,D3862,D3863","D2360,D2361,D2362,D2363,D3859,D3860,D3861",AGUA/GAA
328189,8FKS,"D81,D102,D82,D83,D84,D85,D86,D87,D88,D96,D97,D98,D99,D100,D101","D84,D85,D86,D87,D97,D98,D99",AGUA/GAA
328292,8FKT,"E4596,E4614,E4608,E4609,E4610,E4611,E4612,E4613,E4603,E4597,E4598,E4599,E4600,E4601,E4602","E4599,E4600,E4601,E4602,E4609,E4610,E4611",AGUA/GAA
328304,8FKT,"E2364,E3858,E2358,E2359,E2360,E2361,E2362,E2363,E3863,E3859,E3860,E3861,E3862","E2360,E2361,E2362,E2363,E3859,E3860,E3861",AGUA/GAA
328321,8FKT,"E81,E102,E96,E97,E98,E99,E100,E101,E88,E82,E83,E84,E85,E86,E87","E84,E85,E86,E87,E97,E98,E99",AGUA/GAA
328434,8FKU,"E4596,E4614,E4608,E4609,E4610,E4611,E4612,E4613,E4603,E4597,E4598,E4599,E4600,E4601,E4602","E4599,E4600,E4601,E4602,E4609,E4610,E4611",AGUA/GAA
328450,8FKU,"E2364,E3858,E2358,E2359,E2360,E2361,E2362,E2363,E3863,E3859,E3860,E3861,E3862","E2360,E2361,E2362,E2363,E3859,E3860,E3861",AGUA/GAA
328468,8FKU,"E81,E102,E96,E97,E98,E99,E100,E101,E88,E82,E83,E84,E85,E86,E87","E84,E85,E86,E87,E97,E98,E99",AGUA/GAA
328579,8FKV,"E4596,E4614,E4608,E4609,E4610,E4611,E4612,E4613,E4603,E4597,E4598,E4599,E4600,E4601,E4602","E4599,E4600,E4601,E4602,E4609,E4610,E4611",AGUA/GAA
328591,8FKV,"E2364,E3858,E2358,E2359,E2360,E2361,E2362,E2363,E3863,E3859,E3860,E3861,E3862","E2360,E2361,E2362,E2363,E3859,E3860,E3861",AGUA/GAA
328608,8FKV,"E81,E102,E96,E97,E98,E99,E100,E101,E88,E82,E83,E84,E85,E86,E87","E84,E85,E86,E87,E97,E98,E99",AGUA/GAA
328721,8FKW,"E4596,E4614,E4608,E4609,E4610,E4611,E4612,E4613,E4603,E4597,E4598,E4599,E4600,E4601,E4602","E4599,E4600,E4601,E4602,E4609,E4610,E4611",AGUA/GAA
328736,8FKW,"E2364,E3858,E2358,E2359,E2360,E2361,E2362,E2363,E3863,E3859,E3860,E3861,E3862","E2360,E2361,E2362,E2363,E3859,E3860,E3861",AGUA/GAA
328754,8FKW,"E81,E102,E96,E97,E98,E99,E100,E101,E88,E82,E83,E84,E85,E86,E87","E84,E85,E86,E87,E97,E98,E99",AGUA/GAA
328871,8FKX,"E4596,E4614,E4608,E4609,E4610,E4611,E4612,E4613,E4603,E4597,E4598,E4599,E4600,E4601,E4602","E4599,E4600,E4601,E4602,E4609,E4610,E4611",AGUA/GAA
328904,8FKX,"E81,E102,E96,E97,E98,E99,E100,E101,E88,E82,E83,E84,E85,E86,E87","E84,E85,E86,E87,E97,E98,E99",AGUA/GAA
329032,8FKY,"F88,F96,F81,F82,F83,F84,F85,F86,F87,F102,F97,F98,F99,F100,F101","F84,F85,F86,F87,F97,F98,F99",AGUA/GAA
329090,8FKY,"F4596,F4614,F4608,F4609,F4610,F4611,F4612,F4613,F4597,F4598,F4599,F4600,F4601,F4602,F4603","F4599,F4600,F4601,F4602,F4609,F4610,F4611",AGUA/GAA
329092,8FKY,"F2364,F3858,F2358,F2359,F2360,F2361,F2362,F2363,F3859,F3860,F3861,F3862,F3863","F2360,F2361,F2362,F2363,F3859,F3860,F3861",AGUA/GAA
329124,8FKY,"F2358,F3863,F3858,F3859,F3860,F3861,F3862,F2364,F2359,F2360,F2361,F2362,F2363","F2360,F2361,F2362,F2363,F3859,F3860,F3861",AGUA/GAA
329231,8FKZ,"D2364,D3858,D2358,D2359,D2360,D2361,D2362,D2363,D3859,D3860,D3861,D3862,D3863","D2360,D2361,D2362,D2363,D3859,D3860,D3861",AGUA/GAA
329245,8FKZ,"D81,D102,D82,D83,D84,D85,D86,D87,D88,D96,D97,D98,D99,D100,D101","D84,D85,D86,D87,D97,D98,D99",AGUA/GAA
329362,8FL0,"C78,C98,C71,C72,C73,C74,C75,C76,C77,C104,C99,C100,C101,C102,C103","C74,C75,C76,C77,C99,C100,C101",AGUA/GAA
329393,8FL0,"B4603,B4608,B4609,B4610,B4611,B4612,B4613,B4614,B4596,B4597,B4598,B4599,B4600,B4601,B4602","B4599,B4600,B4601,B4602,B4609,B4610,B4611",AGUA/GAA
329394,8FL0,"B4596,B4614,B4608,B4609,B4610,B4611,B4612,B4613,B4603,B4597,B4598,B4599,B4600,B4601,B4602","B4599,B4600,B4601,B4602,B4609,B4610,B4611",AGUA/GAA
329525,8FL2,"G71,G104,G98,G99,G100,G101,G102,G103,G78,G72,G73,G74,G75,G76,G77","G74,G75,G76,G77,G99,G100,G101",AGUA/GAA
329541,8FL2,"F88,F96,F81,F82,F83,F84,F85,F86,F87,F102,F97,F98,F99,F100,F101","F84,F85,F86,F87,F97,F98,F99",AGUA/GAA
329600,8FL2,"F4596,F4614,F4608,F4609,F4610,F4611,F4612,F4613,F4597,F4598,F4599,F4600,F4601,F4602,F4603","F4599,F4600,F4601,F4602,F4609,F4610,F4611",AGUA/GAA
329726,8FL3,"E4596,E4614,E4608,E4609,E4610,E4611,E4612,E4613,E4603,E4597,E4598,E4599,E4600,E4601,E4602","E4599,E4600,E4601,E4602,E4609,E4610,E4611",AGUA/GAA
329756,8FL3,"E81,E102,E96,E97,E98,E99,E100,E101,E88,E82,E83,E84,E85,E86,E87","E84,E85,E86,E87,E97,E98,E99",AGUA/GAA
329773,8FL3,"F78,F98,F71,F72,F73,F74,F75,F76,F77,F99,F100,F101,F102,F103,F104","F74,F75,F76,F77,F99,F100,F101",AGUA/GAA
329953,8FL4,"E81,E102,E96,E97,E98,E99,E100,E101,E88,E82,E83,E84,E85,E86,E87","E84,E85,E86,E87,E97,E98,E99",AGUA/GAA
329970,8FL4,"F78,F98,F71,F72,F73,F74,F75,F76,F77,F99,F100,F101,F102,F103,F104","F74,F75,F76,F77,F99,F100,F101",AGUA/GAA
330139,8FL6,"E78,E98,E99,E100,E101,E102,E103,E104,E71,E72,E73,E74,E75,E76,E77","E74,E75,E76,E77,E99,E100,E101",AGUA/GAA
330364,8FL7,"D78,D98,D99,D100,D101,D102,D103,D104,D71,D72,D73,D74,D75,D76,D77","D74,D75,D76,D77,D99,D100,D101",AGUA/GAA
330369,8FL7,"C81,C102,C96,C97,C98,C99,C100,C101,C88,C82,C83,C84,C85,C86,C87","C84,C85,C86,C87,C97,C98,C99",AGUA/GAA
330553,8FL9,"D78,D98,D99,D100,D101,D102,D103,D104,D71,D72,D73,D74,D75,D76,D77","D74,D75,D76,D77,D99,D100,D101",AGUA/GAA
330707,8FLA,"E78,E98,E99,E100,E101,E102,E103,E104,E71,E72,E73,E74,E75,E76,E77","E74,E75,E76,E77,E99,E100,E101",AGUA/GAA
330729,8FLA,"D81,D102,D82,D83,D84,D85,D86,D87,D88,D96,D97,D98,D99,D100,D101","D84,D85,D86,D87,D97,D98,D99",AGUA/GAA
330932,8FLB,"D78,D98,D99,D100,D101,D102,D103,D104,D71,D72,D73,D74,D75,D76,D77","D74,D75,D76,D77,D99,D100,D101",AGUA/GAA
330939,8FLB,"C81,C102,C96,C97,C98,C99,C100,C101,C88,C82,C83,C84,C85,C86,C87","C84,C85,C86,C87,C97,C98,C99",AGUA/GAA
331115,8FLC,"D78,D98,D99,D100,D101,D102,D103,D104,D71,D72,D73,D74,D75,D76,D77","D74,D75,D76,D77,D99,D100,D101",AGUA/GAA
331121,8FLC,"C81,C102,C96,C97,C98,C99,C100,C101,C88,C82,C83,C84,C85,C86,C87","C84,C85,C86,C87,C97,C98,C99",AGUA/GAA
331280,8FLD,"E78,E98,E99,E100,E101,E102,E103,E104,E71,E72,E73,E74,E75,E76,E77","E74,E75,E76,E77,E99,E100,E101",AGUA/GAA
331301,8FLD,"D81,D102,D82,D83,D84,D85,D86,D87,D88,D96,D97,D98,D99,D100,D101","D84,D85,D86,D87,D97,D98,D99",AGUA/GAA
331497,8FLE,"D78,D98,D99,D100,D101,D102,D103,D104,D71,D72,D73,D74,D75,D76,D77","D74,D75,D76,D77,D99,D100,D101",AGUA/GAA
331503,8FLE,"C81,C102,C96,C97,C98,C99,C100,C101,C88,C82,C83,C84,C85,C86,C87","C84,C85,C86,C87,C97,C98,C99",AGUA/GAA
331680,8FLF,"D78,D98,D99,D100,D101,D102,D103,D104,D71,D72,D73,D74,D75,D76,D77","D74,D75,D76,D77,D99,D100,D101",AGUA/GAA
331686,8FLF,"C81,C102,C96,C97,C98,C99,C100,C101,C88,C82,C83,C84,C85,C86,C87","C84,C85,C86,C87,C97,C98,C99",AGUA/GAA
331935,8FMW,"X1343,X2062,X1336,X1337,X1338,X1339,X1340,X1341,X1342,X2068,X2063,X2064,X2065,X2066,X2067","X1339,X1340,X1341,X1342,X2063,X2064,X2065",AGUA/GAA
332225,8FN2,"A192,A199,A200,A201,A202,A203,A204,A205,A206,A186,A187,A188,A189,A190,A191","A202,A203,A204,A205,A187,A188,A189",AGUA/GAA
332241,8FN2,"A1347,A2064,A2065,A2066,A2067,A2068,A2069,A2070,A2071,A1339,A1340,A1341,A1342,A1343,A1344,A1345,A1346","A1342,A1343,A1344,A1345,A2066,A2067,A2068",AGUA/GAA
332242,8FN2,"A1347,A2064,A1339,A1340,A1341,A1342,A1343,A1344,A1345,A1346,A2071,A2065,A2066,A2067,A2068,A2069,A2070","A1342,A1343,A1344,A1345,A2066,A2067,A2068",AGUA/GAA
332578,8FR8,"I192,I199,I200,I201,I202,I203,I204,I205,I206,I186,I187,I188,I189,I190,I191","I202,I203,I204,I205,I187,I188,I189",AGUA/GAA
332628,8FR8,"I237,I258,I238,I239,I240,I241,I242,I243,I244,I252,I253,I254,I255,I256,I257","I240,I241,I242,I243,I253,I254,I255",AGUA/GAA
333082,8FZE,"Z194,Z201,Z202,Z203,Z204,Z205,Z206,Z207,Z208,Z188,Z189,Z190,Z191,Z192,Z193","Z204,Z205,Z206,Z207,Z189,Z190,Z191",AGUA/GAA
333199,8FZE,"Z239,Z258,Z253,Z254,Z255,Z256,Z257,Z245,Z240,Z241,Z242,Z243,Z244","Z241,Z242,Z243,Z244,Z254,Z255,Z256",AGUA/GAA
333216,8FZE,"Z1262,Z2017,Z1263,Z1264,Z1265,Z1266,Z1267,Z1268,Z1269,Z2011,Z2012,Z2013,Z2014,Z2015,Z2016","Z1265,Z1266,Z1267,Z1268,Z2012,Z2013,Z2014",AGUA/GAA
333285,8FZE,"Z1269,Z2011,Z1262,Z1263,Z1264,Z1265,Z1266,Z1267,Z1268,Z2012,Z2013,Z2014,Z2015,Z2016,Z2017","Z1265,Z1266,Z1267,Z1268,Z2012,Z2013,Z2014",AGUA/GAA
333502,8FZF,"Y245,Y253,Y239,Y240,Y241,Y242,Y243,Y244,Y258,Y254,Y255,Y256,Y257","Y241,Y242,Y243,Y244,Y254,Y255,Y256",AGUA/GAA
333503,8FZF,"Y1269,Y2011,Y2012,Y2013,Y2014,Y2015,Y2016,Y2017,Y1262,Y1263,Y1264,Y1265,Y1266,Y1267,Y1268","Y1265,Y1266,Y1267,Y1268,Y2012,Y2013,Y2014",AGUA/GAA
333564,8FZF,"Y194,Y201,Y202,Y203,Y204,Y205,Y206,Y207,Y208,Y188,Y189,Y190,Y191,Y192,Y193","Y204,Y205,Y206,Y207,Y189,Y190,Y191",AGUA/GAA
333788,8FZH,"Z194,Z201,Z202,Z203,Z204,Z205,Z206,Z207,Z208,Z188,Z189,Z190,Z191,Z192,Z193","Z204,Z205,Z206,Z207,Z189,Z190,Z191",AGUA/GAA
333904,8FZH,"Z239,Z258,Z253,Z254,Z255,Z256,Z257,Z245,Z240,Z241,Z242,Z243,Z244","Z241,Z242,Z243,Z244,Z254,Z255,Z256",AGUA/GAA
333921,8FZH,"Z1262,Z2017,Z1263,Z1264,Z1265,Z1266,Z1267,Z1268,Z1269,Z2011,Z2012,Z2013,Z2014,Z2015,Z2016","Z1265,Z1266,Z1267,Z1268,Z2012,Z2013,Z2014",AGUA/GAA
333990,8FZH,"Z1269,Z2011,Z1262,Z1263,Z1264,Z1265,Z1266,Z1267,Z1268,Z2012,Z2013,Z2014,Z2015,Z2016,Z2017","Z1265,Z1266,Z1267,Z1268,Z2012,Z2013,Z2014",AGUA/GAA
334208,8FZI,"Y245,Y253,Y239,Y240,Y241,Y242,Y243,Y244,Y258,Y254,Y255,Y256,Y257","Y241,Y242,Y243,Y244,Y254,Y255,Y256",AGUA/GAA
334209,8FZI,"Y1269,Y2011,Y2012,Y2013,Y2014,Y2015,Y2016,Y2017,Y1262,Y1263,Y1264,Y1265,Y1266,Y1267,Y1268","Y1265,Y1266,Y1267,Y1268,Y2012,Y2013,Y2014",AGUA/GAA
334271,8FZI,"Y194,Y201,Y202,Y203,Y204,Y205,Y206,Y207,Y208,Y188,Y189,Y190,Y191,Y192,Y193","Y204,Y205,Y206,Y207,Y189,Y190,Y191",AGUA/GAA
334514,8FZJ,"Y245,Y253,Y239,Y240,Y241,Y242,Y243,Y244,Y258,Y254,Y255,Y256,Y257","Y241,Y242,Y243,Y244,Y254,Y255,Y256",AGUA/GAA
334515,8FZJ,"Y1269,Y2011,Y2012,Y2013,Y2014,Y2015,Y2016,Y2017,Y1262,Y1263,Y1264,Y1265,Y1266,Y1267,Y1268","Y1265,Y1266,Y1267,Y1268,Y2012,Y2013,Y2014",AGUA/GAA
334572,8FZJ,"Y194,Y201,Y202,Y203,Y204,Y205,Y206,Y207,Y208,Y188,Y189,Y190,Y191,Y192,Y193","Y204,Y205,Y206,Y207,Y189,Y190,Y191",AGUA/GAA
334660,8G29,"A176,A196,A189,A190,A191,A192,A193,A194,A195,A182,A177,A178,A179,A180,A181","A192,A193,A194,A195,A177,A178,A179",AGUA/GAA
334661,8G29,"A182,A189,A176,A177,A178,A179,A180,A181,A196,A190,A191,A192,A193,A194,A195","A192,A193,A194,A195,A177,A178,A179",AGUA/GAA
334673,8G29,"A226,A247,A241,A242,A243,A244,A245,A246,A233,A227,A228,A229,A230,A231,A232","A229,A230,A231,A232,A242,A243,A244",AGUA/GAA
334735,8G29,"A1307,A2038,A1308,A1309,A1310,A1311,A1312,A1313,A1314,A2032,A2033,A2034,A2035,A2036,A2037","A1310,A1311,A1312,A1313,A2033,A2034,A2035",AGUA/GAA
334833,8G2A,"A176,A196,A189,A190,A191,A192,A193,A194,A195,A182,A177,A178,A179,A180,A181","A192,A193,A194,A195,A177,A178,A179",AGUA/GAA
334834,8G2A,"A182,A189,A176,A177,A178,A179,A180,A181,A196,A190,A191,A192,A193,A194,A195","A192,A193,A194,A195,A177,A178,A179",AGUA/GAA
334846,8G2A,"A226,A247,A241,A242,A243,A244,A245,A246,A233,A227,A228,A229,A230,A231,A232","A229,A230,A231,A232,A242,A243,A244",AGUA/GAA
334911,8G2A,"A1307,A2038,A1308,A1309,A1310,A1311,A1312,A1313,A1314,A2032,A2033,A2034,A2035,A2036,A2037","A1310,A1311,A1312,A1313,A2033,A2034,A2035",AGUA/GAA
335009,8G2B,"A176,A196,A189,A190,A191,A192,A193,A194,A195,A182,A177,A178,A179,A180,A181","A192,A193,A194,A195,A177,A178,A179",AGUA/GAA
335010,8G2B,"A182,A189,A176,A177,A178,A179,A180,A181,A196,A190,A191,A192,A193,A194,A195","A192,A193,A194,A195,A177,A178,A179",AGUA/GAA
335022,8G2B,"A226,A247,A241,A242,A243,A244,A245,A246,A233,A227,A228,A229,A230,A231,A232","A229,A230,A231,A232,A242,A243,A244",AGUA/GAA
335086,8G2B,"A1307,A2038,A1308,A1309,A1310,A1311,A1312,A1313,A1314,A2032,A2033,A2034,A2035,A2036,A2037","A1310,A1311,A1312,A1313,A2033,A2034,A2035",AGUA/GAA
335189,8G2C,"A176,A196,A189,A190,A191,A192,A193,A194,A195,A182,A177,A178,A179,A180,A181","A192,A193,A194,A195,A177,A178,A179",AGUA/GAA
335190,8G2C,"A182,A189,A176,A177,A178,A179,A180,A181,A196,A190,A191,A192,A193,A194,A195","A192,A193,A194,A195,A177,A178,A179",AGUA/GAA
335202,8G2C,"A226,A247,A241,A242,A243,A244,A245,A246,A233,A227,A228,A229,A230,A231,A232","A229,A230,A231,A232,A242,A243,A244",AGUA/GAA
335265,8G2C,"A1307,A2038,A1308,A1309,A1310,A1311,A1312,A1313,A1314,A2032,A2033,A2034,A2035,A2036,A2037","A1310,A1311,A1312,A1313,A2033,A2034,A2035",AGUA/GAA
335367,8G2D,"A176,A196,A189,A190,A191,A192,A193,A194,A195,A182,A177,A178,A179,A180,A181","A192,A193,A194,A195,A177,A178,A179",AGUA/GAA
335368,8G2D,"A182,A189,A176,A177,A178,A179,A180,A181,A196,A190,A191,A192,A193,A194,A195","A192,A193,A194,A195,A177,A178,A179",AGUA/GAA
335380,8G2D,"A226,A247,A241,A242,A243,A244,A245,A246,A233,A227,A228,A229,A230,A231,A232","A229,A230,A231,A232,A242,A243,A244",AGUA/GAA
335445,8G2D,"A1307,A2038,A1308,A1309,A1310,A1311,A1312,A1313,A1314,A2032,A2033,A2034,A2035,A2036,A2037","A1310,A1311,A1312,A1313,A2033,A2034,A2035",AGUA/GAA
335551,8G2U,"G245,G253,G254,G255,G256,G257,G258,G239,G240,G241,G242,G243,G244","G241,G242,G243,G244,G254,G255,G256",AGUA/GAA
335558,8G2U,"G1269,G2011,G1262,G1263,G1264,G1265,G1266,G1267,G1268,G2012,G2013,G2014,G2015,G2016,G2017","G1265,G1266,G1267,G1268,G2012,G2013,G2014",AGUA/GAA
335671,8G2U,"G194,G201,G188,G189,G190,G191,G192,G193,G202,G203,G204,G205,G206,G207,G208","G204,G205,G206,G207,G189,G190,G191",AGUA/GAA
335725,8G31,"H245,H253,H254,H255,H256,H257,H258,H239,H240,H241,H242,H243,H244","H241,H242,H243,H244,H254,H255,H256",AGUA/GAA
335769,8G31,"H194,H201,H202,H203,H204,H205,H206,H207,H208,H188,H189,H190,H191,H192,H193","H204,H205,H206,H207,H189,H190,H191",AGUA/GAA
335787,8G31,"H1262,H2017,H1263,H1264,H1265,H1266,H1267,H1268,H1269,H2011,H2012,H2013,H2014,H2015,H2016","H1265,H1266,H1267,H1268,H2012,H2013,H2014",AGUA/GAA
335788,8G31,"H1269,H2011,H1262,H1263,H1264,H1265,H1266,H1267,H1268,H2017,H2012,H2013,H2014,H2015,H2016","H1265,H1266,H1267,H1268,H2012,H2013,H2014",AGUA/GAA
335924,8G34,"G245,G253,G254,G255,G256,G257,G258,G239,G240,G241,G242,G243,G244","G241,G242,G243,G244,G254,G255,G256",AGUA/GAA
335932,8G34,"G1269,G2011,G1262,G1263,G1264,G1265,G1266,G1267,G1268,G2012,G2013,G2014,G2015,G2016,G2017","G1265,G1266,G1267,G1268,G2012,G2013,G2014",AGUA/GAA
336040,8G34,"G194,G201,G188,G189,G190,G191,G192,G193,G202,G203,G204,G205,G206,G207,G208","G204,G205,G206,G207,G189,G190,G191",AGUA/GAA
336103,8G38,"G245,G253,G254,G255,G256,G257,G258,G239,G240,G241,G242,G243,G244","G241,G242,G243,G244,G254,G255,G256",AGUA/GAA
336111,8G38,"G1269,G2011,G1262,G1263,G1264,G1265,G1266,G1267,G1268,G2012,G2013,G2014,G2015,G2016,G2017","G1265,G1266,G1267,G1268,G2012,G2013,G2014",AGUA/GAA
336216,8G38,"G194,G201,G188,G189,G190,G191,G192,G193,G202,G203,G204,G205,G206,G207,G208","G204,G205,G206,G207,G189,G190,G191",AGUA/GAA
336514,8G5Y,"C4596,C4614,C4597,C4598,C4599,C4600,C4601,C4602,C4603,C4608,C4609,C4610,C4611,C4612,C4613","C4599,C4600,C4601,C4602,C4609,C4610,C4611",AGUA/GAA
336551,8G5Y,"D78,D98,D99,D100,D101,D102,D103,D104,D71,D72,D73,D74,D75,D76,D77","D74,D75,D76,D77,D99,D100,D101",AGUA/GAA
336574,8G5Y,"C81,C102,C96,C97,C98,C99,C100,C101,C88,C82,C83,C84,C85,C86,C87","C84,C85,C86,C87,C97,C98,C99",AGUA/GAA
336824,8G5Z,"D78,D98,D99,D100,D101,D102,D103,D104,D71,D72,D73,D74,D75,D76,D77","D74,D75,D76,D77,D99,D100,D101",AGUA/GAA
336868,8G5Z,"C81,C102,C96,C97,C98,C99,C100,C101,C88,C82,C83,C84,C85,C86,C87","C84,C85,C86,C87,C97,C98,C99",AGUA/GAA
337088,8G60,"C4596,C4614,C4597,C4598,C4599,C4600,C4601,C4602,C4603,C4608,C4609,C4610,C4611,C4612,C4613","C4599,C4600,C4601,C4602,C4609,C4610,C4611",AGUA/GAA
337130,8G60,"D78,D98,D99,D100,D101,D102,D103,D104,D71,D72,D73,D74,D75,D76,D77","D74,D75,D76,D77,D99,D100,D101",AGUA/GAA
337150,8G60,"C81,C102,C96,C97,C98,C99,C100,C101,C88,C82,C83,C84,C85,C86,C87","C84,C85,C86,C87,C97,C98,C99",AGUA/GAA
337406,8G61,"D78,D98,D99,D100,D101,D102,D103,D104,D71,D72,D73,D74,D75,D76,D77","D74,D75,D76,D77,D99,D100,D101",AGUA/GAA
337431,8G61,"C81,C102,C96,C97,C98,C99,C100,C101,C88,C82,C83,C84,C85,C86,C87","C84,C85,C86,C87,C97,C98,C99",AGUA/GAA
337678,8G6J,"D78,D98,D99,D100,D101,D102,D103,D104,D71,D72,D73,D74,D75,D76,D77","D74,D75,D76,D77,D99,D100,D101",AGUA/GAA
337703,8G6J,"C81,C102,C96,C97,C98,C99,C100,C101,C88,C82,C83,C84,C85,C86,C87","C84,C85,C86,C87,C97,C98,C99",AGUA/GAA
338002,8G6X,"a1269,a2011,a2012,a2013,a2014,a2015,a2016,a2017,a1262,a1263,a1264,a1265,a1266,a1267,a1268","a1265,a1266,a1267,a1268,a2012,a2013,a2014",AGUA/GAA
338038,8G6X,"a245,a253,a254,a255,a256,a257,a258,a239,a240,a241,a242,a243,a244","a241,a242,a243,a244,a254,a255,a256",AGUA/GAA
338051,8G6X,"a188,a208,a201,a202,a203,a204,a205,a206,a207,a189,a190,a191,a192,a193,a194","a204,a205,a206,a207,a189,a190,a191",AGUA/GAA
338185,8G6Y,"a1269,a2011,a2012,a2013,a2014,a2015,a2016,a2017,a1262,a1263,a1264,a1265,a1266,a1267,a1268","a1265,a1266,a1267,a1268,a2012,a2013,a2014",AGUA/GAA
338221,8G6Y,"a245,a253,a254,a255,a256,a257,a258,a239,a240,a241,a242,a243,a244","a241,a242,a243,a244,a254,a255,a256",AGUA/GAA
338235,8G6Y,"a188,a208,a201,a202,a203,a204,a205,a206,a207,a189,a190,a191,a192,a193,a194","a204,a205,a206,a207,a189,a190,a191",AGUA/GAA
338599,8G7R,"Z194,Z201,Z202,Z203,Z204,Z205,Z206,Z207,Z208,Z188,Z189,Z190,Z191,Z192,Z193","Z204,Z205,Z206,Z207,Z189,Z190,Z191",AGUA/GAA
338717,8G7R,"Z239,Z258,Z253,Z254,Z255,Z256,Z257,Z245,Z240,Z241,Z242,Z243,Z244","Z241,Z242,Z243,Z244,Z254,Z255,Z256",AGUA/GAA
338734,8G7R,"Z1262,Z2017,Z1263,Z1264,Z1265,Z1266,Z1267,Z1268,Z1269,Z2011,Z2012,Z2013,Z2014,Z2015,Z2016","Z1265,Z1266,Z1267,Z1268,Z2012,Z2013,Z2014",AGUA/GAA
338802,8G7R,"Z1269,Z2011,Z1262,Z1263,Z1264,Z1265,Z1266,Z1267,Z1268,Z2012,Z2013,Z2014,Z2015,Z2016,Z2017","Z1265,Z1266,Z1267,Z1268,Z2012,Z2013,Z2014",AGUA/GAA
339021,8G7S,"Y245,Y253,Y239,Y240,Y241,Y242,Y243,Y244,Y258,Y254,Y255,Y256,Y257","Y241,Y242,Y243,Y244,Y254,Y255,Y256",AGUA/GAA
339022,8G7S,"Y1269,Y2011,Y2012,Y2013,Y2014,Y2015,Y2016,Y2017,Y1262,Y1263,Y1264,Y1265,Y1266,Y1267,Y1268","Y1265,Y1266,Y1267,Y1268,Y2012,Y2013,Y2014",AGUA/GAA
339083,8G7S,"Y194,Y201,Y202,Y203,Y204,Y205,Y206,Y207,Y208,Y188,Y189,Y190,Y191,Y192,Y193","Y204,Y205,Y206,Y207,Y189,Y190,Y191",AGUA/GAA
339289,8GLP,"C4596,C4614,C4597,C4598,C4599,C4600,C4601,C4602,C4603,C4608,C4609,C4610,C4611,C4612,C4613","C4599,C4600,C4601,C4602,C4609,C4610,C4611",AGUA/GAA
339323,8GLP,"D78,D98,D99,D100,D101,D102,D103,D104,D71,D72,D73,D74,D75,D76,D77","D74,D75,D76,D77,D99,D100,D101",AGUA/GAA
339345,8GLP,"C81,C102,C96,C97,C98,C99,C100,C101,C88,C82,C83,C84,C85,C86,C87","C84,C85,C86,C87,C97,C98,C99",AGUA/GAA
339730,8HKU,"A613,A624,A625,A626,A627,A628,A629,A630,A631,A607,A608,A609,A610,A611,A612","A627,A628,A629,A630,A608,A609,A610",AGUA/GAA
339768,8HKU,"A224,A232,A217,A218,A219,A220,A221,A222,A223,A238,A233,A234,A235,A236,A237","A220,A221,A222,A223,A233,A234,A235",AGUA/GAA
339817,8HKU,"A167,A187,A180,A181,A182,A183,A184,A185,A186,A173,A168,A169,A170,A171,A172","A183,A184,A185,A186,A168,A169,A170",AGUA/GAA
339829,8HKU,"A167,A187,A180,A181,A182,A183,A184,A185,A186,A168,A169,A170,A171,A172,A173","A183,A184,A185,A186,A168,A169,A170",AGUA/GAA
340220,8HKY,"A613,A624,A625,A626,A627,A628,A629,A630,A631,A607,A608,A609,A610,A611,A612","A627,A628,A629,A630,A608,A609,A610",AGUA/GAA
340500,8HKZ,"A613,A624,A625,A626,A627,A628,A629,A630,A631,A607,A608,A609,A610,A611,A612","A627,A628,A629,A630,A608,A609,A610",AGUA/GAA
341175,8HL2,"A167,A187,A180,A181,A182,A183,A184,A185,A186,A173,A168,A169,A170,A171,A172","A183,A184,A185,A186,A168,A169,A170",AGUA/GAA
341190,8HL2,"A167,A187,A180,A181,A182,A183,A184,A185,A186,A168,A169,A170,A171,A172,A173","A183,A184,A185,A186,A168,A169,A170",AGUA/GAA
341660,8HL4,"A224,A232,A217,A218,A219,A220,A221,A222,A223,A238,A233,A234,A235,A236,A237","A220,A221,A222,A223,A233,A234,A235",AGUA/GAA
341746,8HL4,"A1405,A2146,A1406,A1407,A1408,A1409,A1410,A1411,A1412,A2140,A2141,A2142,A2143,A2144,A2145","A1408,A1409,A1410,A1411,A2141,A2142,A2143",AGUA/GAA
342032,8HL5,"A1405,A2146,A1406,A1407,A1408,A1409,A1410,A1411,A1412,A2140,A2141,A2142,A2143,A2144,A2145","A1408,A1409,A1410,A1411,A2141,A2142,A2143",AGUA/GAA
342261,8HSP,"V245,V253,V239,V240,V241,V242,V243,V244,V254,V255,V256,V257,V258","V241,V242,V243,V244,V254,V255,V256",AGUA/GAA
342305,8HSP,"V1269,V2011,V2012,V2013,V2014,V2015,V2016,V2017,V1262,V1263,V1264,V1265,V1266,V1267,V1268","V1265,V1266,V1267,V1268,V2012,V2013,V2014",AGUA/GAA
342381,8HSP,"V194,V201,V188,V189,V190,V191,V192,V193,V202,V203,V204,V205,V206,V207,V208","V204,V205,V206,V207,V189,V190,V191",AGUA/GAA
342540,8HTZ,"V245,V253,V239,V240,V241,V242,V243,V244,V254,V255,V256,V257,V258","V241,V242,V243,V244,V254,V255,V256",AGUA/GAA
342584,8HTZ,"V1269,V2011,V2012,V2013,V2014,V2015,V2016,V2017,V1262,V1263,V1264,V1265,V1266,V1267,V1268","V1265,V1266,V1267,V1268,V2012,V2013,V2014",AGUA/GAA
342660,8HTZ,"V194,V201,V188,V189,V190,V191,V192,V193,V202,V203,V204,V205,V206,V207,V208","V204,V205,V206,V207,V189,V190,V191",AGUA/GAA
342815,8HU1,"V245,V253,V239,V240,V241,V242,V243,V244,V254,V255,V256,V257,V258","V241,V242,V243,V244,V254,V255,V256",AGUA/GAA
342861,8HU1,"V1269,V2011,V2012,V2013,V2014,V2015,V2016,V2017,V1262,V1263,V1264,V1265,V1266,V1267,V1268","V1265,V1266,V1267,V1268,V2012,V2013,V2014",AGUA/GAA
342939,8HU1,"V194,V201,V188,V189,V190,V191,V192,V193,V202,V203,V204,V205,V206,V207,V208","V204,V205,V206,V207,V189,V190,V191",AGUA/GAA
343237,8I9P,"A1432,A2316,A1426,A1427,A1428,A1429,A1430,A1431,A2321,A2317,A2318,A2319,A2320","A1428,A1429,A1430,A1431,A2317,A2318,A2319",AGUA/GAA
343274,8I9P,"A82,A103,A97,A98,A99,A100,A101,A102,A89,A83,A84,A85,A86,A87,A88","A85,A86,A87,A88,A98,A99,A100",AGUA/GAA
343275,8I9P,"A82,A103,A83,A84,A85,A86,A87,A88,A89,A97,A98,A99,A100,A101,A102","A85,A86,A87,A88,A98,A99,A100",AGUA/GAA
343338,8I9R,"A1432,A2316,A1426,A1427,A1428,A1429,A1430,A1431,A2321,A2317,A2318,A2319,A2320","A1428,A1429,A1430,A1431,A2317,A2318,A2319",AGUA/GAA
343475,8I9T,"A1432,A2316,A1426,A1427,A1428,A1429,A1430,A1431,A2321,A2317,A2318,A2319,A2320","A1428,A1429,A1430,A1431,A2317,A2318,A2319",AGUA/GAA
343619,8I9V,"A2982,A2987,A2975,A2976,A2977,A2978,A2979,A2980,A2981,A2993,A2988,A2989,A2990,A2991,A2992","A2978,A2979,A2980,A2981,A2988,A2989,A2990",AGUA/GAA
343620,8I9V,"A2982,A2987,A2988,A2989,A2990,A2991,A2992,A2993,A2975,A2976,A2977,A2978,A2979,A2980,A2981","A2978,A2979,A2980,A2981,A2988,A2989,A2990",AGUA/GAA
343627,8I9V,"A2975,A2993,A2976,A2977,A2978,A2979,A2980,A2981,A2982,A2987,A2988,A2989,A2990,A2991,A2992","A2978,A2979,A2980,A2981,A2988,A2989,A2990",AGUA/GAA
343676,8I9V,"A82,A103,A97,A98,A99,A100,A101,A102,A89,A83,A84,A85,A86,A87,A88","A85,A86,A87,A88,A98,A99,A100",AGUA/GAA
343677,8I9V,"A82,A103,A83,A84,A85,A86,A87,A88,A89,A97,A98,A99,A100,A101,A102","A85,A86,A87,A88,A98,A99,A100",AGUA/GAA
343764,8I9W,"A1432,A2316,A1426,A1427,A1428,A1429,A1430,A1431,A2321,A2317,A2318,A2319,A2320","A1428,A1429,A1430,A1431,A2317,A2318,A2319",AGUA/GAA
343914,8I9X,"A1432,A2316,A1426,A1427,A1428,A1429,A1430,A1431,A2321,A2317,A2318,A2319,A2320","A1428,A1429,A1430,A1431,A2317,A2318,A2319",AGUA/GAA
343975,8I9X,"A82,A103,A97,A98,A99,A100,A101,A102,A89,A83,A84,A85,A86,A87,A88","A85,A86,A87,A88,A98,A99,A100",AGUA/GAA
343976,8I9X,"A82,A103,A83,A84,A85,A86,A87,A88,A89,A97,A98,A99,A100,A101,A102","A85,A86,A87,A88,A98,A99,A100",AGUA/GAA
344079,8I9Y,"A1432,A2316,A1426,A1427,A1428,A1429,A1430,A1431,A2321,A2317,A2318,A2319,A2320","A1428,A1429,A1430,A1431,A2317,A2318,A2319",AGUA/GAA
344315,8I9Z,"A82,A103,A97,A98,A99,A100,A101,A102,A89,A83,A84,A85,A86,A87,A88","A85,A86,A87,A88,A98,A99,A100",AGUA/GAA
344316,8I9Z,"A82,A103,A83,A84,A85,A86,A87,A88,A89,A97,A98,A99,A100,A101,A102","A85,A86,A87,A88,A98,A99,A100",AGUA/GAA
344425,8IA0,"A1432,A2316,A1426,A1427,A1428,A1429,A1430,A1431,A2321,A2317,A2318,A2319,A2320","A1428,A1429,A1430,A1431,A2317,A2318,A2319",AGUA/GAA
344497,8IA0,"A82,A103,A97,A98,A99,A100,A101,A102,A89,A83,A84,A85,A86,A87,A88","A85,A86,A87,A88,A98,A99,A100",AGUA/GAA
344498,8IA0,"A82,A103,A83,A84,A85,A86,A87,A88,A89,A97,A98,A99,A100,A101,A102","A85,A86,A87,A88,A98,A99,A100",AGUA/GAA
344591,8IDT,"A71,A104,A98,A99,A100,A101,A102,A103,A78,A72,A73,A74,A75,A76,A77","A74,A75,A76,A77,A99,A100,A101",AGUA/GAA
344604,8IDY,"A71,A104,A98,A99,A100,A101,A102,A103,A78,A72,A73,A74,A75,A76,A77","A74,A75,A76,A77,A99,A100,A101",AGUA/GAA
344617,8IE3,"A71,A104,A98,A99,A100,A101,A102,A103,A78,A72,A73,A74,A75,A76,A77","A74,A75,A76,A77,A99,A100,A101",AGUA/GAA
344744,8IFB,"V245,V253,V239,V240,V241,V242,V243,V244,V254,V255,V256,V257,V258","V241,V242,V243,V244,V254,V255,V256",AGUA/GAA
344788,8IFB,"V1269,V2011,V2012,V2013,V2014,V2015,V2016,V2017,V1262,V1263,V1264,V1265,V1266,V1267,V1268","V1265,V1266,V1267,V1268,V2012,V2013,V2014",AGUA/GAA
344869,8IFB,"V194,V201,V188,V189,V190,V191,V192,V193,V202,V203,V204,V205,V206,V207,V208","V204,V205,V206,V207,V189,V190,V191",AGUA/GAA
345030,8IFC,"V245,V253,V239,V240,V241,V242,V243,V244,V254,V255,V256,V257,V258","V241,V242,V243,V244,V254,V255,V256",AGUA/GAA
345076,8IFC,"V1269,V2011,V2012,V2013,V2014,V2015,V2016,V2017,V1262,V1263,V1264,V1265,V1266,V1267,V1268","V1265,V1266,V1267,V1268,V2012,V2013,V2014",AGUA/GAA
345158,8IFC,"V194,V201,V188,V189,V190,V191,V192,V193,V202,V203,V204,V205,V206,V207,V208","V204,V205,V206,V207,V189,V190,V191",AGUA/GAA
345272,8IFD,"B78,B98,B99,B100,B101,B102,B103,B104,B71,B72,B73,B74,B75,B76,B77","B74,B75,B76,B77,B99,B100,B101",AGUA/GAA
345349,8IFD,"B71,B104,B98,B99,B100,B101,B102,B103,B78,B72,B73,B74,B75,B76,B77","B74,B75,B76,B77,B99,B100,B101",AGUA/GAA
345351,8IFD,"A4596,A4614,A4608,A4609,A4610,A4611,A4612,A4613,A4597,A4598,A4599,A4600,A4601,A4602,A4603","A4599,A4600,A4601,A4602,A4609,A4610,A4611",AGUA/GAA
345369,8IFD,"A81,A102,A96,A97,A98,A99,A100,A101,A88,A82,A83,A84,A85,A86,A87","A84,A85,A86,A87,A97,A98,A99",AGUA/GAA
345508,8IFE,"B78,B98,B99,B100,B101,B102,B103,B104,B71,B72,B73,B74,B75,B76,B77","B74,B75,B76,B77,B99,B100,B101",AGUA/GAA
345581,8IFE,"B71,B104,B98,B99,B100,B101,B102,B103,B78,B72,B73,B74,B75,B76,B77","B74,B75,B76,B77,B99,B100,B101",AGUA/GAA
345601,8IFE,"A81,A102,A96,A97,A98,A99,A100,A101,A88,A82,A83,A84,A85,A86,A87","A84,A85,A86,A87,A97,A98,A99",AGUA/GAA
345756,8INE,"D81,D102,D82,D83,D84,D85,D86,D87,D88,D96,D97,D98,D99,D100,D101","D84,D85,D86,D87,D97,D98,D99",AGUA/GAA
345769,8INE,"F78,F98,F71,F72,F73,F74,F75,F76,F77,F99,F100,F101,F102,F103,F104","F74,F75,F76,F77,F99,F100,F101",AGUA/GAA
345917,8INF,"F88,F96,F81,F82,F83,F84,F85,F86,F87,F102,F97,F98,F99,F100,F101","F84,F85,F86,F87,F97,F98,F99",AGUA/GAA
345993,8INF,"H78,H98,H71,H72,H73,H74,H75,H76,H77,H99,H100,H101,H102,H103,H104","H74,H75,H76,H77,H99,H100,H101",AGUA/GAA
346098,8IP8,"A1124,A1133,A1116,A1117,A1118,A1119,A1120,A1121,A1122,A1123,A1139,A1134,A1135,A1136,A1137,A1138","A1118,A1119,A1120,A1121,A1135,A1136,A1137",AGUA/GAA
346252,8IP9,"A1124,A1133,A1116,A1117,A1118,A1119,A1120,A1121,A1122,A1123,A1139,A1134,A1135,A1136,A1137,A1138","A1118,A1119,A1120,A1121,A1135,A1136,A1137",AGUA/GAA
346349,8IPA,"A1124,A1133,A1116,A1117,A1118,A1119,A1120,A1121,A1122,A1123,A1139,A1134,A1135,A1136,A1137,A1138","A1118,A1119,A1120,A1121,A1135,A1136,A1137",AGUA/GAA
346474,8IPB,"A1124,A1133,A1116,A1117,A1118,A1119,A1120,A1121,A1122,A1123,A1139,A1134,A1135,A1136,A1137,A1138","A1118,A1119,A1120,A1121,A1135,A1136,A1137",AGUA/GAA
346598,8IPX,"A81,A102,A96,A97,A98,A99,A100,A101,A88,A82,A83,A84,A85,A86,A87","A84,A85,A86,A87,A97,A98,A99",AGUA/GAA
346869,8IPY,"B81,B102,B96,B97,B98,B99,B100,B101,B88,B82,B83,B84,B85,B86,B87","B84,B85,B86,B87,B97,B98,B99",AGUA/GAA
346964,8J1Z,"a1269,a2011,a2012,a2013,a2014,a2015,a2016,a2017,a1262,a1263,a1264,a1265,a1266,a1267,a1268","a1265,a1266,a1267,a1268,a2012,a2013,a2014",AGUA/GAA
346998,8J1Z,"a245,a253,a254,a255,a256,a257,a258,a239,a240,a241,a242,a243,a244","a241,a242,a243,a244,a254,a255,a256",AGUA/GAA
347010,8J1Z,"a188,a208,a201,a202,a203,a204,a205,a206,a207,a189,a190,a191,a192,a193,a194","a204,a205,a206,a207,a189,a190,a191",AGUA/GAA
347200,8JDJ,"E78,E98,E99,E100,E101,E102,E103,E104,E71,E72,E73,E74,E75,E76,E77","E74,E75,E76,E77,E99,E100,E101",AGUA/GAA
347246,8JDJ,"D81,D102,D82,D83,D84,D85,D86,D87,D88,D96,D97,D98,D99,D100,D101","D84,D85,D86,D87,D97,D98,D99",AGUA/GAA
347257,8JDJ,"D4603,D4608,D4596,D4597,D4598,D4599,D4600,D4601,D4602,D4609,D4610,D4611,D4612,D4613,D4614","D4599,D4600,D4601,D4602,D4609,D4610,D4611",AGUA/GAA
347404,8JDK,"E78,E98,E99,E100,E101,E102,E103,E104,E71,E72,E73,E74,E75,E76,E77","E74,E75,E76,E77,E99,E100,E101",AGUA/GAA
347453,8JDK,"D81,D102,D82,D83,D84,D85,D86,D87,D88,D96,D97,D98,D99,D100,D101","D84,D85,D86,D87,D97,D98,D99",AGUA/GAA
347462,8JDK,"D4603,D4608,D4596,D4597,D4598,D4599,D4600,D4601,D4602,D4609,D4610,D4611,D4612,D4613,D4614","D4599,D4600,D4601,D4602,D4609,D4610,D4611",AGUA/GAA
347579,8JDL,"C4596,C4614,C4597,C4598,C4599,C4600,C4601,C4602,C4603,C4608,C4609,C4610,C4611,C4612,C4613","C4599,C4600,C4601,C4602,C4609,C4610,C4611",AGUA/GAA
347599,8JDL,"D78,D98,D99,D100,D101,D102,D103,D104,D71,D72,D73,D74,D75,D76,D77","D74,D75,D76,D77,D99,D100,D101",AGUA/GAA
347618,8JDL,"C81,C102,C96,C97,C98,C99,C100,C101,C88,C82,C83,C84,C85,C86,C87","C84,C85,C86,C87,C97,C98,C99",AGUA/GAA
347813,8JDM,"E78,E98,E99,E100,E101,E102,E103,E104,E71,E72,E73,E74,E75,E76,E77","E74,E75,E76,E77,E99,E100,E101",AGUA/GAA
347858,8JDM,"D81,D102,D82,D83,D84,D85,D86,D87,D88,D96,D97,D98,D99,D100,D101","D84,D85,D86,D87,D97,D98,D99",AGUA/GAA
348016,8JIV,"A80,A101,A81,A82,A83,A84,A85,A86,A87,A88,A94,A95,A96,A97,A98,A99,A100","A83,A84,A85,A86,A96,A97,A98",AGUA/GAA
348060,8JIV,"B70,B105,B71,B72,B73,B74,B75,B76,B77,B78,B98,B99,B100,B101,B102,B103,B104","B74,B75,B76,B77,B99,B100,B101",AGUA/GAA
348602,8K15,"C328,C369,C364,C365,C366,C367,C368,C335,C329,C330,C331,C332,C333,C334","C331,C332,C333,C334,C365,C366,C367",AGUA/GAA
348676,8K2A,"A69,A88,A70,A71,A72,A73,A74,A75,A83,A84,A85,A86,A87","A71,A72,A73,A74,A84,A85,A86",AGUA/GAA
348680,8K2A,"A636,A1010,A637,A638,A639,A640,A641,A642,A643,A1004,A1005,A1006,A1007,A1008,A1009","A639,A640,A641,A642,A1005,A1006,A1007",AGUA/GAA
348755,8K2B,"A69,A88,A70,A71,A72,A73,A74,A75,A83,A84,A85,A86,A87","A71,A72,A73,A74,A84,A85,A86",AGUA/GAA
348759,8K2B,"A636,A1010,A637,A638,A639,A640,A641,A642,A643,A1004,A1005,A1006,A1007,A1008,A1009","A639,A640,A641,A642,A1005,A1006,A1007",AGUA/GAA
348860,8K2C,"B78,B98,B99,B100,B101,B102,B103,B104,B71,B72,B73,B74,B75,B76,B77","B74,B75,B76,B77,B99,B100,B101",AGUA/GAA
348930,8K2C,"B71,B104,B98,B99,B100,B101,B102,B103,B78,B72,B73,B74,B75,B76,B77","B74,B75,B76,B77,B99,B100,B101",AGUA/GAA
348949,8K2C,"A81,A102,A96,A97,A98,A99,A100,A101,A88,A82,A83,A84,A85,A86,A87","A84,A85,A86,A87,A97,A98,A99",AGUA/GAA
349093,8K2D,"A1119,A1128,A1129,A1130,A1131,A1132,A1133,A1134,A1111,A1112,A1113,A1114,A1115,A1116,A1117,A1118","A1113,A1114,A1115,A1116,A1130,A1131,A1132",AGUA/GAA
349274,8K2D,"B82,B103,B97,B98,B99,B100,B101,B102,B83,B84,B85,B86,B87,B88,B89","B85,B86,B87,B88,B98,B99,B100",AGUA/GAA
349600,8K82,"A1119,A1128,A1129,A1130,A1131,A1132,A1133,A1134,A1111,A1112,A1113,A1114,A1115,A1116,A1117,A1118","A1113,A1114,A1115,A1116,A1130,A1131,A1132",AGUA/GAA
349781,8K82,"D82,D103,D83,D84,D85,D86,D87,D88,D89,D97,D98,D99,D100,D101,D102","D85,D86,D87,D88,D98,D99,D100",AGUA/GAA
349782,8K82,"D89,D97,D82,D83,D84,D85,D86,D87,D88,D103,D98,D99,D100,D101,D102","D85,D86,D87,D88,D98,D99,D100",AGUA/GAA
349883,8KAB,"B238,B259,B253,B254,B255,B256,B257,B258,B245,B239,B240,B241,B242,B243,B244","B241,B242,B243,B244,B254,B255,B256",AGUA/GAA
349939,8KAB,"B1377,B2241,B1378,B1379,B1380,B1381,B1382,B1383,B1384,B2235,B2236,B2237,B2238,B2239,B2240","B1380,B1381,B1382,B1383,B2236,B2237,B2238",AGUA/GAA
350219,8OGJ,"A1444,A2330,A2331,A2332,A2333,A2334,A2335,A1438,A1439,A1440,A1441,A1442,A1443","A1440,A1441,A1442,A1443,A2331,A2332,A2333",AGUA/GAA
350249,8OGJ,"A87,A93,A79,A80,A81,A82,A83,A84,A85,A86,A94,A95,A96,A97,A98,A99,A100","A82,A83,A84,A85,A95,A96,A97",AGUA/GAA
350299,8OGJ,"B72,B106,B73,B74,B75,B76,B77,B78,B79,B80,B100,B101,B102,B103,B104,B105","B76,B77,B78,B79,B101,B102,B103",AGUA/GAA
350477,8OH6,"A87,A93,A79,A80,A81,A82,A83,A84,A85,A86,A94,A95,A96,A97,A98,A99,A100","A82,A83,A84,A85,A95,A96,A97",AGUA/GAA
350532,8OH6,"B72,B106,B73,B74,B75,B76,B77,B78,B79,B80,B100,B101,B102,B103,B104,B105","B76,B77,B78,B79,B101,B102,B103",AGUA/GAA
350900,8OI5,"A1444,A2330,A2331,A2332,A2333,A2334,A2335,A1438,A1439,A1440,A1441,A1442,A1443","A1440,A1441,A1442,A1443,A2331,A2332,A2333",AGUA/GAA
350929,8OI5,"A87,A93,A79,A80,A81,A82,A83,A84,A85,A86,A94,A95,A96,A97,A98,A99,A100","A82,A83,A84,A85,A95,A96,A97",AGUA/GAA
350979,8OI5,"B72,B106,B73,B74,B75,B76,B77,B78,B79,B80,B100,B101,B102,B103,B104,B105","B76,B77,B78,B79,B101,B102,B103",AGUA/GAA
351816,8OJ3,"A1444,A2330,A2331,A2332,A2333,A2334,A2335,A1438,A1439,A1440,A1441,A1442,A1443","A1440,A1441,A1442,A1443,A2331,A2332,A2333",AGUA/GAA
351847,8OJ3,"A87,A93,A79,A80,A81,A82,A83,A84,A85,A86,A94,A95,A96,A97,A98,A99,A100","A82,A83,A84,A85,A95,A96,A97",AGUA/GAA
352020,8OJ5,"A81,A102,A96,A97,A98,A99,A100,A101,A88,A82,A83,A84,A85,A86,A87","A84,A85,A86,A87,A97,A98,A99",AGUA/GAA
352055,8OJ5,"B78,B98,B99,B100,B101,B102,B103,B104,B71,B72,B73,B74,B75,B76,B77","B74,B75,B76,B77,B99,B100,B101",AGUA/GAA
352144,8OJ5,"B71,B104,B98,B99,B100,B101,B102,B103,B78,B72,B73,B74,B75,B76,B77","B74,B75,B76,B77,B99,B100,B101",AGUA/GAA
353228,8OVE,"F78,F98,F71,F72,F73,F74,F75,F76,F77,F99,F100,F101,F102,F103,F104","F74,F75,F76,F77,F99,F100,F101",AGUA/GAA
353581,8OVJ,"G82,G102,G75,G76,G77,G78,G79,G80,G81,G108,G103,G104,G105,G106,G107","G78,G79,G80,G81,G103,G104,G105",AGUA/GAA
353721,8P16,"X245,X253,X254,X255,X256,X257,X258,X239,X240,X241,X242,X243,X244","X241,X242,X243,X244,X254,X255,X256",AGUA/GAA
353831,8P16,"X1269,X2011,X1262,X1263,X1264,X1265,X1266,X1267,X1268,X2012,X2013,X2014,X2015,X2016,X2017","X1265,X1266,X1267,X1268,X2012,X2013,X2014",AGUA/GAA
353833,8P16,"X188,X208,X201,X202,X203,X204,X205,X206,X207,X194,X189,X190,X191,X192,X193","X204,X205,X206,X207,X189,X190,X191",AGUA/GAA
354020,8P17,"X245,X253,X254,X255,X256,X257,X258,X239,X240,X241,X242,X243,X244","X241,X242,X243,X244,X254,X255,X256",AGUA/GAA
354129,8P17,"X1269,X2011,X1262,X1263,X1264,X1265,X1266,X1267,X1268,X2012,X2013,X2014,X2015,X2016,X2017","X1265,X1266,X1267,X1268,X2012,X2013,X2014",AGUA/GAA
354131,8P17,"X188,X208,X201,X202,X203,X204,X205,X206,X207,X194,X189,X190,X191,X192,X193","X204,X205,X206,X207,X189,X190,X191",AGUA/GAA
354317,8P18,"X245,X253,X254,X255,X256,X257,X258,X239,X240,X241,X242,X243,X244","X241,X242,X243,X244,X254,X255,X256",AGUA/GAA
354427,8P18,"X1269,X2011,X1262,X1263,X1264,X1265,X1266,X1267,X1268,X2012,X2013,X2014,X2015,X2016,X2017","X1265,X1266,X1267,X1268,X2012,X2013,X2014",AGUA/GAA
354429,8P18,"X188,X208,X201,X202,X203,X204,X205,X206,X207,X194,X189,X190,X191,X192,X193","X204,X205,X206,X207,X189,X190,X191",AGUA/GAA
354541,8P2F,"J248,J256,J241,J242,J243,J244,J245,J246,J247,J262,J257,J258,J259,J260,J261","J244,J245,J246,J247,J257,J258,J259",AGUA/GAA
354542,8P2F,"J248,J256,J257,J258,J259,J260,J261,J262,J241,J242,J243,J244,J245,J246,J247","J244,J245,J246,J247,J257,J258,J259",AGUA/GAA
354567,8P2F,"J1300,J2044,J1301,J1302,J1303,J1304,J1305,J1306,J1307,J1308,J2037,J2038,J2039,J2040,J2041,J2042,J2043","J1303,J1304,J1305,J1306,J2039,J2040,J2041",AGUA/GAA
354608,8P2F,"J190,J212,J204,J205,J206,J207,J208,J209,J210,J211,J197,J191,J192,J193,J194,J195,J196","J207,J208,J209,J210,J192,J193,J194",AGUA/GAA
354740,8P2G,"A190,A212,A204,A205,A206,A207,A208,A209,A210,A211,A197,A191,A192,A193,A194,A195,A196","A207,A208,A209,A210,A192,A193,A194",AGUA/GAA
354741,8P2G,"A197,A204,A190,A191,A192,A193,A194,A195,A196,A205,A206,A207,A208,A209,A210,A211,A212","A207,A208,A209,A210,A192,A193,A194",AGUA/GAA
354811,8P2G,"A248,A256,A241,A242,A243,A244,A245,A246,A247,A262,A257,A258,A259,A260,A261","A244,A245,A246,A247,A257,A258,A259",AGUA/GAA
354815,8P2G,"A197,A204,A205,A206,A207,A208,A209,A210,A211,A212,A190,A191,A192,A193,A194,A195,A196","A207,A208,A209,A210,A192,A193,A194",AGUA/GAA
354912,8P2H,"A190,A212,A204,A205,A206,A207,A208,A209,A210,A211,A197,A191,A192,A193,A194,A195,A196","A207,A208,A209,A210,A192,A193,A194",AGUA/GAA
354913,8P2H,"A197,A204,A190,A191,A192,A193,A194,A195,A196,A205,A206,A207,A208,A209,A210,A211,A212","A207,A208,A209,A210,A192,A193,A194",AGUA/GAA
354985,8P2H,"A248,A256,A241,A242,A243,A244,A245,A246,A247,A262,A257,A258,A259,A260,A261","A244,A245,A246,A247,A257,A258,A259",AGUA/GAA
354989,8P2H,"A197,A204,A205,A206,A207,A208,A209,A210,A211,A212,A190,A191,A192,A193,A194,A195,A196","A207,A208,A209,A210,A192,A193,A194",AGUA/GAA
354995,8P2H,"A1300,A2044,A2037,A2038,A2039,A2040,A2041,A2042,A2043,A1301,A1302,A1303,A1304,A1305,A1306,A1307,A1308","A1303,A1304,A1305,A1306,A2039,A2040,A2041",AGUA/GAA
354996,8P2H,"A1308,A2037,A2038,A2039,A2040,A2041,A2042,A2043,A2044,A1300,A1301,A1302,A1303,A1304,A1305,A1306,A1307","A1303,A1304,A1305,A1306,A2039,A2040,A2041",AGUA/GAA
355401,8P4V,"A1450,A2354,A2355,A2356,A2357,A2358,A2359,A1444,A1445,A1446,A1447,A1448,A1449","A1446,A1447,A1448,A1449,A2355,A2356,A2357",AGUA/GAA
355437,8P4V,"A3025,A3030,A3018,A3019,A3020,A3021,A3022,A3023,A3024,A3031,A3032,A3033,A3034,A3035,A3036","A3021,A3022,A3023,A3024,A3031,A3032,A3033",AGUA/GAA
355456,8P4V,"B72,B106,B73,B74,B75,B76,B77,B78,B79,B80,B100,B101,B102,B103,B104,B105","B76,B77,B78,B79,B101,B102,B103",AGUA/GAA
355465,8P4V,"A82,A103,A83,A84,A85,A86,A87,A88,A89,A97,A98,A99,A100,A101,A102","A85,A86,A87,A88,A98,A99,A100",AGUA/GAA
355481,8P4V,"A82,A103,A97,A98,A99,A100,A101,A102,A89,A83,A84,A85,A86,A87,A88","A85,A86,A87,A88,A98,A99,A100",AGUA/GAA
355530,8P5D,"A174,A195,A175,A176,A177,A178,A179,A180,A181,A182,A188,A189,A190,A191,A192,A193,A194","A177,A178,A179,A180,A190,A191,A192",AGUA/GAA
355568,8P5D,"B78,B98,B99,B100,B101,B102,B103,B104,B71,B72,B73,B74,B75,B76,B77","B74,B75,B76,B77,B99,B100,B101",AGUA/GAA
355576,8P5D,"A1118,A1790,A1791,A1792,A1793,A1794,A1795,A1112,A1113,A1114,A1115,A1116,A1117","A1114,A1115,A1116,A1117,A1791,A1792,A1793",AGUA/GAA
355624,8P5D,"B71,B104,B98,B99,B100,B101,B102,B103,B78,B72,B73,B74,B75,B76,B77","B74,B75,B76,B77,B99,B100,B101",AGUA/GAA
355680,8P60,"A174,A195,A175,A176,A177,A178,A179,A180,A181,A182,A188,A189,A190,A191,A192,A193,A194","A177,A178,A179,A180,A190,A191,A192",AGUA/GAA
355689,8P60,"B78,B98,B99,B100,B101,B102,B103,B104,B71,B72,B73,B74,B75,B76,B77","B74,B75,B76,B77,B99,B100,B101",AGUA/GAA
355737,8P60,"B71,B104,B98,B99,B100,B101,B102,B103,B78,B72,B73,B74,B75,B76,B77","B74,B75,B76,B77,B99,B100,B101",AGUA/GAA
355761,8P60,"A1118,A1790,A1791,A1792,A1793,A1794,A1795,A1112,A1113,A1114,A1115,A1116,A1117","A1114,A1115,A1116,A1117,A1791,A1792,A1793",AGUA/GAA
356313,8P7Y,"D1555,D1575,D1568,D1569,D1570,D1571,D1572,D1573,D1574,D1561,D1556,D1557,D1558,D1559,D1560","D1570,D1571,D1572,D1573,D1557,D1558,D1559",AGUA/GAA
356553,8P8M,"A82,A103,A97,A98,A99,A100,A101,A102,A89,A83,A84,A85,A86,A87,A88","A85,A86,A87,A88,A98,A99,A100",AGUA/GAA
356554,8P8M,"A82,A103,A83,A84,A85,A86,A87,A88,A89,A97,A98,A99,A100,A101,A102","A85,A86,A87,A88,A98,A99,A100",AGUA/GAA
356721,8P8N,"E82,E103,E83,E84,E85,E86,E87,E88,E89,E97,E98,E99,E100,E101,E102","E85,E86,E87,E88,E98,E99,E100",AGUA/GAA
356807,8P8N,"E1444,E2359,E1445,E1446,E1447,E1448,E1449,E1450,E2354,E2355,E2356,E2357,E2358","E1446,E1447,E1448,E1449,E2355,E2356,E2357",AGUA/GAA
356933,8P8U,"E82,E103,E83,E84,E85,E86,E87,E88,E89,E97,E98,E99,E100,E101,E102","E85,E86,E87,E88,E98,E99,E100",AGUA/GAA
356953,8P8U,"E3025,E3030,E3018,E3019,E3020,E3021,E3022,E3023,E3024,E3036,E3031,E3032,E3033,E3034,E3035","E3021,E3022,E3023,E3024,E3031,E3032,E3033",AGUA/GAA
357018,8P8U,"E1444,E2359,E1445,E1446,E1447,E1448,E1449,E1450,E2354,E2355,E2356,E2357,E2358","E1446,E1447,E1448,E1449,E2355,E2356,E2357",AGUA/GAA
357250,8P8V,"D1555,D1575,D1568,D1569,D1570,D1571,D1572,D1573,D1574,D1561,D1556,D1557,D1558,D1559,D1560","D1570,D1571,D1572,D1573,D1557,D1558,D1559",AGUA/GAA
357545,8P8W,"D1555,D1575,D1568,D1569,D1570,D1571,D1572,D1573,D1574,D1561,D1556,D1557,D1558,D1559,D1560","D1570,D1571,D1572,D1573,D1557,D1558,D1559",AGUA/GAA
357723,8P9A,"A2778,A2783,A2771,A2772,A2773,A2774,A2775,A2776,A2777,A2784,A2785,A2786,A2787,A2788,A2789","A2774,A2775,A2776,A2777,A2784,A2785,A2786",AGUA/GAA
357790,8P9A,"A87,A95,A80,A81,A82,A83,A84,A85,A86,A96,A97,A98,A99,A100,A101","A83,A84,A85,A86,A96,A97,A98",AGUA/GAA
357791,8P9A,"A87,A95,A80,A81,A82,A83,A84,A85,A86,A101,A96,A97,A98,A99,A100","A83,A84,A85,A86,A96,A97,A98",AGUA/GAA
357801,8P9A,"A1395,A2162,A2163,A2164,A2165,A2166,A2167,A1389,A1390,A1391,A1392,A1393,A1394","A1391,A1392,A1393,A1394,A2163,A2164,A2165",AGUA/GAA
357814,8P9A,"B72,B106,B73,B74,B75,B76,B77,B78,B79,B80,B100,B101,B102,B103,B104,B105","B76,B77,B78,B79,B101,B102,B103",AGUA/GAA
357971,8PEG,"H194,H201,H202,H203,H204,H205,H206,H207,H208,H188,H189,H190,H191,H192,H193","H204,H205,H206,H207,H189,H190,H191",AGUA/GAA
357997,8PEG,"H1262,H2017,H1263,H1264,H1265,H1266,H1267,H1268,H1269,H2011,H2012,H2013,H2014,H2015,H2016","H1265,H1266,H1267,H1268,H2012,H2013,H2014",AGUA/GAA
357998,8PEG,"H1269,H2011,H1262,H1263,H1264,H1265,H1266,H1267,H1268,H2017,H2012,H2013,H2014,H2015,H2016","H1265,H1266,H1267,H1268,H2012,H2013,H2014",AGUA/GAA
358276,8PFR,"A82,A103,A97,A98,A99,A100,A101,A102,A89,A83,A84,A85,A86,A87,A88","A85,A86,A87,A88,A98,A99,A100",AGUA/GAA
358277,8PFR,"A82,A103,A83,A84,A85,A86,A87,A88,A89,A97,A98,A99,A100,A101,A102","A85,A86,A87,A88,A98,A99,A100",AGUA/GAA
358320,8PFR,"A1450,A2354,A2355,A2356,A2357,A2358,A2359,A1444,A1445,A1446,A1447,A1448,A1449","A1446,A1447,A1448,A1449,A2355,A2356,A2357",AGUA/GAA
358472,8PJ1,"J1168,J1191,J1169,J1170,J1171,J1172,J1173,J1174,J1175,J1176,J1185,J1186,J1187,J1188,J1189,J1190","J1170,J1171,J1172,J1173,J1187,J1188,J1189",AGUA/GAA
358585,8PJ2,"J1168,J1191,J1169,J1170,J1171,J1172,J1173,J1174,J1175,J1176,J1185,J1186,J1187,J1188,J1189,J1190","J1170,J1171,J1172,J1173,J1187,J1188,J1189",AGUA/GAA
358738,8PJ3,"K1176,K1185,K1168,K1169,K1170,K1171,K1172,K1173,K1174,K1175,K1191,K1186,K1187,K1188,K1189,K1190","K1170,K1171,K1172,K1173,K1187,K1188,K1189",AGUA/GAA
358849,8PJ4,"K1176,K1185,K1168,K1169,K1170,K1171,K1172,K1173,K1174,K1175,K1191,K1186,K1187,K1188,K1189,K1190","K1170,K1171,K1172,K1173,K1187,K1188,K1189",AGUA/GAA
358960,8PJ5,"K1176,K1185,K1168,K1169,K1170,K1171,K1172,K1173,K1174,K1175,K1191,K1186,K1187,K1188,K1189,K1190","K1170,K1171,K1172,K1173,K1187,K1188,K1189",AGUA/GAA
359061,8PJ6,"J1168,J1191,J1169,J1170,J1171,J1172,J1173,J1174,J1175,J1186,J1187,J1188,J1189,J1190","J1170,J1171,J1172,J1173,J1187,J1188,J1189",AGUA/GAA
359133,8PK0,"Y636,Y1041,Y1035,Y1036,Y1037,Y1038,Y1039,Y1040,Y643,Y637,Y638,Y639,Y640,Y641,Y642","Y639,Y640,Y641,Y642,Y1036,Y1037,Y1038",AGUA/GAA
359299,8PKL,"H194,H201,H202,H203,H204,H205,H206,H207,H208,H188,H189,H190,H191,H192,H193","H204,H205,H206,H207,H189,H190,H191",AGUA/GAA
359683,8PV1,"A83,A104,A98,A99,A100,A101,A102,A103,A90,A84,A85,A86,A87,A88,A89","A86,A87,A88,A89,A99,A100,A101",AGUA/GAA
359684,8PV1,"D79,D99,D100,D101,D102,D103,D104,D105,D72,D73,D74,D75,D76,D77,D78","D75,D76,D77,D78,D100,D101,D102",AGUA/GAA
359735,8PV1,"A2983,A2988,A2976,A2977,A2978,A2979,A2980,A2981,A2982,A2989,A2990,A2991,A2992,A2993,A2994","A2979,A2980,A2981,A2982,A2989,A2990,A2991",AGUA/GAA
359835,8PV2,"C72,C105,C73,C74,C75,C76,C77,C78,C79,C99,C100,C101,C102,C103,C104","C75,C76,C77,C78,C100,C101,C102",AGUA/GAA
359887,8PV2,"A83,A104,A98,A99,A100,A101,A102,A103,A90,A84,A85,A86,A87,A88,A89","A86,A87,A88,A89,A99,A100,A101",AGUA/GAA
359938,8PV2,"A2983,A2988,A2976,A2977,A2978,A2979,A2980,A2981,A2982,A2989,A2990,A2991,A2992,A2993,A2994","A2979,A2980,A2981,A2982,A2989,A2990,A2991",AGUA/GAA
360091,8PV3,"A83,A104,A98,A99,A100,A101,A102,A103,A90,A84,A85,A86,A87,A88,A89","A86,A87,A88,A89,A99,A100,A101",AGUA/GAA
360092,8PV3,"D79,D99,D100,D101,D102,D103,D104,D105,D72,D73,D74,D75,D76,D77,D78","D75,D76,D77,D78,D100,D101,D102",AGUA/GAA
360139,8PV3,"A2983,A2988,A2976,A2977,A2978,A2979,A2980,A2981,A2982,A2989,A2990,A2991,A2992,A2993,A2994","A2979,A2980,A2981,A2982,A2989,A2990,A2991",AGUA/GAA
360294,8PV4,"A83,A104,A98,A99,A100,A101,A102,A103,A90,A84,A85,A86,A87,A88,A89","A86,A87,A88,A89,A99,A100,A101",AGUA/GAA
360295,8PV4,"D79,D99,D100,D101,D102,D103,D104,D105,D72,D73,D74,D75,D76,D77,D78","D75,D76,D77,D78,D100,D101,D102",AGUA/GAA
360443,8PV5,"C72,C105,C73,C74,C75,C76,C77,C78,C79,C99,C100,C101,C102,C103,C104","C75,C76,C77,C78,C100,C101,C102",AGUA/GAA
360491,8PV5,"A83,A104,A98,A99,A100,A101,A102,A103,A90,A84,A85,A86,A87,A88,A89","A86,A87,A88,A89,A99,A100,A101",AGUA/GAA
360543,8PV5,"A2983,A2988,A2976,A2977,A2978,A2979,A2980,A2981,A2982,A2989,A2990,A2991,A2992,A2993,A2994","A2979,A2980,A2981,A2982,A2989,A2990,A2991",AGUA/GAA
360693,8PV6,"A83,A104,A98,A99,A100,A101,A102,A103,A90,A84,A85,A86,A87,A88,A89","A86,A87,A88,A89,A99,A100,A101",AGUA/GAA
360746,8PV6,"A2983,A2988,A2976,A2977,A2978,A2979,A2980,A2981,A2982,A2989,A2990,A2991,A2992,A2993,A2994","A2979,A2980,A2981,A2982,A2989,A2990,A2991",AGUA/GAA
360906,8PV7,"A83,A104,A98,A99,A100,A101,A102,A103,A90,A84,A85,A86,A87,A88,A89","A86,A87,A88,A89,A99,A100,A101",AGUA/GAA
360907,8PV7,"D79,D99,D100,D101,D102,D103,D104,D105,D72,D73,D74,D75,D76,D77,D78","D75,D76,D77,D78,D100,D101,D102",AGUA/GAA
360957,8PV7,"A2983,A2988,A2976,A2977,A2978,A2979,A2980,A2981,A2982,A2989,A2990,A2991,A2992,A2993,A2994","A2979,A2980,A2981,A2982,A2989,A2990,A2991",AGUA/GAA
361102,8PV8,"A83,A104,A98,A99,A100,A101,A102,A103,A90,A84,A85,A86,A87,A88,A89","A86,A87,A88,A89,A99,A100,A101",AGUA/GAA
361154,8PV8,"A2983,A2988,A2976,A2977,A2978,A2979,A2980,A2981,A2982,A2989,A2990,A2991,A2992,A2993,A2994","A2979,A2980,A2981,A2982,A2989,A2990,A2991",AGUA/GAA
361313,8PVK,"A83,A104,A98,A99,A100,A101,A102,A103,A90,A84,A85,A86,A87,A88,A89","A86,A87,A88,A89,A99,A100,A101",AGUA/GAA
361314,8PVK,"D79,D99,D100,D101,D102,D103,D104,D105,D72,D73,D74,D75,D76,D77,D78","D75,D76,D77,D78,D100,D101,D102",AGUA/GAA
361366,8PVK,"A2983,A2988,A2976,A2977,A2978,A2979,A2980,A2981,A2982,A2989,A2990,A2991,A2992,A2993,A2994","A2979,A2980,A2981,A2982,A2989,A2990,A2991",AGUA/GAA
361522,8PVL,"A83,A104,A98,A99,A100,A101,A102,A103,A90,A84,A85,A86,A87,A88,A89","A86,A87,A88,A89,A99,A100,A101",AGUA/GAA
361523,8PVL,"D79,D99,D100,D101,D102,D103,D104,D105,D72,D73,D74,D75,D76,D77,D78","D75,D76,D77,D78,D100,D101,D102",AGUA/GAA
361573,8PVL,"A2983,A2988,A2976,A2977,A2978,A2979,A2980,A2981,A2982,A2989,A2990,A2991,A2992,A2993,A2994","A2979,A2980,A2981,A2982,A2989,A2990,A2991",AGUA/GAA
361778,8Q5I,"B72,B106,B73,B74,B75,B76,B77,B78,B79,B80,B100,B101,B102,B103,B104,B105","B76,B77,B78,B79,B101,B102,B103",AGUA/GAA
361862,8Q5I,"A87,A93,A79,A80,A81,A82,A83,A84,A85,A86,A94,A95,A96,A97,A98,A99,A100","A82,A83,A84,A85,A95,A96,A97",AGUA/GAA
361865,8Q5I,"A2988,A3006,A3000,A3001,A3002,A3003,A3004,A3005,A2989,A2990,A2991,A2992,A2993,A2994,A2995","A2991,A2992,A2993,A2994,A3001,A3002,A3003",AGUA/GAA
361874,8Q5I,"A1444,A2330,A2331,A2332,A2333,A2334,A2335,A1438,A1439,A1440,A1441,A1442,A1443","A1440,A1441,A1442,A1443,A2331,A2332,A2333",AGUA/GAA
362022,8Q7Z,"A4046,A4051,A4039,A4040,A4041,A4042,A4043,A4044,A4045,A4052,A4053,A4054,A4055,A4056,A4057","A4042,A4043,A4044,A4045,A4052,A4053,A4054",AGUA/GAA
362069,8Q7Z,"A81,A102,A96,A97,A98,A99,A100,A101,A88,A82,A83,A84,A85,A86,A87","A84,A85,A86,A87,A97,A98,A99",AGUA/GAA
362071,8Q7Z,"C78,C98,C71,C72,C73,C74,C75,C76,C77,C104,C99,C100,C101,C102,C103","C74,C75,C76,C77,C99,C100,C101",AGUA/GAA
362228,8Q87,"A4046,A4051,A4039,A4040,A4041,A4042,A4043,A4044,A4045,A4052,A4053,A4054,A4055,A4056,A4057","A4042,A4043,A4044,A4045,A4052,A4053,A4054",AGUA/GAA
362280,8Q87,"A81,A102,A96,A97,A98,A99,A100,A101,A88,A82,A83,A84,A85,A86,A87","A84,A85,A86,A87,A97,A98,A99",AGUA/GAA
362282,8Q87,"C78,C98,C71,C72,C73,C74,C75,C76,C77,C104,C99,C100,C101,C102,C103","C74,C75,C76,C77,C99,C100,C101",AGUA/GAA
362428,8QBT,"A194,A201,A202,A203,A204,A205,A206,A207,A208,A188,A189,A190,A191,A192,A193","A204,A205,A206,A207,A189,A190,A191",AGUA/GAA
362440,8QBT,"A1269,A2011,A2012,A2013,A2014,A2015,A2016,A2017,A1262,A1263,A1264,A1265,A1266,A1267,A1268","A1265,A1266,A1267,A1268,A2012,A2013,A2014",AGUA/GAA
362492,8QBT,"A245,A253,A239,A240,A241,A242,A243,A244,A258,A254,A255,A256,A257","A241,A242,A243,A244,A254,A255,A256",AGUA/GAA
362493,8QBT,"A239,A258,A240,A241,A242,A243,A244,A245,A253,A254,A255,A256,A257","A241,A242,A243,A244,A254,A255,A256",AGUA/GAA
362608,8QCQ,"G248,G256,G241,G242,G243,G244,G245,G246,G247,G262,G257,G258,G259,G260,G261","G244,G245,G246,G247,G257,G258,G259",AGUA/GAA
362673,8QCQ,"G1310,G2039,G1302,G1303,G1304,G1305,G1306,G1307,G1308,G1309,G2040,G2041,G2042,G2043,G2044,G2045,G2046","G1305,G1306,G1307,G1308,G2041,G2042,G2043",AGUA/GAA
362801,8QFD,"A81,A102,A96,A97,A98,A99,A100,A101,A88,A82,A83,A84,A85,A86,A87","A84,A85,A86,A87,A97,A98,A99",AGUA/GAA
362831,8QFD,"B78,B98,B99,B100,B101,B102,B103,B104,B71,B72,B73,B74,B75,B76,B77","B74,B75,B76,B77,B99,B100,B101",AGUA/GAA
362852,8QFD,"A4596,A4614,A4608,A4609,A4610,A4611,A4612,A4613,A4597,A4598,A4599,A4600,A4601,A4602,A4603","A4599,A4600,A4601,A4602,A4609,A4610,A4611",AGUA/GAA
362913,8QFD,"B71,B104,B98,B99,B100,B101,B102,B103,B78,B72,B73,B74,B75,B76,B77","B74,B75,B76,B77,B99,B100,B101",AGUA/GAA
363046,8QIE,"H75,H108,H76,H77,H78,H79,H80,H81,H82,H102,H103,H104,H105,H106,H107","H78,H79,H80,H81,H103,H104,H105",AGUA/GAA
363047,8QIE,"H75,H108,H102,H103,H104,H105,H106,H107,H82,H76,H77,H78,H79,H80,H81","H78,H79,H80,H81,H103,H104,H105",AGUA/GAA
363256,8QK7,"X245,X253,X254,X255,X256,X257,X258,X239,X240,X241,X242,X243,X244","X241,X242,X243,X244,X254,X255,X256",AGUA/GAA
363366,8QK7,"X1269,X2011,X1262,X1263,X1264,X1265,X1266,X1267,X1268,X2012,X2013,X2014,X2015,X2016,X2017","X1265,X1266,X1267,X1268,X2012,X2013,X2014",AGUA/GAA
363368,8QK7,"X188,X208,X201,X202,X203,X204,X205,X206,X207,X194,X189,X190,X191,X192,X193","X204,X205,X206,X207,X189,X190,X191",AGUA/GAA
363568,8QOI,"B78,B98,B99,B100,B101,B102,B103,B104,B71,B72,B73,B74,B75,B76,B77","B74,B75,B76,B77,B99,B100,B101",AGUA/GAA
363621,8QOI,"B71,B104,B98,B99,B100,B101,B102,B103,B78,B72,B73,B74,B75,B76,B77","B74,B75,B76,B77,B99,B100,B101",AGUA/GAA
363635,8QOI,"A81,A102,A96,A97,A98,A99,A100,A101,A88,A82,A83,A84,A85,A86,A87","A84,A85,A86,A87,A97,A98,A99",AGUA/GAA
363744,8QRK,"A1434,A1456,A1429,A1430,A1431,A1432,A1433,A1460,A1457,A1458,A1459","A1430,A1431,A1432,A1433,A1457,A1458,A1459",AGUA/GAA
363799,8QRL,"A1434,A1456,A1429,A1430,A1431,A1432,A1433,A1460,A1457,A1458,A1459","A1430,A1431,A1432,A1433,A1457,A1458,A1459",AGUA/GAA
363855,8QRM,"A1434,A1456,A1429,A1430,A1431,A1432,A1433,A1460,A1457,A1458,A1459","A1430,A1431,A1432,A1433,A1457,A1458,A1459",AGUA/GAA
363908,8QRN,"A1434,A1456,A1429,A1430,A1431,A1432,A1433,A1460,A1457,A1458,A1459","A1430,A1431,A1432,A1433,A1457,A1458,A1459",AGUA/GAA
363942,8QSJ,"K69,K88,K83,K84,K85,K86,K87,K70,K71,K72,K73,K74,K75","K71,K72,K73,K74,K84,K85,K86",AGUA/GAA
363943,8QSJ,"K75,K83,K84,K85,K86,K87,K88,K69,K70,K71,K72,K73,K74","K71,K72,K73,K74,K84,K85,K86",AGUA/GAA
363976,8QSJ,"K643,K1004,K636,K637,K638,K639,K640,K641,K642,K1010,K1005,K1006,K1007,K1008,K1009","K639,K640,K641,K642,K1005,K1006,K1007",AGUA/GAA
364014,8QU1,"A1739,A1758,A1740,A1741,A1742,A1743,A1744,A1745,A1753,A1754,A1755,A1756,A1757","A1741,A1742,A1743,A1744,A1754,A1755,A1756",AGUA/GAA
364030,8QU1,"A2306,A2680,A2307,A2308,A2309,A2310,A2311,A2312,A2313,A2674,A2675,A2676,A2677,A2678,A2679","A2309,A2310,A2311,A2312,A2675,A2676,A2677",AGUA/GAA
364060,8QU5,"A1739,A1758,A1740,A1741,A1742,A1743,A1744,A1745,A1753,A1754,A1755,A1756,A1757","A1741,A1742,A1743,A1744,A1754,A1755,A1756",AGUA/GAA
365141,8RCL,"F194,F201,F202,F203,F204,F205,F206,F207,F208,F188,F189,F190,F191,F192,F193","F204,F205,F206,F207,F189,F190,F191",AGUA/GAA
365195,8RCL,"F194,F201,F188,F189,F190,F191,F192,F193,F202,F203,F204,F205,F206,F207,F208","F204,F205,F206,F207,F189,F190,F191",AGUA/GAA
365526,8RCM,"F194,F201,F202,F203,F204,F205,F206,F207,F208,F188,F189,F190,F191,F192,F193","F204,F205,F206,F207,F189,F190,F191",AGUA/GAA
365582,8RCM,"F194,F201,F188,F189,F190,F191,F192,F193,F202,F203,F204,F205,F206,F207,F208","F204,F205,F206,F207,F189,F190,F191",AGUA/GAA
366477,8RD8,"E242,E250,E236,E237,E238,E239,E240,E241,E255,E251,E252,E253,E254","E238,E239,E240,E241,E251,E252,E253",AGUA/GAA
366551,8RD8,"E191,E198,E199,E200,E201,E202,E203,E204,E205,E185,E186,E187,E188,E189,E190","E201,E202,E203,E204,E186,E187,E188",AGUA/GAA
366630,8RD8,"E1253,E1997,E1998,E1999,E2000,E2001,E2002,E2003,E1246,E1247,E1248,E1249,E1250,E1251,E1252","E1249,E1250,E1251,E1252,E1998,E1999,E2000",AGUA/GAA
366737,8RDV,"D1246,D2003,D1997,D1998,D1999,D2000,D2001,D2002,D1253,D1247,D1248,D1249,D1250,D1251,D1252","D1249,D1250,D1251,D1252,D1998,D1999,D2000",AGUA/GAA
366738,8RDV,"D191,D198,D199,D200,D201,D202,D203,D204,D205,D185,D186,D187,D188,D189,D190","D201,D202,D203,D204,D186,D187,D188",AGUA/GAA
366825,8RDV,"D242,D250,D251,D252,D253,D254,D255,D236,D237,D238,D239,D240,D241","D238,D239,D240,D241,D251,D252,D253",AGUA/GAA
366954,8RDW,"E242,E250,E236,E237,E238,E239,E240,E241,E255,E251,E252,E253,E254","E238,E239,E240,E241,E251,E252,E253",AGUA/GAA
367030,8RDW,"E191,E198,E199,E200,E201,E202,E203,E204,E205,E185,E186,E187,E188,E189,E190","E201,E202,E203,E204,E186,E187,E188",AGUA/GAA
367113,8RDW,"E1253,E1997,E1998,E1999,E2000,E2001,E2002,E2003,E1246,E1247,E1248,E1249,E1250,E1251,E1252","E1249,E1250,E1251,E1252,E1998,E1999,E2000",AGUA/GAA
367248,8RJB,"O81,O102,O96,O97,O98,O99,O100,O101,O82,O83,O84,O85,O86,O87,O88","O84,O85,O86,O87,O97,O98,O99",AGUA/GAA
367268,8RJB,"O3172,O3177,O3165,O3166,O3167,O3168,O3169,O3170,O3171,O3178,O3179,O3180,O3181,O3182,O3183","O3168,O3169,O3170,O3171,O3178,O3179,O3180",AGUA/GAA
367318,8RJB,"O1750,O2560,O1751,O1752,O1753,O1754,O1755,O1756,O2555,O2556,O2557,O2558,O2559","O1752,O1753,O1754,O1755,O2556,O2557,O2558",AGUA/GAA
367524,8RJC,"T3172,T3177,T3165,T3166,T3167,T3168,T3169,T3170,T3171,T3183,T3178,T3179,T3180,T3181,T3182","T3168,T3169,T3170,T3171,T3178,T3179,T3180",AGUA/GAA
367525,8RJC,"T3165,T3183,T3177,T3178,T3179,T3180,T3181,T3182,T3172,T3166,T3167,T3168,T3169,T3170,T3171","T3168,T3169,T3170,T3171,T3178,T3179,T3180",AGUA/GAA
367527,8RJC,"T1756,T2555,T2556,T2557,T2558,T2559,T2560,T1750,T1751,T1752,T1753,T1754,T1755","T1752,T1753,T1754,T1755,T2556,T2557,T2558",AGUA/GAA
367536,8RJC,"T81,T102,T82,T83,T84,T85,T86,T87,T88,T96,T97,T98,T99,T100,T101","T84,T85,T86,T87,T97,T98,T99",AGUA/GAA
367741,8RJD,"T3172,T3177,T3165,T3166,T3167,T3168,T3169,T3170,T3171,T3183,T3178,T3179,T3180,T3181,T3182","T3168,T3169,T3170,T3171,T3178,T3179,T3180",AGUA/GAA
367742,8RJD,"T3165,T3183,T3177,T3178,T3179,T3180,T3181,T3182,T3172,T3166,T3167,T3168,T3169,T3170,T3171","T3168,T3169,T3170,T3171,T3178,T3179,T3180",AGUA/GAA
367744,8RJD,"T1756,T2555,T2556,T2557,T2558,T2559,T2560,T1750,T1751,T1752,T1753,T1754,T1755","T1752,T1753,T1754,T1755,T2556,T2557,T2558",AGUA/GAA
367753,8RJD,"T81,T102,T82,T83,T84,T85,T86,T87,T88,T96,T97,T98,T99,T100,T101","T84,T85,T86,T87,T97,T98,T99",AGUA/GAA
367900,8RL2,"A81,A102,A96,A97,A98,A99,A100,A101,A88,A82,A83,A84,A85,A86,A87","A84,A85,A86,A87,A97,A98,A99",AGUA/GAA
367936,8RL2,"B78,B98,B99,B100,B101,B102,B103,B104,B71,B72,B73,B74,B75,B76,B77","B74,B75,B76,B77,B99,B100,B101",AGUA/GAA
368024,8RL2,"B71,B104,B98,B99,B100,B101,B102,B103,B78,B72,B73,B74,B75,B76,B77","B74,B75,B76,B77,B99,B100,B101",AGUA/GAA
368146,8RPY,"A194,A201,A202,A203,A204,A205,A206,A207,A208,A188,A189,A190,A191,A192,A193","A204,A205,A206,A207,A189,A190,A191",AGUA/GAA
368213,8RPY,"A245,A253,A239,A240,A241,A242,A243,A244,A258,A254,A255,A256,A257","A241,A242,A243,A244,A254,A255,A256",AGUA/GAA
368214,8RPY,"A239,A258,A240,A241,A242,A243,A244,A245,A253,A254,A255,A256,A257","A241,A242,A243,A244,A254,A255,A256",AGUA/GAA
368338,8RPZ,"A194,A201,A202,A203,A204,A205,A206,A207,A208,A188,A189,A190,A191,A192,A193","A204,A205,A206,A207,A189,A190,A191",AGUA/GAA
368351,8RPZ,"A1269,A2011,A2012,A2013,A2014,A2015,A2016,A2017,A1262,A1263,A1264,A1265,A1266,A1267,A1268","A1265,A1266,A1267,A1268,A2012,A2013,A2014",AGUA/GAA
368400,8RPZ,"A245,A253,A239,A240,A241,A242,A243,A244,A258,A254,A255,A256,A257","A241,A242,A243,A244,A254,A255,A256",AGUA/GAA
368401,8RPZ,"A239,A258,A240,A241,A242,A243,A244,A245,A253,A254,A255,A256,A257","A241,A242,A243,A244,A254,A255,A256",AGUA/GAA
368522,8RQ0,"A194,A201,A202,A203,A204,A205,A206,A207,A208,A188,A189,A190,A191,A192,A193","A204,A205,A206,A207,A189,A190,A191",AGUA/GAA
368535,8RQ0,"A1269,A2011,A2012,A2013,A2014,A2015,A2016,A2017,A1262,A1263,A1264,A1265,A1266,A1267,A1268","A1265,A1266,A1267,A1268,A2012,A2013,A2014",AGUA/GAA
368584,8RQ0,"A245,A253,A239,A240,A241,A242,A243,A244,A258,A254,A255,A256,A257","A241,A242,A243,A244,A254,A255,A256",AGUA/GAA
368585,8RQ0,"A239,A258,A240,A241,A242,A243,A244,A245,A253,A254,A255,A256,A257","A241,A242,A243,A244,A254,A255,A256",AGUA/GAA
368706,8RQ2,"A194,A201,A202,A203,A204,A205,A206,A207,A208,A188,A189,A190,A191,A192,A193","A204,A205,A206,A207,A189,A190,A191",AGUA/GAA
368719,8RQ2,"A1269,A2011,A2012,A2013,A2014,A2015,A2016,A2017,A1262,A1263,A1264,A1265,A1266,A1267,A1268","A1265,A1266,A1267,A1268,A2012,A2013,A2014",AGUA/GAA
368770,8RQ2,"A245,A253,A239,A240,A241,A242,A243,A244,A258,A254,A255,A256,A257","A241,A242,A243,A244,A254,A255,A256",AGUA/GAA
368771,8RQ2,"A239,A258,A240,A241,A242,A243,A244,A245,A253,A254,A255,A256,A257","A241,A242,A243,A244,A254,A255,A256",AGUA/GAA
369073,8RWG,"J193,J200,J187,J188,J189,J190,J191,J192,J207,J201,J202,J203,J204,J205,J206","J203,J204,J205,J206,J188,J189,J190",AGUA/GAA
369074,8RWG,"J244,J252,J253,J254,J255,J256,J257,J258,J237,J238,J239,J240,J241,J242,J243","J240,J241,J242,J243,J253,J254,J255",AGUA/GAA
369168,8RWG,"J1255,J1997,J1248,J1249,J1250,J1251,J1252,J1253,J1254,J2003,J1998,J1999,J2000,J2001,J2002","J1251,J1252,J1253,J1254,J1998,J1999,J2000",AGUA/GAA
369405,8RXH,"H75,H108,H76,H77,H78,H79,H80,H81,H82,H102,H103,H104,H105,H106,H107","H78,H79,H80,H81,H103,H104,H105",AGUA/GAA
369406,8RXH,"H75,H108,H102,H103,H104,H105,H106,H107,H82,H76,H77,H78,H79,H80,H81","H78,H79,H80,H81,H103,H104,H105",AGUA/GAA
369434,8RXH,"D53,D58,D46,D47,D48,D49,D50,D51,D52,D64,D59,D60,D61,D62,D63","D49,D50,D51,D52,D59,D60,D61",AGUA/GAA
369630,8RXX,"H75,H108,H76,H77,H78,H79,H80,H81,H82,H102,H103,H104,H105,H106,H107","H78,H79,H80,H81,H103,H104,H105",AGUA/GAA
369631,8RXX,"H75,H108,H102,H103,H104,H105,H106,H107,H82,H76,H77,H78,H79,H80,H81","H78,H79,H80,H81,H103,H104,H105",AGUA/GAA
369657,8RXX,"D53,D58,D46,D47,D48,D49,D50,D51,D52,D64,D59,D60,D61,D62,D63","D49,D50,D51,D52,D59,D60,D61",AGUA/GAA
369819,8S1P,"A197,A204,A191,A192,A193,A194,A195,A196,A211,A205,A206,A207,A208,A209,A210","A207,A208,A209,A210,A192,A193,A194",AGUA/GAA
369820,8S1P,"A191,A211,A192,A193,A194,A195,A196,A197,A204,A205,A206,A207,A208,A209,A210","A207,A208,A209,A210,A192,A193,A194",AGUA/GAA
369851,8S1P,"A248,A256,A241,A242,A243,A244,A245,A246,A247,A262,A257,A258,A259,A260,A261","A244,A245,A246,A247,A257,A258,A259",AGUA/GAA
369881,8S1P,"A1302,A2046,A1303,A1304,A1305,A1306,A1307,A1308,A1309,A1310,A2039,A2040,A2041,A2042,A2043,A2044,A2045","A1305,A1306,A1307,A1308,A2041,A2042,A2043",AGUA/GAA
369986,8S1U,"A197,A204,A191,A192,A193,A194,A195,A196,A211,A205,A206,A207,A208,A209,A210","A207,A208,A209,A210,A192,A193,A194",AGUA/GAA
369987,8S1U,"A191,A211,A192,A193,A194,A195,A196,A197,A204,A205,A206,A207,A208,A209,A210","A207,A208,A209,A210,A192,A193,A194",AGUA/GAA
370020,8S1U,"A248,A256,A241,A242,A243,A244,A245,A246,A247,A262,A257,A258,A259,A260,A261","A244,A245,A246,A247,A257,A258,A259",AGUA/GAA
370051,8S1U,"A1302,A2046,A1303,A1304,A1305,A1306,A1307,A1308,A1309,A1310,A2039,A2040,A2041,A2042,A2043,A2044,A2045","A1305,A1306,A1307,A1308,A2041,A2042,A2043",AGUA/GAA
391100,8SYL,"Z194,Z201,Z202,Z203,Z204,Z205,Z206,Z207,Z208,Z188,Z189,Z190,Z191,Z192,Z193","Z204,Z205,Z206,Z207,Z189,Z190,Z191",AGUA/GAA
391215,8SYL,"Z239,Z258,Z253,Z254,Z255,Z256,Z257,Z240,Z241,Z242,Z243,Z244,Z245","Z241,Z242,Z243,Z244,Z254,Z255,Z256",AGUA/GAA
391216,8SYL,"Z239,Z258,Z240,Z241,Z242,Z243,Z244,Z245,Z253,Z254,Z255,Z256,Z257","Z241,Z242,Z243,Z244,Z254,Z255,Z256",AGUA/GAA
391234,8SYL,"Z1262,Z2017,Z2011,Z2012,Z2013,Z2014,Z2015,Z2016,Z1269,Z1263,Z1264,Z1265,Z1266,Z1267,Z1268","Z1265,Z1266,Z1267,Z1268,Z2012,Z2013,Z2014",AGUA/GAA
391433,8T2T,"B343,B372,B336,B337,B338,B339,B340,B341,B342,B377,B373,B374,B375,B376","B339,B340,B341,B342,B373,B374,B375",AGUA/GAA
391491,8T5D,"G1262,G2017,G1263,G1264,G1265,G1266,G1267,G1268,G1269,G2011,G2012,G2013,G2014,G2015,G2016","G1265,G1266,G1267,G1268,G2012,G2013,G2014",AGUA/GAA
391679,8T5H,"G1262,G2017,G1263,G1264,G1265,G1266,G1267,G1268,G1269,G2011,G2012,G2013,G2014,G2015,G2016","G1265,G1266,G1267,G1268,G2012,G2013,G2014",AGUA/GAA
391794,8T5H,"G188,G208,G201,G202,G203,G204,G205,G206,G207,G194,G189,G190,G191,G192,G193","G204,G205,G206,G207,G189,G190,G191",AGUA/GAA
391880,8T8B,"A176,A196,A189,A190,A191,A192,A193,A194,A195,A182,A177,A178,A179,A180,A181","A192,A193,A194,A195,A177,A178,A179",AGUA/GAA
391890,8T8B,"A226,A247,A227,A228,A229,A230,A231,A232,A233,A241,A242,A243,A244,A245,A246","A229,A230,A231,A232,A242,A243,A244",AGUA/GAA
391951,8T8B,"A1314,A2032,A1307,A1308,A1309,A1310,A1311,A1312,A1313,A2038,A2033,A2034,A2035,A2036,A2037","A1310,A1311,A1312,A1313,A2033,A2034,A2035",AGUA/GAA
391952,8T8B,"A1307,A2038,A1308,A1309,A1310,A1311,A1312,A1313,A1314,A2032,A2033,A2034,A2035,A2036,A2037","A1310,A1311,A1312,A1313,A2033,A2034,A2035",AGUA/GAA
392054,8T8C,"A176,A196,A189,A190,A191,A192,A193,A194,A195,A182,A177,A178,A179,A180,A181","A192,A193,A194,A195,A177,A178,A179",AGUA/GAA
392064,8T8C,"A226,A247,A227,A228,A229,A230,A231,A232,A233,A241,A242,A243,A244,A245,A246","A229,A230,A231,A232,A242,A243,A244",AGUA/GAA
392122,8T8C,"A1314,A2032,A1307,A1308,A1309,A1310,A1311,A1312,A1313,A2038,A2033,A2034,A2035,A2036,A2037","A1310,A1311,A1312,A1313,A2033,A2034,A2035",AGUA/GAA
392123,8T8C,"A1307,A2038,A1308,A1309,A1310,A1311,A1312,A1313,A1314,A2032,A2033,A2034,A2035,A2036,A2037","A1310,A1311,A1312,A1313,A2033,A2034,A2035",AGUA/GAA
392875,8UD6,"A176,A196,A189,A190,A191,A192,A193,A194,A195,A182,A177,A178,A179,A180,A181","A192,A193,A194,A195,A177,A178,A179",AGUA/GAA
392885,8UD6,"A226,A247,A227,A228,A229,A230,A231,A232,A233,A241,A242,A243,A244,A245,A246","A229,A230,A231,A232,A242,A243,A244",AGUA/GAA
392948,8UD6,"A1314,A2032,A1307,A1308,A1309,A1310,A1311,A1312,A1313,A2038,A2033,A2034,A2035,A2036,A2037","A1310,A1311,A1312,A1313,A2033,A2034,A2035",AGUA/GAA
392949,8UD6,"A1307,A2038,A1308,A1309,A1310,A1311,A1312,A1313,A1314,A2032,A2033,A2034,A2035,A2036,A2037","A1310,A1311,A1312,A1313,A2033,A2034,A2035",AGUA/GAA
393047,8UD7,"A176,A196,A189,A190,A191,A192,A193,A194,A195,A182,A177,A178,A179,A180,A181","A192,A193,A194,A195,A177,A178,A179",AGUA/GAA
393057,8UD7,"A226,A247,A227,A228,A229,A230,A231,A232,A233,A241,A242,A243,A244,A245,A246","A229,A230,A231,A232,A242,A243,A244",AGUA/GAA
393118,8UD7,"A1314,A2032,A1307,A1308,A1309,A1310,A1311,A1312,A1313,A2038,A2033,A2034,A2035,A2036,A2037","A1310,A1311,A1312,A1313,A2033,A2034,A2035",AGUA/GAA
393119,8UD7,"A1307,A2038,A1308,A1309,A1310,A1311,A1312,A1313,A1314,A2032,A2033,A2034,A2035,A2036,A2037","A1310,A1311,A1312,A1313,A2033,A2034,A2035",AGUA/GAA
393216,8UD8,"A176,A196,A189,A190,A191,A192,A193,A194,A195,A182,A177,A178,A179,A180,A181","A192,A193,A194,A195,A177,A178,A179",AGUA/GAA
393226,8UD8,"A226,A247,A227,A228,A229,A230,A231,A232,A233,A241,A242,A243,A244,A245,A246","A229,A230,A231,A232,A242,A243,A244",AGUA/GAA
393438,8UIK,"D78,D98,D99,D100,D101,D102,D103,D104,D71,D72,D73,D74,D75,D76,D77","D74,D75,D76,D77,D99,D100,D101",AGUA/GAA
393439,8UIK,"D71,D104,D72,D73,D74,D75,D76,D77,D78,D98,D99,D100,D101,D102,D103","D74,D75,D76,D77,D99,D100,D101",AGUA/GAA
393464,8UIK,"C81,C102,C82,C83,C84,C85,C86,C87,C88,C96,C97,C98,C99,C100,C101","C84,C85,C86,C87,C97,C98,C99",AGUA/GAA
393692,8UIY,"U88,U96,U81,U82,U83,U84,U85,U86,U87,U102,U97,U98,U99,U100,U101","U84,U85,U86,U87,U97,U98,U99",AGUA/GAA
393736,8UIY,"V78,V98,V71,V72,V73,V74,V75,V76,V77,V104,V99,V100,V101,V102,V103","V74,V75,V76,V77,V99,V100,V101",AGUA/GAA
393919,8UIZ,"U71,U104,U72,U73,U74,U75,U76,U77,U78,U98,U99,U100,U101,U102,U103","U74,U75,U76,U77,U99,U100,U101",AGUA/GAA
394013,8UIZ,"T4603,T4608,T4596,T4597,T4598,T4599,T4600,T4601,T4602,T4609,T4610,T4611,T4612,T4613,T4614","T4599,T4600,T4601,T4602,T4609,T4610,T4611",AGUA/GAA
394060,8UIZ,"T81,T102,T82,T83,T84,T85,T86,T87,T88,T96,T97,T98,T99,T100,T101","T84,T85,T86,T87,T97,T98,T99",AGUA/GAA
394162,8UJ9,"U71,U104,U72,U73,U74,U75,U76,U77,U78,U98,U99,U100,U101,U102,U103","U74,U75,U76,U77,U99,U100,U101",AGUA/GAA
394303,8UJ9,"T81,T102,T82,T83,T84,T85,T86,T87,T88,T96,T97,T98,T99,T100,T101","T84,T85,T86,T87,T97,T98,T99",AGUA/GAA
394439,8UJB,"A1039,A1062,A1056,A1057,A1058,A1059,A1060,A1061,A1040,A1041,A1042,A1043,A1044,A1045,A1046,A1047","A1041,A1042,A1043,A1044,A1058,A1059,A1060",AGUA/GAA
394539,8UJC,"C71,C104,C98,C99,C100,C101,C102,C103,C78,C72,C73,C74,C75,C76,C77","C74,C75,C76,C77,C99,C100,C101",AGUA/GAA
394581,8UJC,"B4603,B4608,B4596,B4597,B4598,B4599,B4600,B4601,B4602,B4614,B4609,B4610,B4611,B4612,B4613","B4599,B4600,B4601,B4602,B4609,B4610,B4611",AGUA/GAA
394652,8UJC,"B81,B102,B82,B83,B84,B85,B86,B87,B88,B96,B97,B98,B99,B100,B101","B84,B85,B86,B87,B97,B98,B99",AGUA/GAA
394653,8UJC,"B81,B102,B96,B97,B98,B99,B100,B101,B88,B82,B83,B84,B85,B86,B87","B84,B85,B86,B87,B97,B98,B99",AGUA/GAA
394775,8UJD,"C71,C104,C98,C99,C100,C101,C102,C103,C78,C72,C73,C74,C75,C76,C77","C74,C75,C76,C77,C99,C100,C101",AGUA/GAA
394817,8UJD,"B4603,B4608,B4596,B4597,B4598,B4599,B4600,B4601,B4602,B4614,B4609,B4610,B4611,B4612,B4613","B4599,B4600,B4601,B4602,B4609,B4610,B4611",AGUA/GAA
394888,8UJD,"B81,B102,B82,B83,B84,B85,B86,B87,B88,B96,B97,B98,B99,B100,B101","B84,B85,B86,B87,B97,B98,B99",AGUA/GAA
394889,8UJD,"B81,B102,B96,B97,B98,B99,B100,B101,B88,B82,B83,B84,B85,B86,B87","B84,B85,B86,B87,B97,B98,B99",AGUA/GAA
395101,8UJJ,"C71,C104,C98,C99,C100,C101,C102,C103,C78,C72,C73,C74,C75,C76,C77","C74,C75,C76,C77,C99,C100,C101",AGUA/GAA
395335,8UJK,"B81,B102,B96,B97,B98,B99,B100,B101,B88,B82,B83,B84,B85,B86,B87","B84,B85,B86,B87,B97,B98,B99",AGUA/GAA
395336,8UJK,"B81,B102,B82,B83,B84,B85,B86,B87,B88,B96,B97,B98,B99,B100,B101","B84,B85,B86,B87,B97,B98,B99",AGUA/GAA
395343,8UJK,"C71,C104,C98,C99,C100,C101,C102,C103,C78,C72,C73,C74,C75,C76,C77","C74,C75,C76,C77,C99,C100,C101",AGUA/GAA
395509,8UKB,"D78,D98,D99,D100,D101,D102,D103,D104,D71,D72,D73,D74,D75,D76,D77","D74,D75,D76,D77,D99,D100,D101",AGUA/GAA
395510,8UKB,"D71,D104,D72,D73,D74,D75,D76,D77,D78,D98,D99,D100,D101,D102,D103","D74,D75,D76,D77,D99,D100,D101",AGUA/GAA
395533,8UKB,"C81,C102,C82,C83,C84,C85,C86,C87,C88,C96,C97,C98,C99,C100,C101","C84,C85,C86,C87,C97,C98,C99",AGUA/GAA
396967,8UTI,"H1111,H1134,H1128,H1129,H1130,H1131,H1132,H1133,H1119,H1112,H1113,H1114,H1115,H1116,H1117,H1118","H1113,H1114,H1115,H1116,H1130,H1131,H1132",AGUA/GAA
396968,8UTI,"H1119,H1128,H1129,H1130,H1131,H1132,H1133,H1134,H1111,H1112,H1113,H1114,H1115,H1116,H1117,H1118","H1113,H1114,H1115,H1116,H1130,H1131,H1132",AGUA/GAA
396975,8UTI,"A1442,A2357,A1443,A1444,A1445,A1446,A1447,A1448,A2352,A2353,A2354,A2355,A2356","A1444,A1445,A1446,A1447,A2353,A2354,A2355",AGUA/GAA
397012,8UTI,"A87,A95,A96,A97,A98,A99,A100,A101,A80,A81,A82,A83,A84,A85,A86","A83,A84,A85,A86,A96,A97,A98",AGUA/GAA
397031,8UTI,"A1442,A2357,A2352,A2353,A2354,A2355,A2356,A1448,A1443,A1444,A1445,A1446,A1447","A1444,A1445,A1446,A1447,A2353,A2354,A2355",AGUA/GAA
397231,8UU4,"V247,V255,V256,V257,V258,V259,V260,V261,V240,V241,V242,V243,V244,V245,V246","V243,V244,V245,V246,V256,V257,V258",AGUA/GAA
397237,8UU4,"A458,A491,A454,A455,A456,A457,A496,A492,A493,A494,A495","A492,A493,A494,A495,A455,A456,A457",GGUA/GAA
397289,8UU4,"V196,V203,V190,V191,V192,V193,V194,V195,V204,V205,V206,V207,V208,V209,V210","V206,V207,V208,V209,V191,V192,V193",AGUA/GAA
397307,8UU4,"V1307,V2050,V2043,V2044,V2045,V2046,V2047,V2048,V2049,V1315,V1308,V1309,V1310,V1311,V1312,V1313,V1314","V1310,V1311,V1312,V1313,V2045,V2046,V2047",AGUA/GAA
397531,8UU5,"W247,W255,W256,W257,W258,W259,W260,W261,W240,W241,W242,W243,W244,W245,W246","W243,W244,W245,W246,W256,W257,W258",AGUA/GAA
397615,8UU5,"W196,W203,W190,W191,W192,W193,W194,W195,W204,W205,W206,W207,W208,W209,W210","W206,W207,W208,W209,W191,W192,W193",AGUA/GAA
397884,8UU6,"W1315,W2043,W1307,W1308,W1309,W1310,W1311,W1312,W1313,W1314,W2050,W2044,W2045,W2046,W2047,W2048,W2049","W1310,W1311,W1312,W1313,W2045,W2046,W2047",AGUA/GAA
397907,8UU6,"W196,W203,W190,W191,W192,W193,W194,W195,W204,W205,W206,W207,W208,W209,W210","W206,W207,W208,W209,W191,W192,W193",AGUA/GAA
398122,8UU7,"X247,X255,X240,X241,X242,X243,X244,X245,X246,X261,X256,X257,X258,X259,X260","X243,X244,X245,X246,X256,X257,X258",AGUA/GAA
398123,8UU7,"X240,X261,X241,X242,X243,X244,X245,X246,X247,X255,X256,X257,X258,X259,X260","X243,X244,X245,X246,X256,X257,X258",AGUA/GAA
398147,8UU7,"X1315,X2043,X2044,X2045,X2046,X2047,X2048,X2049,X2050,X1307,X1308,X1309,X1310,X1311,X1312,X1313,X1314","X1310,X1311,X1312,X1313,X2045,X2046,X2047",AGUA/GAA
398412,8UU8,"X247,X255,X240,X241,X242,X243,X244,X245,X246,X261,X256,X257,X258,X259,X260","X243,X244,X245,X246,X256,X257,X258",AGUA/GAA
398413,8UU8,"X240,X261,X241,X242,X243,X244,X245,X246,X247,X255,X256,X257,X258,X259,X260","X243,X244,X245,X246,X256,X257,X258",AGUA/GAA
398444,8UU8,"X196,X203,X190,X191,X192,X193,X194,X195,X210,X204,X205,X206,X207,X208,X209","X206,X207,X208,X209,X191,X192,X193",AGUA/GAA
398706,8UU9,"X247,X255,X240,X241,X242,X243,X244,X245,X246,X261,X256,X257,X258,X259,X260","X243,X244,X245,X246,X256,X257,X258",AGUA/GAA
398707,8UU9,"X240,X261,X241,X242,X243,X244,X245,X246,X247,X255,X256,X257,X258,X259,X260","X243,X244,X245,X246,X256,X257,X258",AGUA/GAA
398739,8UU9,"X196,X203,X190,X191,X192,X193,X194,X195,X210,X204,X205,X206,X207,X208,X209","X206,X207,X208,X209,X191,X192,X193",AGUA/GAA
398952,8UUA,"A1307,A2050,A2043,A2044,A2045,A2046,A2047,A2048,A2049,A1308,A1309,A1310,A1311,A1312,A1313,A1314,A1315","A1310,A1311,A1312,A1313,A2045,A2046,A2047",AGUA/GAA
398979,8UUA,"A240,A261,A241,A242,A243,A244,A245,A246,A247,A255,A256,A257,A258,A259,A260","A243,A244,A245,A246,A256,A257,A258",AGUA/GAA
399016,8UUA,"A190,A210,A203,A204,A205,A206,A207,A208,A209,A191,A192,A193,A194,A195,A196","A206,A207,A208,A209,A191,A192,A193",AGUA/GAA
399112,8UVR,"A176,A196,A189,A190,A191,A192,A193,A194,A195,A182,A177,A178,A179,A180,A181","A192,A193,A194,A195,A177,A178,A179",AGUA/GAA
399122,8UVR,"A226,A247,A227,A228,A229,A230,A231,A232,A233,A241,A242,A243,A244,A245,A246","A229,A230,A231,A232,A242,A243,A244",AGUA/GAA
399184,8UVR,"A1314,A2032,A1307,A1308,A1309,A1310,A1311,A1312,A1313,A2038,A2033,A2034,A2035,A2036,A2037","A1310,A1311,A1312,A1313,A2033,A2034,A2035",AGUA/GAA
399185,8UVR,"A1307,A2038,A1308,A1309,A1310,A1311,A1312,A1313,A1314,A2032,A2033,A2034,A2035,A2036,A2037","A1310,A1311,A1312,A1313,A2033,A2034,A2035",AGUA/GAA
399286,8UVS,"A176,A196,A189,A190,A191,A192,A193,A194,A195,A182,A177,A178,A179,A180,A181","A192,A193,A194,A195,A177,A178,A179",AGUA/GAA
399604,8V83,"A3025,A3030,A3031,A3032,A3033,A3034,A3035,A3036,A3018,A3019,A3020,A3021,A3022,A3023,A3024","A3021,A3022,A3023,A3024,A3031,A3032,A3033",AGUA/GAA
399646,8V83,"A89,A97,A82,A83,A84,A85,A86,A87,A88,A103,A98,A99,A100,A101,A102","A85,A86,A87,A88,A98,A99,A100",AGUA/GAA
399683,8V83,"A1450,A2354,A1444,A1445,A1446,A1447,A1448,A1449,A2355,A2356,A2357,A2358,A2359","A1446,A1447,A1448,A1449,A2355,A2356,A2357",AGUA/GAA
399684,8V83,"A1450,A2354,A2355,A2356,A2357,A2358,A2359,A1444,A1445,A1446,A1447,A1448,A1449","A1446,A1447,A1448,A1449,A2355,A2356,A2357",AGUA/GAA
399762,8V84,"A3025,A3030,A3031,A3032,A3033,A3034,A3035,A3036,A3018,A3019,A3020,A3021,A3022,A3023,A3024","A3021,A3022,A3023,A3024,A3031,A3032,A3033",AGUA/GAA
399804,8V84,"A89,A97,A82,A83,A84,A85,A86,A87,A88,A103,A98,A99,A100,A101,A102","A85,A86,A87,A88,A98,A99,A100",AGUA/GAA
399837,8V84,"A1450,A2354,A1444,A1445,A1446,A1447,A1448,A1449,A2355,A2356,A2357,A2358,A2359","A1446,A1447,A1448,A1449,A2355,A2356,A2357",AGUA/GAA
399838,8V84,"A1450,A2354,A2355,A2356,A2357,A2358,A2359,A1444,A1445,A1446,A1447,A1448,A1449","A1446,A1447,A1448,A1449,A2355,A2356,A2357",AGUA/GAA
400018,8V87,"A1450,A2354,A1444,A1445,A1446,A1447,A1448,A1449,A2355,A2356,A2357,A2358,A2359","A1446,A1447,A1448,A1449,A2355,A2356,A2357",AGUA/GAA
400019,8V87,"A1450,A2354,A2355,A2356,A2357,A2358,A2359,A1444,A1445,A1446,A1447,A1448,A1449","A1446,A1447,A1448,A1449,A2355,A2356,A2357",AGUA/GAA
400287,8V9J,"Y190,Y210,Y203,Y204,Y205,Y206,Y207,Y208,Y209,Y196,Y191,Y192,Y193,Y194,Y195","Y206,Y207,Y208,Y209,Y191,Y192,Y193",AGUA/GAA
400297,8V9J,"Y248,Y256,Y257,Y258,Y259,Y260,Y261,Y262,Y241,Y242,Y243,Y244,Y245,Y246,Y247","Y244,Y245,Y246,Y247,Y257,Y258,Y259",AGUA/GAA
400527,8V9K,"Y1387,Y2238,Y2239,Y2240,Y2241,Y2242,Y2243,Y2244,Y1380,Y1381,Y1382,Y1383,Y1384,Y1385,Y1386","Y1383,Y1384,Y1385,Y1386,Y2239,Y2240,Y2241",AGUA/GAA
400610,8V9K,"Y248,Y256,Y257,Y258,Y259,Y260,Y261,Y262,Y241,Y242,Y243,Y244,Y245,Y246,Y247","Y244,Y245,Y246,Y247,Y257,Y258,Y259",AGUA/GAA
400863,8V9L,"Z241,Z262,Z242,Z243,Z244,Z245,Z246,Z247,Z248,Z256,Z257,Z258,Z259,Z260,Z261","Z244,Z245,Z246,Z247,Z257,Z258,Z259",AGUA/GAA
400919,8V9L,"Z1380,Z2244,Z2238,Z2239,Z2240,Z2241,Z2242,Z2243,Z1381,Z1382,Z1383,Z1384,Z1385,Z1386,Z1387","Z1383,Z1384,Z1385,Z1386,Z2239,Z2240,Z2241",AGUA/GAA
400935,8V9L,"Z196,Z203,Z190,Z191,Z192,Z193,Z194,Z195,Z210,Z204,Z205,Z206,Z207,Z208,Z209","Z206,Z207,Z208,Z209,Z191,Z192,Z193",AGUA/GAA
400936,8V9L,"Z196,Z203,Z204,Z205,Z206,Z207,Z208,Z209,Z210,Z190,Z191,Z192,Z193,Z194,Z195","Z206,Z207,Z208,Z209,Z191,Z192,Z193",AGUA/GAA
401143,8VIO,"R1377,R2241,R2235,R2236,R2237,R2238,R2239,R2240,R1378,R1379,R1380,R1381,R1382,R1383,R1384","R1380,R1381,R1382,R1383,R2236,R2237,R2238",AGUA/GAA
401144,8VIO,"R1377,R2241,R1378,R1379,R1380,R1381,R1382,R1383,R1384,R2235,R2236,R2237,R2238,R2239,R2240","R1380,R1381,R1382,R1383,R2236,R2237,R2238",AGUA/GAA
401258,8VK0,"D1377,D2241,D2235,D2236,D2237,D2238,D2239,D2240,D1384,D1378,D1379,D1380,D1381,D1382,D1383","D1380,D1381,D1382,D1383,D2236,D2237,D2238",AGUA/GAA
401259,8VK0,"D1384,D2235,D1377,D1378,D1379,D1380,D1381,D1382,D1383,D2236,D2237,D2238,D2239,D2240,D2241","D1380,D1381,D1382,D1383,D2236,D2237,D2238",AGUA/GAA
401290,8VK0,"D238,D259,D253,D254,D255,D256,D257,D258,D245,D239,D240,D241,D242,D243,D244","D241,D242,D243,D244,D254,D255,D256",AGUA/GAA
401527,8VK7,"A1384,A2235,A1377,A1378,A1379,A1380,A1381,A1382,A1383,A2241,A2236,A2237,A2238,A2239,A2240","A1380,A1381,A1382,A1383,A2236,A2237,A2238",AGUA/GAA
401528,8VK7,"A1377,A2241,A1378,A1379,A1380,A1381,A1382,A1383,A1384,A2235,A2236,A2237,A2238,A2239,A2240","A1380,A1381,A1382,A1383,A2236,A2237,A2238",AGUA/GAA
401585,8VK7,"A193,A200,A201,A202,A203,A204,A205,A206,A207,A187,A188,A189,A190,A191,A192","A203,A204,A205,A206,A188,A189,A190",AGUA/GAA
401695,8VKI,"A238,A259,A239,A240,A241,A242,A243,A244,A245,A253,A254,A255,A256,A257,A258","A241,A242,A243,A244,A254,A255,A256",AGUA/GAA
401785,8VKI,"A193,A200,A201,A202,A203,A204,A205,A206,A207,A187,A188,A189,A190,A191,A192","A203,A204,A205,A206,A188,A189,A190",AGUA/GAA
402141,8VPK,"A238,A259,A239,A240,A241,A242,A243,A244,A245,A253,A254,A255,A256,A257,A258","A241,A242,A243,A244,A254,A255,A256",AGUA/GAA
402174,8VPK,"A1384,A2235,A1377,A1378,A1379,A1380,A1381,A1382,A1383,A2241,A2236,A2237,A2238,A2239,A2240","A1380,A1381,A1382,A1383,A2236,A2237,A2238",AGUA/GAA
402175,8VPK,"A1377,A2241,A1378,A1379,A1380,A1381,A1382,A1383,A1384,A2235,A2236,A2237,A2238,A2239,A2240","A1380,A1381,A1382,A1383,A2236,A2237,A2238",AGUA/GAA
402229,8VPK,"A193,A200,A201,A202,A203,A204,A205,A206,A207,A187,A188,A189,A190,A191,A192","A203,A204,A205,A206,A188,A189,A190",AGUA/GAA
402366,8VR4,"A238,A259,A239,A240,A241,A242,A243,A244,A245,A253,A254,A255,A256,A257,A258","A241,A242,A243,A244,A254,A255,A256",AGUA/GAA
402452,8VR4,"A193,A200,A201,A202,A203,A204,A205,A206,A207,A187,A188,A189,A190,A191,A192","A203,A204,A205,A206,A188,A189,A190",AGUA/GAA
402587,8VR8,"A1384,A2235,A1377,A1378,A1379,A1380,A1381,A1382,A1383,A2241,A2236,A2237,A2238,A2239,A2240","A1380,A1381,A1382,A1383,A2236,A2237,A2238",AGUA/GAA
402588,8VR8,"A1377,A2241,A1378,A1379,A1380,A1381,A1382,A1383,A1384,A2235,A2236,A2237,A2238,A2239,A2240","A1380,A1381,A1382,A1383,A2236,A2237,A2238",AGUA/GAA
402644,8VR8,"A193,A200,A201,A202,A203,A204,A205,A206,A207,A187,A188,A189,A190,A191,A192","A203,A204,A205,A206,A188,A189,A190",AGUA/GAA
402797,8VRL,"A1384,A2235,A1377,A1378,A1379,A1380,A1381,A1382,A1383,A2241,A2236,A2237,A2238,A2239,A2240","A1380,A1381,A1382,A1383,A2236,A2237,A2238",AGUA/GAA
402798,8VRL,"A1377,A2241,A1378,A1379,A1380,A1381,A1382,A1383,A1384,A2235,A2236,A2237,A2238,A2239,A2240","A1380,A1381,A1382,A1383,A2236,A2237,A2238",AGUA/GAA
402861,8VRL,"A193,A200,A201,A202,A203,A204,A205,A206,A207,A187,A188,A189,A190,A191,A192","A203,A204,A205,A206,A188,A189,A190",AGUA/GAA
403122,8VS9,"B239,B258,B240,B241,B242,B243,B244,B245,B253,B254,B255,B256,B257","B241,B242,B243,B244,B254,B255,B256",AGUA/GAA
403178,8VS9,"B194,B201,B188,B189,B190,B191,B192,B193,B208,B202,B203,B204,B205,B206,B207","B204,B205,B206,B207,B189,B190,B191",AGUA/GAA
403245,8VTU,"A176,A196,A189,A190,A191,A192,A193,A194,A195,A182,A177,A178,A179,A180,A181","A192,A193,A194,A195,A177,A178,A179",AGUA/GAA
403255,8VTU,"A226,A247,A227,A228,A229,A230,A231,A232,A233,A241,A242,A243,A244,A245,A246","A229,A230,A231,A232,A242,A243,A244",AGUA/GAA
403320,8VTU,"A1314,A2032,A1307,A1308,A1309,A1310,A1311,A1312,A1313,A2038,A2033,A2034,A2035,A2036,A2037","A1310,A1311,A1312,A1313,A2033,A2034,A2035",AGUA/GAA
403321,8VTU,"A1307,A2038,A1308,A1309,A1310,A1311,A1312,A1313,A1314,A2032,A2033,A2034,A2035,A2036,A2037","A1310,A1311,A1312,A1313,A2033,A2034,A2035",AGUA/GAA
403418,8VTV,"A176,A196,A189,A190,A191,A192,A193,A194,A195,A182,A177,A178,A179,A180,A181","A192,A193,A194,A195,A177,A178,A179",AGUA/GAA
403428,8VTV,"A226,A247,A227,A228,A229,A230,A231,A232,A233,A241,A242,A243,A244,A245,A246","A229,A230,A231,A232,A242,A243,A244",AGUA/GAA
403494,8VTV,"A1314,A2032,A1307,A1308,A1309,A1310,A1311,A1312,A1313,A2038,A2033,A2034,A2035,A2036,A2037","A1310,A1311,A1312,A1313,A2033,A2034,A2035",AGUA/GAA
403495,8VTV,"A1307,A2038,A1308,A1309,A1310,A1311,A1312,A1313,A1314,A2032,A2033,A2034,A2035,A2036,A2037","A1310,A1311,A1312,A1313,A2033,A2034,A2035",AGUA/GAA
403595,8VTW,"A176,A196,A189,A190,A191,A192,A193,A194,A195,A182,A177,A178,A179,A180,A181","A192,A193,A194,A195,A177,A178,A179",AGUA/GAA
403605,8VTW,"A226,A247,A227,A228,A229,A230,A231,A232,A233,A241,A242,A243,A244,A245,A246","A229,A230,A231,A232,A242,A243,A244",AGUA/GAA
403667,8VTW,"A1314,A2032,A1307,A1308,A1309,A1310,A1311,A1312,A1313,A2038,A2033,A2034,A2035,A2036,A2037","A1310,A1311,A1312,A1313,A2033,A2034,A2035",AGUA/GAA
403668,8VTW,"A1307,A2038,A1308,A1309,A1310,A1311,A1312,A1313,A1314,A2032,A2033,A2034,A2035,A2036,A2037","A1310,A1311,A1312,A1313,A2033,A2034,A2035",AGUA/GAA
403778,8VTX,"A226,A247,A227,A228,A229,A230,A231,A232,A233,A241,A242,A243,A244,A245,A246","A229,A230,A231,A232,A242,A243,A244",AGUA/GAA
403844,8VTX,"A1314,A2032,A1307,A1308,A1309,A1310,A1311,A1312,A1313,A2038,A2033,A2034,A2035,A2036,A2037","A1310,A1311,A1312,A1313,A2033,A2034,A2035",AGUA/GAA
403845,8VTX,"A1307,A2038,A1308,A1309,A1310,A1311,A1312,A1313,A1314,A2032,A2033,A2034,A2035,A2036,A2037","A1310,A1311,A1312,A1313,A2033,A2034,A2035",AGUA/GAA
403941,8VTY,"A176,A196,A189,A190,A191,A192,A193,A194,A195,A182,A177,A178,A179,A180,A181","A192,A193,A194,A195,A177,A178,A179",AGUA/GAA
403951,8VTY,"A226,A247,A227,A228,A229,A230,A231,A232,A233,A241,A242,A243,A244,A245,A246","A229,A230,A231,A232,A242,A243,A244",AGUA/GAA
404009,8VTY,"A1314,A2032,A1307,A1308,A1309,A1310,A1311,A1312,A1313,A2038,A2033,A2034,A2035,A2036,A2037","A1310,A1311,A1312,A1313,A2033,A2034,A2035",AGUA/GAA
404010,8VTY,"A1307,A2038,A1308,A1309,A1310,A1311,A1312,A1313,A1314,A2032,A2033,A2034,A2035,A2036,A2037","A1310,A1311,A1312,A1313,A2033,A2034,A2035",AGUA/GAA
404183,8W51,"A194,A201,A202,A203,A204,A205,A206,A207,A208,A188,A189,A190,A191,A192,A193","A204,A205,A206,A207,A189,A190,A191",AGUA/GAA
404196,8W51,"A1262,A2017,A2011,A2012,A2013,A2014,A2015,A2016,A1263,A1264,A1265,A1266,A1267,A1268,A1269","A1265,A1266,A1267,A1268,A2012,A2013,A2014",AGUA/GAA
404251,8W51,"A239,A258,A253,A254,A255,A256,A257,A240,A241,A242,A243,A244,A245","A241,A242,A243,A244,A254,A255,A256",AGUA/GAA
404424,8WHY,"A238,A259,A239,A240,A241,A242,A243,A244,A245,A253,A254,A255,A256,A257,A258","A241,A242,A243,A244,A254,A255,A256",AGUA/GAA
404515,8WHY,"A193,A200,A201,A202,A203,A204,A205,A206,A207,A187,A188,A189,A190,A191,A192","A203,A204,A205,A206,A188,A189,A190",AGUA/GAA
404632,8WI8,"A238,A259,A239,A240,A241,A242,A243,A244,A245,A253,A254,A255,A256,A257,A258","A241,A242,A243,A244,A254,A255,A256",AGUA/GAA
404666,8WI8,"A1384,A2235,A1377,A1378,A1379,A1380,A1381,A1382,A1383,A2241,A2236,A2237,A2238,A2239,A2240","A1380,A1381,A1382,A1383,A2236,A2237,A2238",AGUA/GAA
404667,8WI8,"A1377,A2241,A1378,A1379,A1380,A1381,A1382,A1383,A1384,A2235,A2236,A2237,A2238,A2239,A2240","A1380,A1381,A1382,A1383,A2236,A2237,A2238",AGUA/GAA
404964,8WIC,"A238,A259,A239,A240,A241,A242,A243,A244,A245,A253,A254,A255,A256,A257,A258","A241,A242,A243,A244,A254,A255,A256",AGUA/GAA
405000,8WIC,"A1384,A2235,A1377,A1378,A1379,A1380,A1381,A1382,A1383,A2241,A2236,A2237,A2238,A2239,A2240","A1380,A1381,A1382,A1383,A2236,A2237,A2238",AGUA/GAA
405001,8WIC,"A1377,A2241,A1378,A1379,A1380,A1381,A1382,A1383,A1384,A2235,A2236,A2237,A2238,A2239,A2240","A1380,A1381,A1382,A1383,A2236,A2237,A2238",AGUA/GAA
405727,8WV1,"A226,A247,A227,A228,A229,A230,A231,A232,A233,A241,A242,A243,A244,A245,A246","A229,A230,A231,A232,A242,A243,A244",AGUA/GAA
406389,8XP3,"B1168,B1191,B1185,B1186,B1187,B1188,B1189,B1190,B1176,B1169,B1170,B1171,B1172,B1173,B1174,B1175","B1170,B1171,B1172,B1173,B1187,B1188,B1189",AGUA/GAA
406390,8XP3,"B1176,B1185,B1186,B1187,B1188,B1189,B1190,B1191,B1168,B1169,B1170,B1171,B1172,B1173,B1174,B1175","B1170,B1171,B1172,B1173,B1187,B1188,B1189",AGUA/GAA
406495,8XSX,"B78,B98,B99,B100,B101,B102,B103,B104,B71,B72,B73,B74,B75,B76,B77","B74,B75,B76,B77,B99,B100,B101",AGUA/GAA
406583,8XSX,"A88,A96,A97,A98,A99,A100,A101,A102,A81,A82,A83,A84,A85,A86,A87","A84,A85,A86,A87,A97,A98,A99",AGUA/GAA
406741,8XSY,"B78,B98,B99,B100,B101,B102,B103,B104,B71,B72,B73,B74,B75,B76,B77","B74,B75,B76,B77,B99,B100,B101",AGUA/GAA
406829,8XSY,"A88,A96,A97,A98,A99,A100,A101,A102,A81,A82,A83,A84,A85,A86,A87","A84,A85,A86,A87,A97,A98,A99",AGUA/GAA
406990,8XSZ,"B78,B98,B99,B100,B101,B102,B103,B104,B71,B72,B73,B74,B75,B76,B77","B74,B75,B76,B77,B99,B100,B101",AGUA/GAA
407075,8XSZ,"A88,A96,A97,A98,A99,A100,A101,A102,A81,A82,A83,A84,A85,A86,A87","A84,A85,A86,A87,A97,A98,A99",AGUA/GAA
407212,8XT0,"A75,A83,A69,A70,A71,A72,A73,A74,A88,A84,A85,A86,A87","A71,A72,A73,A74,A84,A85,A86",AGUA/GAA
407213,8XT0,"A75,A83,A69,A70,A71,A72,A73,A74,A84,A85,A86,A87,A88","A71,A72,A73,A74,A84,A85,A86",AGUA/GAA
407216,8XT0,"A636,A1010,A637,A638,A639,A640,A641,A642,A643,A1004,A1005,A1006,A1007,A1008,A1009","A639,A640,A641,A642,A1005,A1006,A1007",AGUA/GAA
407294,8XT1,"A75,A83,A69,A70,A71,A72,A73,A74,A88,A84,A85,A86,A87","A71,A72,A73,A74,A84,A85,A86",AGUA/GAA
407295,8XT1,"A75,A83,A69,A70,A71,A72,A73,A74,A84,A85,A86,A87,A88","A71,A72,A73,A74,A84,A85,A86",AGUA/GAA
407298,8XT1,"A636,A1010,A637,A638,A639,A640,A641,A642,A643,A1004,A1005,A1006,A1007,A1008,A1009","A639,A640,A641,A642,A1005,A1006,A1007",AGUA/GAA
407379,8XT2,"A75,A83,A69,A70,A71,A72,A73,A74,A88,A84,A85,A86,A87","A71,A72,A73,A74,A84,A85,A86",AGUA/GAA
407380,8XT2,"A75,A83,A69,A70,A71,A72,A73,A74,A84,A85,A86,A87,A88","A71,A72,A73,A74,A84,A85,A86",AGUA/GAA
407460,8XT3,"A75,A83,A69,A70,A71,A72,A73,A74,A88,A84,A85,A86,A87","A71,A72,A73,A74,A84,A85,A86",AGUA/GAA
407461,8XT3,"A75,A83,A69,A70,A71,A72,A73,A74,A84,A85,A86,A87,A88","A71,A72,A73,A74,A84,A85,A86",AGUA/GAA
408124,8XXL,"B1168,B1191,B1185,B1186,B1187,B1188,B1189,B1190,B1176,B1169,B1170,B1171,B1172,B1173,B1174,B1175","B1170,B1171,B1172,B1173,B1187,B1188,B1189",AGUA/GAA
408125,8XXL,"B1176,B1185,B1186,B1187,B1188,B1189,B1190,B1191,B1168,B1169,B1170,B1171,B1172,B1173,B1174,B1175","B1170,B1171,B1172,B1173,B1187,B1188,B1189",AGUA/GAA
408247,8XXM,"B1168,B1191,B1185,B1186,B1187,B1188,B1189,B1190,B1176,B1169,B1170,B1171,B1172,B1173,B1174,B1175","B1170,B1171,B1172,B1173,B1187,B1188,B1189",AGUA/GAA
408248,8XXM,"B1176,B1185,B1186,B1187,B1188,B1189,B1190,B1191,B1168,B1169,B1170,B1171,B1172,B1173,B1174,B1175","B1170,B1171,B1172,B1173,B1187,B1188,B1189",AGUA/GAA
408367,8XXN,"B1168,B1191,B1185,B1186,B1187,B1188,B1189,B1190,B1176,B1169,B1170,B1171,B1172,B1173,B1174,B1175","B1170,B1171,B1172,B1173,B1187,B1188,B1189",AGUA/GAA
408368,8XXN,"B1176,B1185,B1186,B1187,B1188,B1189,B1190,B1191,B1168,B1169,B1170,B1171,B1172,B1173,B1174,B1175","B1170,B1171,B1172,B1173,B1187,B1188,B1189",AGUA/GAA
408950,8Y0W,"C4596,C4614,C4597,C4598,C4599,C4600,C4601,C4602,C4603,C4608,C4609,C4610,C4611,C4612,C4613","C4599,C4600,C4601,C4602,C4609,C4610,C4611",AGUA/GAA
408951,8Y0W,"C4603,C4608,C4596,C4597,C4598,C4599,C4600,C4601,C4602,C4609,C4610,C4611,C4612,C4613,C4614","C4599,C4600,C4601,C4602,C4609,C4610,C4611",AGUA/GAA
408979,8Y0W,"D78,D98,D99,D100,D101,D102,D103,D104,D71,D72,D73,D74,D75,D76,D77","D74,D75,D76,D77,D99,D100,D101",AGUA/GAA
408980,8Y0W,"D71,D104,D72,D73,D74,D75,D76,D77,D78,D98,D99,D100,D101,D102,D103","D74,D75,D76,D77,D99,D100,D101",AGUA/GAA
408998,8Y0W,"C81,C102,C82,C83,C84,C85,C86,C87,C88,C96,C97,C98,C99,C100,C101","C84,C85,C86,C87,C97,C98,C99",AGUA/GAA
409216,8Y0X,"B78,B98,B99,B100,B101,B102,B103,B104,B71,B72,B73,B74,B75,B76,B77","B74,B75,B76,B77,B99,B100,B101",AGUA/GAA
409302,8Y0X,"A88,A96,A97,A98,A99,A100,A101,A102,A81,A82,A83,A84,A85,A86,A87","A84,A85,A86,A87,A97,A98,A99",AGUA/GAA
409448,8Y36,"A1298,A2042,A1299,A1300,A1301,A1302,A1303,A1304,A1305,A1306,A2035,A2036,A2037,A2038,A2039,A2040,A2041","A1301,A1302,A1303,A1304,A2037,A2038,A2039",AGUA/GAA
409463,8Y36,"A246,A254,A239,A240,A241,A242,A243,A244,A245,A260,A255,A256,A257,A258,A259","A242,A243,A244,A245,A255,A256,A257",AGUA/GAA
409541,8Y36,"A188,A210,A202,A203,A204,A205,A206,A207,A208,A209,A189,A190,A191,A192,A193,A194,A195","A205,A206,A207,A208,A190,A191,A192",AGUA/GAA
409542,8Y36,"A188,A210,A202,A203,A204,A205,A206,A207,A208,A209,A195,A189,A190,A191,A192,A193,A194","A205,A206,A207,A208,A190,A191,A192",AGUA/GAA
409603,8Y37,"E1306,E2035,E2036,E2037,E2038,E2039,E2040,E2041,E2042,E1298,E1299,E1300,E1301,E1302,E1303,E1304,E1305","E1301,E1302,E1303,E1304,E2037,E2038,E2039",AGUA/GAA
409648,8Y37,"E239,E260,E254,E255,E256,E257,E258,E259,E246,E240,E241,E242,E243,E244,E245","E242,E243,E244,E245,E255,E256,E257",AGUA/GAA
409653,8Y37,"E239,E260,E254,E255,E256,E257,E258,E259,E240,E241,E242,E243,E244,E245,E246","E242,E243,E244,E245,E255,E256,E257",AGUA/GAA
409689,8Y37,"E188,E210,E202,E203,E204,E205,E206,E207,E208,E209,E189,E190,E191,E192,E193,E194,E195","E205,E206,E207,E208,E190,E191,E192",AGUA/GAA
409783,8Y38,"E1306,E2035,E2036,E2037,E2038,E2039,E2040,E2041,E2042,E1298,E1299,E1300,E1301,E1302,E1303,E1304,E1305","E1301,E1302,E1303,E1304,E2037,E2038,E2039",AGUA/GAA
409831,8Y38,"E239,E260,E254,E255,E256,E257,E258,E259,E246,E240,E241,E242,E243,E244,E245","E242,E243,E244,E245,E255,E256,E257",AGUA/GAA
409836,8Y38,"E239,E260,E254,E255,E256,E257,E258,E259,E240,E241,E242,E243,E244,E245,E246","E242,E243,E244,E245,E255,E256,E257",AGUA/GAA
409873,8Y38,"E188,E210,E202,E203,E204,E205,E206,E207,E208,E209,E189,E190,E191,E192,E193,E194,E195","E205,E206,E207,E208,E190,E191,E192",AGUA/GAA
409991,8Y39,"A1298,A2042,A1299,A1300,A1301,A1302,A1303,A1304,A1305,A1306,A2035,A2036,A2037,A2038,A2039,A2040,A2041","A1301,A1302,A1303,A1304,A2037,A2038,A2039",AGUA/GAA
410000,8Y39,"A246,A254,A239,A240,A241,A242,A243,A244,A245,A260,A255,A256,A257,A258,A259","A242,A243,A244,A245,A255,A256,A257",AGUA/GAA
410071,8Y39,"A188,A210,A202,A203,A204,A205,A206,A207,A208,A209,A189,A190,A191,A192,A193,A194,A195","A205,A206,A207,A208,A190,A191,A192",AGUA/GAA
410072,8Y39,"A188,A210,A202,A203,A204,A205,A206,A207,A208,A209,A195,A189,A190,A191,A192,A193,A194","A205,A206,A207,A208,A190,A191,A192",AGUA/GAA
410653,8YLR,"B87,B95,B80,B81,B82,B83,B84,B85,B86,B96,B97,B98,B99,B100,B101","B83,B84,B85,B86,B96,B97,B98",AGUA/GAA
410896,8YLR,"C72,C106,C100,C101,C102,C103,C104,C105,C80,C73,C74,C75,C76,C77,C78,C79","C76,C77,C78,C79,C101,C102,C103",AGUA/GAA
411037,8YOO,"B78,B98,B99,B100,B101,B102,B103,B104,B71,B72,B73,B74,B75,B76,B77","B74,B75,B76,B77,B99,B100,B101",AGUA/GAA
411120,8YOO,"A88,A96,A97,A98,A99,A100,A101,A102,A81,A82,A83,A84,A85,A86,A87","A84,A85,A86,A87,A97,A98,A99",AGUA/GAA
411288,8YOP,"B78,B98,B99,B100,B101,B102,B103,B104,B71,B72,B73,B74,B75,B76,B77","B74,B75,B76,B77,B99,B100,B101",AGUA/GAA
411357,8YOP,"A4603,A4608,A4596,A4597,A4598,A4599,A4600,A4601,A4602,A4614,A4609,A4610,A4611,A4612,A4613","A4599,A4600,A4601,A4602,A4609,A4610,A4611",AGUA/GAA
411374,8YOP,"A88,A96,A97,A98,A99,A100,A101,A102,A81,A82,A83,A84,A85,A86,A87","A84,A85,A86,A87,A97,A98,A99",AGUA/GAA
411680,8YUO,"V239,V258,V253,V254,V255,V256,V257,V245,V240,V241,V242,V243,V244","V241,V242,V243,V244,V254,V255,V256",AGUA/GAA
411724,8YUO,"V1262,V2017,V1263,V1264,V1265,V1266,V1267,V1268,V1269,V2011,V2012,V2013,V2014,V2015,V2016","V1265,V1266,V1267,V1268,V2012,V2013,V2014",AGUA/GAA
411725,8YUO,"V1269,V2011,V2012,V2013,V2014,V2015,V2016,V2017,V1262,V1263,V1264,V1265,V1266,V1267,V1268","V1265,V1266,V1267,V1268,V2012,V2013,V2014",AGUA/GAA
411800,8YUO,"V194,V201,V202,V203,V204,V205,V206,V207,V208,V188,V189,V190,V191,V192,V193","V204,V205,V206,V207,V189,V190,V191",AGUA/GAA
411801,8YUO,"V194,V201,V188,V189,V190,V191,V192,V193,V208,V202,V203,V204,V205,V206,V207","V204,V205,V206,V207,V189,V190,V191",AGUA/GAA
411963,8YUP,"V239,V258,V253,V254,V255,V256,V257,V245,V240,V241,V242,V243,V244","V241,V242,V243,V244,V254,V255,V256",AGUA/GAA
412007,8YUP,"V1262,V2017,V1263,V1264,V1265,V1266,V1267,V1268,V1269,V2011,V2012,V2013,V2014,V2015,V2016","V1265,V1266,V1267,V1268,V2012,V2013,V2014",AGUA/GAA
412008,8YUP,"V1269,V2011,V2012,V2013,V2014,V2015,V2016,V2017,V1262,V1263,V1264,V1265,V1266,V1267,V1268","V1265,V1266,V1267,V1268,V2012,V2013,V2014",AGUA/GAA
412083,8YUP,"V194,V201,V202,V203,V204,V205,V206,V207,V208,V188,V189,V190,V191,V192,V193","V204,V205,V206,V207,V189,V190,V191",AGUA/GAA
412084,8YUP,"V194,V201,V188,V189,V190,V191,V192,V193,V208,V202,V203,V204,V205,V206,V207","V204,V205,V206,V207,V189,V190,V191",AGUA/GAA
412245,8YUQ,"V239,V258,V253,V254,V255,V256,V257,V245,V240,V241,V242,V243,V244","V241,V242,V243,V244,V254,V255,V256",AGUA/GAA
412289,8YUQ,"V1262,V2017,V1263,V1264,V1265,V1266,V1267,V1268,V1269,V2011,V2012,V2013,V2014,V2015,V2016","V1265,V1266,V1267,V1268,V2012,V2013,V2014",AGUA/GAA
412290,8YUQ,"V1269,V2011,V2012,V2013,V2014,V2015,V2016,V2017,V1262,V1263,V1264,V1265,V1266,V1267,V1268","V1265,V1266,V1267,V1268,V2012,V2013,V2014",AGUA/GAA
412366,8YUQ,"V194,V201,V202,V203,V204,V205,V206,V207,V208,V188,V189,V190,V191,V192,V193","V204,V205,V206,V207,V189,V190,V191",AGUA/GAA
412367,8YUQ,"V194,V201,V188,V189,V190,V191,V192,V193,V208,V202,V203,V204,V205,V206,V207","V204,V205,V206,V207,V189,V190,V191",AGUA/GAA
412526,8YUR,"V239,V258,V253,V254,V255,V256,V257,V245,V240,V241,V242,V243,V244","V241,V242,V243,V244,V254,V255,V256",AGUA/GAA
412570,8YUR,"V1262,V2017,V1263,V1264,V1265,V1266,V1267,V1268,V1269,V2011,V2012,V2013,V2014,V2015,V2016","V1265,V1266,V1267,V1268,V2012,V2013,V2014",AGUA/GAA
412571,8YUR,"V1269,V2011,V2012,V2013,V2014,V2015,V2016,V2017,V1262,V1263,V1264,V1265,V1266,V1267,V1268","V1265,V1266,V1267,V1268,V2012,V2013,V2014",AGUA/GAA
412646,8YUR,"V194,V201,V202,V203,V204,V205,V206,V207,V208,V188,V189,V190,V191,V192,V193","V204,V205,V206,V207,V189,V190,V191",AGUA/GAA
412647,8YUR,"V194,V201,V188,V189,V190,V191,V192,V193,V208,V202,V203,V204,V205,V206,V207","V204,V205,V206,V207,V189,V190,V191",AGUA/GAA
412807,8YUS,"V239,V258,V253,V254,V255,V256,V257,V245,V240,V241,V242,V243,V244","V241,V242,V243,V244,V254,V255,V256",AGUA/GAA
412851,8YUS,"V1262,V2017,V1263,V1264,V1265,V1266,V1267,V1268,V1269,V2011,V2012,V2013,V2014,V2015,V2016","V1265,V1266,V1267,V1268,V2012,V2013,V2014",AGUA/GAA
412852,8YUS,"V1269,V2011,V2012,V2013,V2014,V2015,V2016,V2017,V1262,V1263,V1264,V1265,V1266,V1267,V1268","V1265,V1266,V1267,V1268,V2012,V2013,V2014",AGUA/GAA
412929,8YUS,"V194,V201,V202,V203,V204,V205,V206,V207,V208,V188,V189,V190,V191,V192,V193","V204,V205,V206,V207,V189,V190,V191",AGUA/GAA
412930,8YUS,"V194,V201,V188,V189,V190,V191,V192,V193,V208,V202,V203,V204,V205,V206,V207","V204,V205,V206,V207,V189,V190,V191",AGUA/GAA
413479,8ZGR,"A87,A95,A96,A97,A98,A99,A100,A101,A80,A81,A82,A83,A84,A85,A86","A83,A84,A85,A86,A96,A97,A98",AGUA/GAA
413507,8ZGR,"B72,B106,B73,B74,B75,B76,B77,B78,B79,B80,B100,B101,B102,B103,B104,B105","B76,B77,B78,B79,B101,B102,B103",AGUA/GAA
413525,8ZGR,"A1447,A2351,A1441,A1442,A1443,A1444,A1445,A1446,A2356,A2352,A2353,A2354,A2355","A1443,A1444,A1445,A1446,A2352,A2353,A2354",AGUA/GAA
413707,8ZGY,"A87,A95,A96,A97,A98,A99,A100,A101,A80,A81,A82,A83,A84,A85,A86","A83,A84,A85,A86,A96,A97,A98",AGUA/GAA
413735,8ZGY,"B72,B106,B73,B74,B75,B76,B77,B78,B79,B80,B100,B101,B102,B103,B104,B105","B76,B77,B78,B79,B101,B102,B103",AGUA/GAA
413754,8ZGY,"A1447,A2351,A1441,A1442,A1443,A1444,A1445,A1446,A2356,A2352,A2353,A2354,A2355","A1443,A1444,A1445,A1446,A2352,A2353,A2354",AGUA/GAA
413838,8ZH3,"A3022,A3027,A3015,A3016,A3017,A3018,A3019,A3020,A3021,A3028,A3029,A3030,A3031,A3032,A3033","A3018,A3019,A3020,A3021,A3028,A3029,A3030",AGUA/GAA
413938,8ZH3,"A87,A95,A96,A97,A98,A99,A100,A101,A80,A81,A82,A83,A84,A85,A86","A83,A84,A85,A86,A96,A97,A98",AGUA/GAA
413966,8ZH3,"B72,B106,B73,B74,B75,B76,B77,B78,B79,B80,B100,B101,B102,B103,B104,B105","B76,B77,B78,B79,B101,B102,B103",AGUA/GAA
413986,8ZH3,"A1447,A2351,A1441,A1442,A1443,A1444,A1445,A1446,A2356,A2352,A2353,A2354,A2355","A1443,A1444,A1445,A1446,A2352,A2353,A2354",AGUA/GAA
414169,8ZHB,"A87,A95,A96,A97,A98,A99,A100,A101,A80,A81,A82,A83,A84,A85,A86","A83,A84,A85,A86,A96,A97,A98",AGUA/GAA
414195,8ZHB,"B72,B106,B73,B74,B75,B76,B77,B78,B79,B80,B100,B101,B102,B103,B104,B105","B76,B77,B78,B79,B101,B102,B103",AGUA/GAA
414213,8ZHB,"A1447,A2351,A1441,A1442,A1443,A1444,A1445,A1446,A2356,A2352,A2353,A2354,A2355","A1443,A1444,A1445,A1446,A2352,A2353,A2354",AGUA/GAA
414404,8ZHC,"A87,A95,A96,A97,A98,A99,A100,A101,A80,A81,A82,A83,A84,A85,A86","A83,A84,A85,A86,A96,A97,A98",AGUA/GAA
414431,8ZHC,"B72,B106,B73,B74,B75,B76,B77,B78,B79,B80,B100,B101,B102,B103,B104,B105","B76,B77,B78,B79,B101,B102,B103",AGUA/GAA
414451,8ZHC,"A1447,A2351,A1441,A1442,A1443,A1444,A1445,A1446,A2356,A2352,A2353,A2354,A2355","A1443,A1444,A1445,A1446,A2352,A2353,A2354",AGUA/GAA
414639,8ZTU,"V239,V258,V253,V254,V255,V256,V257,V245,V240,V241,V242,V243,V244","V241,V242,V243,V244,V254,V255,V256",AGUA/GAA
414685,8ZTU,"V1262,V2017,V1263,V1264,V1265,V1266,V1267,V1268,V1269,V2011,V2012,V2013,V2014,V2015,V2016","V1265,V1266,V1267,V1268,V2012,V2013,V2014",AGUA/GAA
414686,8ZTU,"V1269,V2011,V2012,V2013,V2014,V2015,V2016,V2017,V1262,V1263,V1264,V1265,V1266,V1267,V1268","V1265,V1266,V1267,V1268,V2012,V2013,V2014",AGUA/GAA
414764,8ZTU,"V194,V201,V202,V203,V204,V205,V206,V207,V208,V188,V189,V190,V191,V192,V193","V204,V205,V206,V207,V189,V190,V191",AGUA/GAA
414765,8ZTU,"V194,V201,V188,V189,V190,V191,V192,V193,V208,V202,V203,V204,V205,V206,V207","V204,V205,V206,V207,V189,V190,V191",AGUA/GAA
414923,8ZTV,"V239,V258,V253,V254,V255,V256,V257,V245,V240,V241,V242,V243,V244","V241,V242,V243,V244,V254,V255,V256",AGUA/GAA
414967,8ZTV,"V1262,V2017,V1263,V1264,V1265,V1266,V1267,V1268,V1269,V2011,V2012,V2013,V2014,V2015,V2016","V1265,V1266,V1267,V1268,V2012,V2013,V2014",AGUA/GAA
414968,8ZTV,"V1269,V2011,V2012,V2013,V2014,V2015,V2016,V2017,V1262,V1263,V1264,V1265,V1266,V1267,V1268","V1265,V1266,V1267,V1268,V2012,V2013,V2014",AGUA/GAA
415044,8ZTV,"V194,V201,V202,V203,V204,V205,V206,V207,V208,V188,V189,V190,V191,V192,V193","V204,V205,V206,V207,V189,V190,V191",AGUA/GAA
415045,8ZTV,"V194,V201,V188,V189,V190,V191,V192,V193,V208,V202,V203,V204,V205,V206,V207","V204,V205,V206,V207,V189,V190,V191",AGUA/GAA
415449,9AXU,"C1478,C2447,C1479,C1480,C1481,C1482,C1483,C1484,C2442,C2443,C2444,C2445,C2446","C1480,C1481,C1482,C1483,C2443,C2444,C2445",AGUA/GAA
415450,9AXU,"C1478,C2447,C2442,C2443,C2444,C2445,C2446,C1479,C1480,C1481,C1482,C1483,C1484","C1480,C1481,C1482,C1483,C2443,C2444,C2445",AGUA/GAA
415487,9AXU,"C82,C103,C83,C84,C85,C86,C87,C88,C89,C97,C98,C99,C100,C101,C102","C85,C86,C87,C88,C98,C99,C100",AGUA/GAA
415488,9AXU,"C89,C97,C82,C83,C84,C85,C86,C87,C88,C103,C98,C99,C100,C101,C102","C85,C86,C87,C88,C98,C99,C100",AGUA/GAA
415521,9AXU,"D78,D109,D104,D105,D106,D107,D108,D84,D79,D80,D81,D82,D83","D80,D81,D82,D83,D105,D106,D107",AGUA/GAA
415871,9AZC,"V3348,V3366,V3349,V3350,V3351,V3352,V3353,V3354,V3355,V3360,V3361,V3362,V3363,V3364,V3365","V3351,V3352,V3353,V3354,V3361,V3362,V3363",AGUA/GAA
415893,9AZC,"V81,V102,V82,V83,V84,V85,V86,V87,V88,V96,V97,V98,V99,V100,V101","V84,V85,V86,V87,V97,V98,V99",AGUA/GAA
415894,9AZC,"W78,W98,W99,W100,W101,W102,W103,W104,W71,W72,W73,W74,W75,W76,W77","W74,W75,W76,W77,W99,W100,W101",AGUA/GAA
415895,9AZC,"W78,W98,W71,W72,W73,W74,W75,W76,W77,W99,W100,W101,W102,W103,W104","W74,W75,W76,W77,W99,W100,W101",AGUA/GAA
416106,9AZN,"U88,U96,U81,U82,U83,U84,U85,U86,U87,U102,U97,U98,U99,U100,U101","U84,U85,U86,U87,U97,U98,U99",AGUA/GAA
416163,9AZN,"V78,V98,V71,V72,V73,V74,V75,V76,V77,V104,V99,V100,V101,V102,V103","V74,V75,V76,V77,V99,V100,V101",AGUA/GAA
416321,9AZS,"U71,U104,U72,U73,U74,U75,U76,U77,U78,U98,U99,U100,U101,U102,U103","U74,U75,U76,U77,U99,U100,U101",AGUA/GAA
416423,9AZS,"T3355,T3360,T3348,T3349,T3350,T3351,T3352,T3353,T3354,T3361,T3362,T3363,T3364,T3365,T3366","T3351,T3352,T3353,T3354,T3361,T3362,T3363",AGUA/GAA
416451,9AZS,"T81,T102,T82,T83,T84,T85,T86,T87,T88,T96,T97,T98,T99,T100,T101","T84,T85,T86,T87,T97,T98,T99",AGUA/GAA
416529,9B00,"A176,A196,A189,A190,A191,A192,A193,A194,A195,A182,A177,A178,A179,A180,A181","A192,A193,A194,A195,A177,A178,A179",AGUA/GAA
416539,9B00,"A226,A247,A227,A228,A229,A230,A231,A232,A233,A241,A242,A243,A244,A245,A246","A229,A230,A231,A232,A242,A243,A244",AGUA/GAA
416799,9B0F,"D78,D98,D99,D100,D101,D102,D103,D104,D71,D72,D73,D74,D75,D76,D77","D74,D75,D76,D77,D99,D100,D101",AGUA/GAA
416800,9B0F,"D71,D104,D72,D73,D74,D75,D76,D77,D78,D98,D99,D100,D101,D102,D103","D74,D75,D76,D77,D99,D100,D101",AGUA/GAA
416832,9B0F,"C81,C102,C82,C83,C84,C85,C86,C87,C88,C96,C97,C98,C99,C100,C101","C84,C85,C86,C87,C97,C98,C99",AGUA/GAA
416951,9B0F,"B1168,B1191,B1185,B1186,B1187,B1188,B1189,B1190,B1176,B1169,B1170,B1171,B1172,B1173,B1174,B1175","B1170,B1171,B1172,B1173,B1187,B1188,B1189",AGUA/GAA
416952,9B0F,"B1176,B1185,B1186,B1187,B1188,B1189,B1190,B1191,B1168,B1169,B1170,B1171,B1172,B1173,B1174,B1175","B1170,B1171,B1172,B1173,B1187,B1188,B1189",AGUA/GAA
417264,9B0G,"B81,B102,B96,B97,B98,B99,B100,B101,B88,B82,B83,B84,B85,B86,B87","B84,B85,B86,B87,B97,B98,B99",AGUA/GAA
417265,9B0G,"B81,B102,B82,B83,B84,B85,B86,B87,B88,B96,B97,B98,B99,B100,B101","B84,B85,B86,B87,B97,B98,B99",AGUA/GAA
417283,9B0G,"C71,C104,C98,C99,C100,C101,C102,C103,C78,C72,C73,C74,C75,C76,C77","C74,C75,C76,C77,C99,C100,C101",AGUA/GAA
417341,9B0G,"A1176,A1185,A1186,A1187,A1188,A1189,A1190,A1191,A1168,A1169,A1170,A1171,A1172,A1173,A1174,A1175","A1170,A1171,A1172,A1173,A1187,A1188,A1189",AGUA/GAA
417629,9B0H,"B81,B102,B96,B97,B98,B99,B100,B101,B88,B82,B83,B84,B85,B86,B87","B84,B85,B86,B87,B97,B98,B99",AGUA/GAA
417630,9B0H,"B81,B102,B82,B83,B84,B85,B86,B87,B88,B96,B97,B98,B99,B100,B101","B84,B85,B86,B87,B97,B98,B99",AGUA/GAA
417647,9B0H,"C71,C104,C98,C99,C100,C101,C102,C103,C78,C72,C73,C74,C75,C76,C77","C74,C75,C76,C77,C99,C100,C101",AGUA/GAA
417703,9B0H,"A1176,A1185,A1186,A1187,A1188,A1189,A1190,A1191,A1168,A1169,A1170,A1171,A1172,A1173,A1174,A1175","A1170,A1171,A1172,A1173,A1187,A1188,A1189",AGUA/GAA
417821,9B0J,"T78,T98,T71,T72,T73,T74,T75,T76,T77,T104,T99,T100,T101,T102,T103","T74,T75,T76,T77,T99,T100,T101",AGUA/GAA
417894,9B0J,"S88,S96,S97,S98,S99,S100,S101,S102,S81,S82,S83,S84,S85,S86,S87","S84,S85,S86,S87,S97,S98,S99",AGUA/GAA
418159,9B0N,"V81,V102,V82,V83,V84,V85,V86,V87,V88,V96,V97,V98,V99,V100,V101","V84,V85,V86,V87,V97,V98,V99",AGUA/GAA
418160,9B0N,"W78,W98,W99,W100,W101,W102,W103,W104,W71,W72,W73,W74,W75,W76,W77","W74,W75,W76,W77,W99,W100,W101",AGUA/GAA
418161,9B0N,"W78,W98,W71,W72,W73,W74,W75,W76,W77,W99,W100,W101,W102,W103,W104","W74,W75,W76,W77,W99,W100,W101",AGUA/GAA
418394,9B0O,"V81,V102,V82,V83,V84,V85,V86,V87,V88,V96,V97,V98,V99,V100,V101","V84,V85,V86,V87,V97,V98,V99",AGUA/GAA
418395,9B0O,"W78,W98,W99,W100,W101,W102,W103,W104,W71,W72,W73,W74,W75,W76,W77","W74,W75,W76,W77,W99,W100,W101",AGUA/GAA
418396,9B0O,"W78,W98,W71,W72,W73,W74,W75,W76,W77,W99,W100,W101,W102,W103,W104","W74,W75,W76,W77,W99,W100,W101",AGUA/GAA
418584,9B0P,"A1176,A1185,A1186,A1187,A1188,A1189,A1190,A1191,A1168,A1169,A1170,A1171,A1172,A1173,A1174,A1175","A1170,A1171,A1172,A1173,A1187,A1188,A1189",AGUA/GAA
418680,9B0R,"B78,B98,B99,B100,B101,B102,B103,B104,B71,B72,B73,B74,B75,B76,B77","B74,B75,B76,B77,B99,B100,B101",AGUA/GAA
418750,9B0R,"A4603,A4608,A4596,A4597,A4598,A4599,A4600,A4601,A4602,A4614,A4609,A4610,A4611,A4612,A4613","A4599,A4600,A4601,A4602,A4609,A4610,A4611",AGUA/GAA
418767,9B0R,"A88,A96,A97,A98,A99,A100,A101,A102,A81,A82,A83,A84,A85,A86,A87","A84,A85,A86,A87,A97,A98,A99",AGUA/GAA
418941,9B0W,"U88,U96,U81,U82,U83,U84,U85,U86,U87,U102,U97,U98,U99,U100,U101","U84,U85,U86,U87,U97,U98,U99",AGUA/GAA
419000,9B0W,"V78,V98,V71,V72,V73,V74,V75,V76,V77,V104,V99,V100,V101,V102,V103","V74,V75,V76,V77,V99,V100,V101",AGUA/GAA
419148,9B11,"T78,T98,T71,T72,T73,T74,T75,T76,T77,T104,T99,T100,T101,T102,T103","T74,T75,T76,T77,T99,T100,T101",AGUA/GAA
419220,9B11,"S88,S96,S97,S98,S99,S100,S101,S102,S81,S82,S83,S84,S85,S86,S87","S84,S85,S86,S87,S97,S98,S99",AGUA/GAA
420429,9BDL,"D78,D98,D99,D100,D101,D102,D103,D104,D71,D72,D73,D74,D75,D76,D77","D74,D75,D76,D77,D99,D100,D101",AGUA/GAA
420430,9BDL,"D71,D104,D72,D73,D74,D75,D76,D77,D78,D98,D99,D100,D101,D102,D103","D74,D75,D76,D77,D99,D100,D101",AGUA/GAA
420446,9BDL,"B1750,B2560,B1751,B1752,B1753,B1754,B1755,B1756,B2555,B2556,B2557,B2558,B2559","B1752,B1753,B1754,B1755,B2556,B2557,B2558",AGUA/GAA
420462,9BDL,"B3223,B3241,B3224,B3225,B3226,B3227,B3228,B3229,B3230,B3235,B3236,B3237,B3238,B3239,B3240","B3226,B3227,B3228,B3229,B3236,B3237,B3238",AGUA/GAA
420533,9BDL,"B81,B102,B96,B97,B98,B99,B100,B101,B88,B82,B83,B84,B85,B86,B87","B84,B85,B86,B87,B97,B98,B99",AGUA/GAA
420534,9BDL,"B81,B102,B82,B83,B84,B85,B86,B87,B88,B96,B97,B98,B99,B100,B101","B84,B85,B86,B87,B97,B98,B99",AGUA/GAA
420619,9BDL,"A1176,A1185,A1186,A1187,A1188,A1189,A1190,A1191,A1168,A1169,A1170,A1171,A1172,A1173,A1174,A1175","A1170,A1171,A1172,A1173,A1187,A1188,A1189",AGUA/GAA
420804,9BDN,"B1750,B2560,B1751,B1752,B1753,B1754,B1755,B1756,B2555,B2556,B2557,B2558,B2559","B1752,B1753,B1754,B1755,B2556,B2557,B2558",AGUA/GAA
420819,9BDN,"B3223,B3241,B3224,B3225,B3226,B3227,B3228,B3229,B3230,B3235,B3236,B3237,B3238,B3239,B3240","B3226,B3227,B3228,B3229,B3236,B3237,B3238",AGUA/GAA
420893,9BDN,"B81,B102,B96,B97,B98,B99,B100,B101,B88,B82,B83,B84,B85,B86,B87","B84,B85,B86,B87,B97,B98,B99",AGUA/GAA
420894,9BDN,"B81,B102,B82,B83,B84,B85,B86,B87,B88,B96,B97,B98,B99,B100,B101","B84,B85,B86,B87,B97,B98,B99",AGUA/GAA
421263,9BDP,"B81,B102,B96,B97,B98,B99,B100,B101,B88,B82,B83,B84,B85,B86,B87","B84,B85,B86,B87,B97,B98,B99",AGUA/GAA
421264,9BDP,"B81,B102,B82,B83,B84,B85,B86,B87,B88,B96,B97,B98,B99,B100,B101","B84,B85,B86,B87,B97,B98,B99",AGUA/GAA
421497,9BH5,"G1070,G1093,G1071,G1072,G1073,G1074,G1075,G1076,G1077,G1078,G1087,G1088,G1089,G1090,G1091,G1092","G1072,G1073,G1074,G1075,G1089,G1090,G1091",AGUA/GAA
421498,9BH5,"G1070,G1093,G1087,G1088,G1089,G1090,G1091,G1092,G1078,G1071,G1072,G1073,G1074,G1075,G1076,G1077","G1072,G1073,G1074,G1075,G1089,G1090,G1091",AGUA/GAA
421508,9BH5,"E71,E104,E98,E99,E100,E101,E102,E103,E72,E73,E74,E75,E76,E77,E78","E74,E75,E76,E77,E99,E100,E101",AGUA/GAA
421678,9BH5,"H88,H96,H81,H82,H83,H84,H85,H86,H87,H97,H98,H99,H100,H101,H102","H84,H85,H86,H87,H97,H98,H99",AGUA/GAA
421679,9BH5,"H88,H96,H97,H98,H99,H100,H101,H102,H81,H82,H83,H84,H85,H86,H87","H84,H85,H86,H87,H97,H98,H99",AGUA/GAA
421702,9BH5,"H1509,H2462,H1510,H1511,H1512,H1513,H1514,H1515,H2457,H2458,H2459,H2460,H2461","H1511,H1512,H1513,H1514,H2458,H2459,H2460",AGUA/GAA
421749,9BKD,"A1176,A1185,A1186,A1187,A1188,A1189,A1190,A1191,A1168,A1169,A1170,A1171,A1172,A1173,A1174,A1175","A1170,A1171,A1172,A1173,A1187,A1188,A1189",AGUA/GAA
421914,9BLN,"I1028,I1051,I1029,I1030,I1031,I1032,I1033,I1034,I1035,I1036,I1045,I1046,I1047,I1048,I1049,I1050","I1030,I1031,I1032,I1033,I1047,I1048,I1049",AGUA/GAA
422051,9BS0,"A248,A256,A241,A242,A243,A244,A245,A246,A247,A262,A257,A258,A259,A260,A261","A244,A245,A246,A247,A257,A258,A259",AGUA/GAA
422186,9BSL,"A248,A256,A241,A242,A243,A244,A245,A246,A247,A262,A257,A258,A259,A260,A261","A244,A245,A246,A247,A257,A258,A259",AGUA/GAA
422324,9BSS,"A248,A256,A241,A242,A243,A244,A245,A246,A247,A262,A257,A258,A259,A260,A261","A244,A245,A246,A247,A257,A258,A259",AGUA/GAA
422458,9BUP,"H1219,H1230,H1231,H1232,H1233,H1234,H1235,H1212,H1213,H1214,H1215,H1216,H1217,H1218","H1214,H1215,H1216,H1217,H1231,H1232,H1233",AGUA/GAA
422569,9BUQ,"H1219,H1230,H1231,H1232,H1233,H1234,H1235,H1212,H1213,H1214,H1215,H1216,H1217,H1218","H1214,H1215,H1216,H1217,H1231,H1232,H1233",AGUA/GAA
422684,9BUS,"H1219,H1230,H1231,H1232,H1233,H1234,H1235,H1212,H1213,H1214,H1215,H1216,H1217,H1218","H1214,H1215,H1216,H1217,H1231,H1232,H1233",AGUA/GAA
422795,9BUT,"D78,D98,D99,D100,D101,D102,D103,D104,D71,D72,D73,D74,D75,D76,D77","D74,D75,D76,D77,D99,D100,D101",AGUA/GAA
422797,9BUT,"D71,D104,D72,D73,D74,D75,D76,D77,D78,D98,D99,D100,D101,D102,D103","D74,D75,D76,D77,D99,D100,D101",AGUA/GAA
422814,9BUT,"B89,B97,B98,B99,B100,B101,B102,B103,B82,B83,B84,B85,B86,B87,B88","B85,B86,B87,B88,B98,B99,B100",AGUA/GAA
422843,9BUT,"B1599,B2647,B2648,B2649,B2650,B2651,B2652,B1593,B1594,B1595,B1596,B1597,B1598","B1595,B1596,B1597,B1598,B2648,B2649,B2650",AGUA/GAA
423013,9BUU,"D78,D98,D99,D100,D101,D102,D103,D104,D71,D72,D73,D74,D75,D76,D77","D74,D75,D76,D77,D99,D100,D101",AGUA/GAA
423015,9BUU,"D71,D104,D72,D73,D74,D75,D76,D77,D78,D98,D99,D100,D101,D102,D103","D74,D75,D76,D77,D99,D100,D101",AGUA/GAA
423032,9BUU,"B89,B97,B98,B99,B100,B101,B102,B103,B82,B83,B84,B85,B86,B87,B88","B85,B86,B87,B88,B98,B99,B100",AGUA/GAA
423060,9BUU,"B1599,B2647,B2648,B2649,B2650,B2651,B2652,B1593,B1594,B1595,B1596,B1597,B1598","B1595,B1596,B1597,B1598,B2648,B2649,B2650",AGUA/GAA
423260,9C3H,"D78,D98,D99,D100,D101,D102,D103,D104,D71,D72,D73,D74,D75,D76,D77","D74,D75,D76,D77,D99,D100,D101",AGUA/GAA
423261,9C3H,"D71,D104,D72,D73,D74,D75,D76,D77,D78,D98,D99,D100,D101,D102,D103","D74,D75,D76,D77,D99,D100,D101",AGUA/GAA
423268,9C3H,"B4603,B4608,B4596,B4597,B4598,B4599,B4600,B4601,B4602,B4614,B4609,B4610,B4611,B4612,B4613","B4599,B4600,B4601,B4602,B4609,B4610,B4611",AGUA/GAA
423313,9C3H,"B81,B102,B96,B97,B98,B99,B100,B101,B88,B82,B83,B84,B85,B86,B87","B84,B85,B86,B87,B97,B98,B99",AGUA/GAA
423314,9C3H,"B81,B102,B82,B83,B84,B85,B86,B87,B88,B96,B97,B98,B99,B100,B101","B84,B85,B86,B87,B97,B98,B99",AGUA/GAA
423460,9C4G,"a1347,a2193,a1339,a1340,a1341,a1342,a1343,a1344,a1345,a1346,a2200,a2194,a2195,a2196,a2197,a2198,a2199","a1342,a1343,a1344,a1345,a2195,a2196,a2197",AGUA/GAA
423481,9C4G,"a195,a215,a196,a197,a198,a199,a200,a201,a208,a209,a210,a211,a212,a213,a214","a211,a212,a213,a214,a196,a197,a198",AGUA/GAA
423496,9C4G,"a201,a208,a195,a196,a197,a198,a199,a200,a215,a209,a210,a211,a212,a213,a214","a211,a212,a213,a214,a196,a197,a198",AGUA/GAA
423506,9C4G,"a245,a266,a260,a261,a262,a263,a264,a265,a246,a247,a248,a249,a250,a251,a252","a248,a249,a250,a251,a261,a262,a263",AGUA/GAA
423582,9C6I,"A296,A321,A316,A317,A318,A319,A320,A303,A297,A298,A299,A300,A301,A302","A299,A300,A301,A302,A317,A318,A319",AGUA/GAA
423583,9C6I,"A296,A321,A297,A298,A299,A300,A301,A302,A303,A316,A317,A318,A319,A320","A299,A300,A301,A302,A317,A318,A319",AGUA/GAA
423596,9C6I,"A303,A316,A317,A318,A319,A320,A321,A296,A297,A298,A299,A300,A301,A302","A299,A300,A301,A302,A317,A318,A319",AGUA/GAA
423601,9C6J,"A296,A321,A316,A317,A318,A319,A320,A303,A297,A298,A299,A300,A301,A302","A299,A300,A301,A302,A317,A318,A319",AGUA/GAA
423602,9C6J,"A296,A321,A297,A298,A299,A300,A301,A302,A303,A316,A317,A318,A319,A320","A299,A300,A301,A302,A317,A318,A319",AGUA/GAA
423616,9C6J,"A303,A316,A317,A318,A319,A320,A321,A296,A297,A298,A299,A300,A301,A302","A299,A300,A301,A302,A317,A318,A319",AGUA/GAA
423790,9CAI,"L1509,L2462,L2457,L2458,L2459,L2460,L2461,L1515,L1510,L1511,L1512,L1513,L1514","L1511,L1512,L1513,L1514,L2458,L2459,L2460",AGUA/GAA
423826,9CAI,"I71,I104,I72,I73,I74,I75,I76,I77,I78,I98,I99,I100,I101,I102,I103","I74,I75,I76,I77,I99,I100,I101",AGUA/GAA
423900,9CAI,"L81,L102,L96,L97,L98,L99,L100,L101,L82,L83,L84,L85,L86,L87,L88","L84,L85,L86,L87,L97,L98,L99",AGUA/GAA
423904,9CAI,"K1070,K1093,K1087,K1088,K1089,K1090,K1091,K1092,K1071,K1072,K1073,K1074,K1075,K1076,K1077,K1078","K1072,K1073,K1074,K1075,K1089,K1090,K1091",AGUA/GAA
423905,9CAI,"K1078,K1087,K1088,K1089,K1090,K1091,K1092,K1093,K1070,K1071,K1072,K1073,K1074,K1075,K1076,K1077","K1072,K1073,K1074,K1075,K1089,K1090,K1091",AGUA/GAA
424428,9CN3,"K75,K83,K69,K70,K71,K72,K73,K74,K84,K85,K86,K87,K88","K71,K72,K73,K74,K84,K85,K86",AGUA/GAA
424463,9CN3,"K636,K1010,K1004,K1005,K1006,K1007,K1008,K1009,K637,K638,K639,K640,K641,K642,K643","K639,K640,K641,K642,K1005,K1006,K1007",AGUA/GAA
424538,9D0J,"A176,A196,A189,A190,A191,A192,A193,A194,A195,A182,A177,A178,A179,A180,A181","A192,A193,A194,A195,A177,A178,A179",AGUA/GAA
424548,9D0J,"A226,A247,A227,A228,A229,A230,A231,A232,A233,A241,A242,A243,A244,A245,A246","A229,A230,A231,A232,A242,A243,A244",AGUA/GAA
424610,9D0J,"A1314,A2032,A1307,A1308,A1309,A1310,A1311,A1312,A1313,A2038,A2033,A2034,A2035,A2036,A2037","A1310,A1311,A1312,A1313,A2033,A2034,A2035",AGUA/GAA
424611,9D0J,"A1307,A2038,A1308,A1309,A1310,A1311,A1312,A1313,A1314,A2032,A2033,A2034,A2035,A2036,A2037","A1310,A1311,A1312,A1313,A2033,A2034,A2035",AGUA/GAA
424716,9D7R,"A176,A196,A189,A190,A191,A192,A193,A194,A195,A182,A177,A178,A179,A180,A181","A192,A193,A194,A195,A177,A178,A179",AGUA/GAA
424726,9D7R,"A226,A247,A227,A228,A229,A230,A231,A232,A233,A241,A242,A243,A244,A245,A246","A229,A230,A231,A232,A242,A243,A244",AGUA/GAA
424883,9D7S,"A176,A196,A189,A190,A191,A192,A193,A194,A195,A182,A177,A178,A179,A180,A181","A192,A193,A194,A195,A177,A178,A179",AGUA/GAA
424893,9D7S,"A226,A247,A227,A228,A229,A230,A231,A232,A233,A241,A242,A243,A244,A245,A246","A229,A230,A231,A232,A242,A243,A244",AGUA/GAA
425051,9D7T,"A176,A196,A189,A190,A191,A192,A193,A194,A195,A182,A177,A178,A179,A180,A181","A192,A193,A194,A195,A177,A178,A179",AGUA/GAA
425061,9D7T,"A226,A247,A227,A228,A229,A230,A231,A232,A233,A241,A242,A243,A244,A245,A246","A229,A230,A231,A232,A242,A243,A244",AGUA/GAA
425121,9D7T,"A1314,A2032,A1307,A1308,A1309,A1310,A1311,A1312,A1313,A2038,A2033,A2034,A2035,A2036,A2037","A1310,A1311,A1312,A1313,A2033,A2034,A2035",AGUA/GAA
425122,9D7T,"A1307,A2038,A1308,A1309,A1310,A1311,A1312,A1313,A1314,A2032,A2033,A2034,A2035,A2036,A2037","A1310,A1311,A1312,A1313,A2033,A2034,A2035",AGUA/GAA
425226,9D89,"D1264,D2021,D2015,D2016,D2017,D2018,D2019,D2020,D1271,D1265,D1266,D1267,D1268,D1269,D1270","D1267,D1268,D1269,D1270,D2016,D2017,D2018",AGUA/GAA
425252,9D89,"D245,D253,D239,D240,D241,D242,D243,D244,D258,D254,D255,D256,D257","D241,D242,D243,D244,D254,D255,D256",AGUA/GAA
425353,9D89,"D194,D201,D188,D189,D190,D191,D192,D193,D208,D202,D203,D204,D205,D206,D207","D204,D205,D206,D207,D189,D190,D191",AGUA/GAA
425467,9DFC,"A226,A247,A227,A228,A229,A230,A231,A232,A233,A241,A242,A243,A244,A245,A246","A229,A230,A231,A232,A242,A243,A244",AGUA/GAA
425532,9DFC,"A1314,A2032,A1307,A1308,A1309,A1310,A1311,A1312,A1313,A2038,A2033,A2034,A2035,A2036,A2037","A1310,A1311,A1312,A1313,A2033,A2034,A2035",AGUA/GAA
425533,9DFC,"A1307,A2038,A1308,A1309,A1310,A1311,A1312,A1313,A1314,A2032,A2033,A2034,A2035,A2036,A2037","A1310,A1311,A1312,A1313,A2033,A2034,A2035",AGUA/GAA
425630,9DFD,"A176,A196,A189,A190,A191,A192,A193,A194,A195,A182,A177,A178,A179,A180,A181","A192,A193,A194,A195,A177,A178,A179",AGUA/GAA
425640,9DFD,"A226,A247,A227,A228,A229,A230,A231,A232,A233,A241,A242,A243,A244,A245,A246","A229,A230,A231,A232,A242,A243,A244",AGUA/GAA
425702,9DFD,"A1314,A2032,A1307,A1308,A1309,A1310,A1311,A1312,A1313,A2038,A2033,A2034,A2035,A2036,A2037","A1310,A1311,A1312,A1313,A2033,A2034,A2035",AGUA/GAA
425703,9DFD,"A1307,A2038,A1308,A1309,A1310,A1311,A1312,A1313,A1314,A2032,A2033,A2034,A2035,A2036,A2037","A1310,A1311,A1312,A1313,A2033,A2034,A2035",AGUA/GAA
425804,9DFE,"A176,A196,A189,A190,A191,A192,A193,A194,A195,A182,A177,A178,A179,A180,A181","A192,A193,A194,A195,A177,A178,A179",AGUA/GAA
425814,9DFE,"A226,A247,A227,A228,A229,A230,A231,A232,A233,A241,A242,A243,A244,A245,A246","A229,A230,A231,A232,A242,A243,A244",AGUA/GAA
426258,9E6Q,"A175,A182,A169,A170,A171,A172,A173,A174,A183,A184,A185,A186,A187,A188,A189","A185,A186,A187,A188,A170,A171,A172",AGUA/GAA
426264,9E6Q,"A2773,A2778,A2779,A2780,A2781,A2782,A2783,A2784,A2766,A2767,A2768,A2769,A2770,A2771,A2772","A2769,A2770,A2771,A2772,A2779,A2780,A2781",AGUA/GAA
426273,9E6Q,"A592,A616,A593,A594,A595,A596,A597,A610,A611,A612,A613,A614,A615","A612,A613,A614,A615,A593,A594,A595",AGUA/GAA
426309,9E6Q,"A226,A234,A219,A220,A221,A222,A223,A224,A225,A235,A236,A237,A238,A239,A240","A222,A223,A224,A225,A235,A236,A237",AGUA/GAA
426315,9E6Q,"B85,B105,B106,B107,B108,B109,B110,B79,B80,B81,B82,B83,B84","B81,B82,B83,B84,B106,B107,B108",AGUA/GAA
426409,9E71,"B226,B234,B235,B236,B237,B238,B239,B240,B219,B220,B221,B222,B223,B224,B225","B222,B223,B224,B225,B235,B236,B237",AGUA/GAA
426444,9E71,"B592,B616,B593,B594,B595,B596,B597,B610,B611,B612,B613,B614,B615","B612,B613,B614,B615,B593,B594,B595",AGUA/GAA
426460,9E71,"B169,B189,B170,B171,B172,B173,B174,B175,B182,B183,B184,B185,B186,B187,B188","B185,B186,B187,B188,B170,B171,B172",AGUA/GAA
426472,9E71,"A79,A110,A105,A106,A107,A108,A109,A80,A81,A82,A83,A84,A85","A81,A82,A83,A84,A106,A107,A108",AGUA/GAA
426524,9E71,"B2766,B2784,B2767,B2768,B2769,B2770,B2771,B2772,B2773,B2778,B2779,B2780,B2781,B2782,B2783","B2769,B2770,B2771,B2772,B2779,B2780,B2781",AGUA/GAA
426525,9E71,"B2773,B2778,B2766,B2767,B2768,B2769,B2770,B2771,B2772,B2779,B2780,B2781,B2782,B2783,B2784","B2769,B2770,B2771,B2772,B2779,B2780,B2781",AGUA/GAA
426623,9E7F,"C2766,C2784,C2767,C2768,C2769,C2770,C2771,C2772,C2773,C2778,C2779,C2780,C2781,C2782,C2783","C2769,C2770,C2771,C2772,C2779,C2780,C2781",AGUA/GAA
426667,9E7F,"A79,A110,A105,A106,A107,A108,A109,A80,A81,A82,A83,A84,A85","A81,A82,A83,A84,A106,A107,A108",AGUA/GAA
426692,9E7F,"C226,C234,C235,C236,C237,C238,C239,C240,C219,C220,C221,C222,C223,C224,C225","C222,C223,C224,C225,C235,C236,C237",AGUA/GAA
426699,9E7F,"C592,C616,C610,C611,C612,C613,C614,C615,C593,C594,C595,C596,C597","C612,C613,C614,C615,C593,C594,C595",AGUA/GAA
426733,9E7F,"C169,C189,C182,C183,C184,C185,C186,C187,C188,C170,C171,C172,C173,C174,C175","C185,C186,C187,C188,C170,C171,C172",AGUA/GAA
426771,9ELY,"A131,A153,A124,A125,A126,A127,A128,A129,A130,A159,A154,A155,A156,A157,A158","A127,A128,A129,A130,A154,A155,A156",AGUA/GAA
427466,9F58,"I72,I106,I100,I101,I102,I103,I104,I105,I73,I74,I75,I76,I77,I78,I79,I80","I76,I77,I78,I79,I101,I102,I103",AGUA/GAA
427468,9F58,"I80,I100,I101,I102,I103,I104,I105,I106,I72,I73,I74,I75,I76,I77,I78,I79","I76,I77,I78,I79,I101,I102,I103",AGUA/GAA
427536,9F9S,"E82,E103,E97,E98,E99,E100,E101,E102,E89,E83,E84,E85,E86,E87,E88","E85,E86,E87,E88,E98,E99,E100",AGUA/GAA
427576,9F9S,"G72,G106,G73,G74,G75,G76,G77,G78,G79,G80,G100,G101,G102,G103,G104,G105","G76,G77,G78,G79,G101,G102,G103",AGUA/GAA
427577,9F9S,"G80,G100,G101,G102,G103,G104,G105,G106,G72,G73,G74,G75,G76,G77,G78,G79","G76,G77,G78,G79,G101,G102,G103",AGUA/GAA
427595,9F9S,"E1450,E2354,E2355,E2356,E2357,E2358,E2359,E1444,E1445,E1446,E1447,E1448,E1449","E1446,E1447,E1448,E1449,E2355,E2356,E2357",AGUA/GAA
427604,9F9S,"E3018,E3036,E3019,E3020,E3021,E3022,E3023,E3024,E3025,E3030,E3031,E3032,E3033,E3034,E3035","E3021,E3022,E3023,E3024,E3031,E3032,E3033",AGUA/GAA
428391,9G1Z,"J1104,J1113,J1114,J1115,J1116,J1117,J1118,J1119,J1096,J1097,J1098,J1099,J1100,J1101,J1102,J1103","J1098,J1099,J1100,J1101,J1115,J1116,J1117",AGUA/GAA
428455,9G1Z,"C72,C106,C100,C101,C102,C103,C104,C105,C80,C73,C74,C75,C76,C77,C78,C79","C76,C77,C78,C79,C101,C102,C103",AGUA/GAA
428573,9G30,"B2988,B3006,B2989,B2990,B2991,B2992,B2993,B2994,B2995,B3000,B3001,B3002,B3003,B3004,B3005","B2991,B2992,B2993,B2994,B3001,B3002,B3003",AGUA/GAA
428621,9G30,"J1104,J1113,J1114,J1115,J1116,J1117,J1118,J1119,J1096,J1097,J1098,J1099,J1100,J1101,J1102,J1103","J1098,J1099,J1100,J1101,J1115,J1116,J1117",AGUA/GAA
428639,9G30,"D80,D100,D101,D102,D103,D104,D105,D106,D72,D73,D74,D75,D76,D77,D78,D79","D76,D77,D78,D79,D101,D102,D103",AGUA/GAA
428652,9G30,"B87,B93,B94,B95,B96,B97,B98,B99,B100,B79,B80,B81,B82,B83,B84,B85,B86","B82,B83,B84,B85,B95,B96,B97",AGUA/GAA
428765,9G30,"B1438,B2335,B1439,B1440,B1441,B1442,B1443,B1444,B2330,B2331,B2332,B2333,B2334","B1440,B1441,B1442,B1443,B2331,B2332,B2333",AGUA/GAA
429007,9G5E,"A1429,A1460,A1430,A1431,A1432,A1433,A1434,A1456,A1457,A1458,A1459","A1430,A1431,A1432,A1433,A1457,A1458,A1459",AGUA/GAA
429121,9G6J,"B2988,B3006,B2989,B2990,B2991,B2992,B2993,B2994,B2995,B3000,B3001,B3002,B3003,B3004,B3005","B2991,B2992,B2993,B2994,B3001,B3002,B3003",AGUA/GAA
429168,9G6J,"J1104,J1113,J1114,J1115,J1116,J1117,J1118,J1119,J1096,J1097,J1098,J1099,J1100,J1101,J1102,J1103","J1098,J1099,J1100,J1101,J1115,J1116,J1117",AGUA/GAA
429189,9G6J,"D80,D100,D101,D102,D103,D104,D105,D106,D72,D73,D74,D75,D76,D77,D78,D79","D76,D77,D78,D79,D101,D102,D103",AGUA/GAA
429200,9G6J,"B87,B93,B94,B95,B96,B97,B98,B99,B100,B79,B80,B81,B82,B83,B84,B85,B86","B82,B83,B84,B85,B95,B96,B97",AGUA/GAA
429310,9G6J,"B1438,B2335,B1439,B1440,B1441,B1442,B1443,B1444,B2330,B2331,B2332,B2333,B2334","B1440,B1441,B1442,B1443,B2331,B2332,B2333",AGUA/GAA
430766,9GHG,"J241,J262,J242,J243,J244,J245,J246,J247,J248,J256,J257,J258,J259,J260,J261","J244,J245,J246,J247,J257,J258,J259",AGUA/GAA
430792,9GHG,"J1308,J2037,J2038,J2039,J2040,J2041,J2042,J2043,J2044,J1300,J1301,J1302,J1303,J1304,J1305,J1306,J1307","J1303,J1304,J1305,J1306,J2039,J2040,J2041",AGUA/GAA
430838,9GHG,"J197,J204,J205,J206,J207,J208,J209,J210,J211,J212,J190,J191,J192,J193,J194,J195,J196","J207,J208,J209,J210,J192,J193,J194",AGUA/GAA
430891,9GHG,"J1300,J2044,J1301,J1302,J1303,J1304,J1305,J1306,J1307,J1308,J2037,J2038,J2039,J2040,J2041,J2042,J2043","J1303,J1304,J1305,J1306,J2039,J2040,J2041",AGUA/GAA
430947,9GHH,"J241,J262,J242,J243,J244,J245,J246,J247,J248,J256,J257,J258,J259,J260,J261","J244,J245,J246,J247,J257,J258,J259",AGUA/GAA
430973,9GHH,"J1308,J2037,J2038,J2039,J2040,J2041,J2042,J2043,J2044,J1300,J1301,J1302,J1303,J1304,J1305,J1306,J1307","J1303,J1304,J1305,J1306,J2039,J2040,J2041",AGUA/GAA
431019,9GHH,"J197,J204,J205,J206,J207,J208,J209,J210,J211,J212,J190,J191,J192,J193,J194,J195,J196","J207,J208,J209,J210,J192,J193,J194",AGUA/GAA
431072,9GHH,"J1300,J2044,J1301,J1302,J1303,J1304,J1305,J1306,J1307,J1308,J2037,J2038,J2039,J2040,J2041,J2042,J2043","J1303,J1304,J1305,J1306,J2039,J2040,J2041",AGUA/GAA
431154,9GMO,"A88,A96,A97,A98,A99,A100,A101,A102,A81,A82,A83,A84,A85,A86,A87","A84,A85,A86,A87,A97,A98,A99",AGUA/GAA
431217,9GMO,"B70,B103,B71,B72,B73,B74,B75,B76,B77,B97,B98,B99,B100,B101,B102","B73,B74,B75,B76,B98,B99,B100",AGUA/GAA
431218,9GMO,"B77,B97,B98,B99,B100,B101,B102,B103,B70,B71,B72,B73,B74,B75,B76","B73,B74,B75,B76,B98,B99,B100",AGUA/GAA
431351,9GR1,"E896,E903,E887,E888,E889,E890,E891,E892,E893,E894,E895,E910,E904,E905,E906,E907,E908,E909","E889,E890,E891,E892,E906,E907,E908",AGUA/AAA
432279,9GXX,"Z194,Z201,Z202,Z203,Z204,Z205,Z206,Z207,Z208,Z188,Z189,Z190,Z191,Z192,Z193","Z204,Z205,Z206,Z207,Z189,Z190,Z191",AGUA/GAA
432384,9GXX,"Z239,Z258,Z253,Z254,Z255,Z256,Z257,Z240,Z241,Z242,Z243,Z244,Z245","Z241,Z242,Z243,Z244,Z254,Z255,Z256",AGUA/GAA
432385,9GXX,"Z239,Z258,Z240,Z241,Z242,Z243,Z244,Z245,Z253,Z254,Z255,Z256,Z257","Z241,Z242,Z243,Z244,Z254,Z255,Z256",AGUA/GAA
432402,9GXX,"Z1262,Z2017,Z2011,Z2012,Z2013,Z2014,Z2015,Z2016,Z1269,Z1263,Z1264,Z1265,Z1266,Z1267,Z1268","Z1265,Z1266,Z1267,Z1268,Z2012,Z2013,Z2014",AGUA/GAA
432575,9GY4,"A88,A96,A97,A98,A99,A100,A101,A102,A81,A82,A83,A84,A85,A86,A87","A84,A85,A86,A87,A97,A98,A99",AGUA/GAA
432616,9GY4,"B78,B98,B99,B100,B101,B102,B103,B104,B71,B72,B73,B74,B75,B76,B77","B74,B75,B76,B77,B99,B100,B101",AGUA/GAA
432796,9H0L,"Z194,Z201,Z202,Z203,Z204,Z205,Z206,Z207,Z208,Z188,Z189,Z190,Z191,Z192,Z193","Z204,Z205,Z206,Z207,Z189,Z190,Z191",AGUA/GAA
432902,9H0L,"Z239,Z258,Z253,Z254,Z255,Z256,Z257,Z240,Z241,Z242,Z243,Z244,Z245","Z241,Z242,Z243,Z244,Z254,Z255,Z256",AGUA/GAA
432903,9H0L,"Z239,Z258,Z240,Z241,Z242,Z243,Z244,Z245,Z253,Z254,Z255,Z256,Z257","Z241,Z242,Z243,Z244,Z254,Z255,Z256",AGUA/GAA
432920,9H0L,"Z1262,Z2017,Z2011,Z2012,Z2013,Z2014,Z2015,Z2016,Z1269,Z1263,Z1264,Z1265,Z1266,Z1267,Z1268","Z1265,Z1266,Z1267,Z1268,Z2012,Z2013,Z2014",AGUA/GAA
435007,9H3Y,"A1262,A2017,A2011,A2012,A2013,A2014,A2015,A2016,A1263,A1264,A1265,A1266,A1267,A1268,A1269","A1265,A1266,A1267,A1268,A2012,A2013,A2014",AGUA/GAA
435064,9H3Y,"A239,A258,A253,A254,A255,A256,A257,A240,A241,A242,A243,A244,A245","A241,A242,A243,A244,A254,A255,A256",AGUA/GAA
435248,9H3Z,"A239,A258,A253,A254,A255,A256,A257,A240,A241,A242,A243,A244,A245","A241,A242,A243,A244,A254,A255,A256",AGUA/GAA
435496,9H91,"A243,A251,A237,A238,A239,A240,A241,A242,A252,A253,A254,A255,A256","A239,A240,A241,A242,A252,A253,A254",AGUA/GAA
435550,9H91,"A1253,A1997,A1246,A1247,A1248,A1249,A1250,A1251,A1252,A2003,A1998,A1999,A2000,A2001,A2002","A1249,A1250,A1251,A1252,A1998,A1999,A2000",AGUA/GAA
436267,9HA6,"A239,A258,A253,A254,A255,A256,A257,A240,A241,A242,A243,A244,A245","A241,A242,A243,A244,A254,A255,A256",AGUA/GAA
436798,9HFM,"A1429,A1460,A1430,A1431,A1432,A1433,A1434,A1456,A1457,A1458,A1459","A1430,A1431,A1432,A1433,A1457,A1458,A1459",AGUA/GAA
436847,9HFN,"A1429,A1460,A1430,A1431,A1432,A1433,A1434,A1456,A1457,A1458,A1459","A1430,A1431,A1432,A1433,A1457,A1458,A1459",AGUA/GAA
437146,9J1M,"G247,G255,G241,G242,G243,G244,G245,G246,G256,G257,G258,G259,G260","G243,G244,G245,G246,G256,G257,G258",AGUA/GAA
437147,9J1M,"G241,G260,G255,G256,G257,G258,G259,G247,G242,G243,G244,G245,G246","G243,G244,G245,G246,G256,G257,G258",AGUA/GAA
437230,9J1M,"G196,G203,G204,G205,G206,G207,G208,G209,G210,G190,G191,G192,G193,G194,G195","G206,G207,G208,G209,G191,G192,G193",AGUA/GAA
437299,9J3R,"A354,A426,A427,A428,A429,A430,A431,A432,A347,A348,A349,A350,A351,A352,A353","A349,A350,A351,A352,A428,A429,A430",AGUA/GAA
437325,9J3R,"B347,B432,B426,B427,B428,B429,B430,B431,B348,B349,B350,B351,B352,B353,B354","B349,B350,B351,B352,B428,B429,B430",AGUA/GAA
437344,9J3R,"C354,C426,C427,C428,C429,C430,C431,C432,C347,C348,C349,C350,C351,C352,C353","C349,C350,C351,C352,C428,C429,C430",AGUA/GAA
437356,9J3R,"D347,D432,D426,D427,D428,D429,D430,D431,D354,D348,D349,D350,D351,D352,D353","D349,D350,D351,D352,D428,D429,D430",AGUA/GAA
437400,9J3T,"E347,E432,E426,E427,E428,E429,E430,E431,E348,E349,E350,E351,E352,E353,E354","E349,E350,E351,E352,E428,E429,E430",AGUA/GAA
437407,9J3T,"A354,A426,A427,A428,A429,A430,A431,A432,A347,A348,A349,A350,A351,A352,A353","A349,A350,A351,A352,A428,A429,A430",AGUA/GAA
437474,9J3T,"B347,B432,B426,B427,B428,B429,B430,B431,B348,B349,B350,B351,B352,B353,B354","B349,B350,B351,B352,B428,B429,B430",AGUA/GAA
437487,9J3T,"H354,H426,H427,H428,H429,H430,H431,H432,H347,H348,H349,H350,H351,H352,H353","H349,H350,H351,H352,H428,H429,H430",AGUA/GAA
437516,9J3T,"C354,C426,C427,C428,C429,C430,C431,C432,C347,C348,C349,C350,C351,C352,C353","C349,C350,C351,C352,C428,C429,C430",AGUA/GAA
437536,9J3T,"F354,F426,F347,F348,F349,F350,F351,F352,F353,F427,F428,F429,F430,F431,F432","F349,F350,F351,F352,F428,F429,F430",AGUA/GAA
437542,9J3T,"G347,G432,G348,G349,G350,G351,G352,G353,G354,G426,G427,G428,G429,G430,G431","G349,G350,G351,G352,G428,G429,G430",AGUA/GAA
437543,9J3T,"D347,D432,D426,D427,D428,D429,D430,D431,D354,D348,D349,D350,D351,D352,D353","D349,D350,D351,D352,D428,D429,D430",AGUA/GAA
437551,9J3T,"H347,H432,H426,H427,H428,H429,H430,H431,H354,H348,H349,H350,H351,H352,H353","H349,H350,H351,H352,H428,H429,H430",AGUA/GAA
437811,9J9H,"A1593,A2652,A1594,A1595,A1596,A1597,A1598,A1599,A2647,A2648,A2649,A2650,A2651","A1595,A1596,A1597,A1598,A2648,A2649,A2650",AGUA/GAA
437926,9J9H,"A89,A97,A82,A83,A84,A85,A86,A87,A88,A103,A98,A99,A100,A101,A102","A85,A86,A87,A88,A98,A99,A100",AGUA/GAA
438022,9J9I,"C1219,C1230,C1231,C1232,C1233,C1234,C1235,C1212,C1213,C1214,C1215,C1216,C1217,C1218","C1214,C1215,C1216,C1217,C1231,C1232,C1233",AGUA/GAA
438038,9J9I,"A1594,A2653,A2648,A2649,A2650,A2651,A2652,A1595,A1596,A1597,A1598,A1599,A1600","A1596,A1597,A1598,A1599,A2649,A2650,A2651",AGUA/GAA
438086,9J9I,"E71,E104,E98,E99,E100,E101,E102,E103,E72,E73,E74,E75,E76,E77,E78","E74,E75,E76,E77,E99,E100,E101",AGUA/GAA
438239,9J9I,"A89,A97,A82,A83,A84,A85,A86,A87,A88,A103,A98,A99,A100,A101,A102","A85,A86,A87,A88,A98,A99,A100",AGUA/GAA
439469,9MM6,"E347,E432,E426,E427,E428,E429,E430,E431,E348,E349,E350,E351,E352,E353,E354","E349,E350,E351,E352,E428,E429,E430",AGUA/GAA
439485,9MM6,"A354,A426,A427,A428,A429,A430,A431,A432,A347,A348,A349,A350,A351,A352,A353","A349,A350,A351,A352,A428,A429,A430",AGUA/GAA
439493,9MM6,"U347,U432,U426,U427,U428,U429,U430,U431,U354,U348,U349,U350,U351,U352,U353","U349,U350,U351,U352,U428,U429,U430",AGUA/GAA
439507,9MM6,"c354,c426,c427,c428,c429,c430,c431,c432,c347,c348,c349,c350,c351,c352,c353","c349,c350,c351,c352,c428,c429,c430",AGUA/GAA
439508,9MM6,"c347,c432,c426,c427,c428,c429,c430,c431,c354,c348,c349,c350,c351,c352,c353","c349,c350,c351,c352,c428,c429,c430",AGUA/GAA
439525,9MM6,"I354,I426,I347,I348,I349,I350,I351,I352,I353,I427,I428,I429,I430,I431,I432","I349,I350,I351,I352,I428,I429,I430",AGUA/GAA
439552,9MM6,"Q354,Q426,Q427,Q428,Q429,Q430,Q431,Q432,Q347,Q348,Q349,Q350,Q351,Q352,Q353","Q349,Q350,Q351,Q352,Q428,Q429,Q430",AGUA/GAA
439585,9MM6,"Y347,Y432,Y348,Y349,Y350,Y351,Y352,Y353,Y354,Y426,Y427,Y428,Y429,Y430,Y431","Y349,Y350,Y351,Y352,Y428,Y429,Y430",AGUA/GAA
439640,9MM6,"M347,M432,M348,M349,M350,M351,M352,M353,M354,M426,M427,M428,M429,M430,M431","M349,M350,M351,M352,M428,M429,M430",AGUA/GAA
439655,9MM6,"I347,I432,I348,I349,I350,I351,I352,I353,I354,I426,I427,I428,I429,I430,I431","I349,I350,I351,I352,I428,I429,I430",AGUA/GAA
439718,9MME,"o374,o420,o367,o368,o369,o370,o371,o372,o373,o426,o421,o422,o423,o424,o425","o369,o370,o371,o372,o422,o423,o424",AGUA/GAA
439721,9MME,"s374,s420,s367,s368,s369,s370,s371,s372,s373,s421,s422,s423,s424,s425,s426","s369,s370,s371,s372,s422,s423,s424",AGUA/GAA
439735,9MME,"g374,g420,g367,g368,g369,g370,g371,g372,g373,g426,g421,g422,g423,g424,g425","g369,g370,g371,g372,g422,g423,g424",AGUA/GAA
439759,9MME,"c367,c426,c420,c421,c422,c423,c424,c425,c374,c368,c369,c370,c371,c372,c373","c369,c370,c371,c372,c422,c423,c424",AGUA/GAA
439760,9MME,"U367,U426,U420,U421,U422,U423,U424,U425,U368,U369,U370,U371,U372,U373,U374","U369,U370,U371,U372,U422,U423,U424",AGUA/GAA
439776,9MME,"Y374,Y420,Y367,Y368,Y369,Y370,Y371,Y372,Y373,Y426,Y421,Y422,Y423,Y424,Y425","Y369,Y370,Y371,Y372,Y422,Y423,Y424",AGUA/GAA
439777,9MME,"Y374,Y420,Y421,Y422,Y423,Y424,Y425,Y426,Y367,Y368,Y369,Y370,Y371,Y372,Y373","Y369,Y370,Y371,Y372,Y422,Y423,Y424",AGUA/GAA
439803,9MME,"w374,w420,w367,w368,w369,w370,w371,w372,w373,w421,w422,w423,w424,w425,w426","w369,w370,w371,w372,w422,w423,w424",AGUA/GAA
439847,9MME,"k374,k420,k421,k422,k423,k424,k425,k426,k367,k368,k369,k370,k371,k372,k373","k369,k370,k371,k372,k422,k423,k424",AGUA/GAA
439900,9MMG,"c347,c432,c426,c427,c428,c429,c430,c431,c354,c348,c349,c350,c351,c352,c353","c349,c350,c351,c352,c428,c429,c430",AGUA/GAA
439901,9MMG,"c354,c426,c427,c428,c429,c430,c431,c432,c347,c348,c349,c350,c351,c352,c353","c349,c350,c351,c352,c428,c429,c430",AGUA/GAA
439990,9MOR,"A194,A201,A202,A203,A204,A205,A206,A207,A208,A188,A189,A190,A191,A192,A193","A204,A205,A206,A207,A189,A190,A191",AGUA/GAA
440006,9MOR,"A1262,A2017,A2011,A2012,A2013,A2014,A2015,A2016,A1263,A1264,A1265,A1266,A1267,A1268,A1269","A1265,A1266,A1267,A1268,A2012,A2013,A2014",AGUA/GAA
440291,9MQ4,"A1262,A2017,A2011,A2012,A2013,A2014,A2015,A2016,A1263,A1264,A1265,A1266,A1267,A1268,A1269","A1265,A1266,A1267,A1268,A2012,A2013,A2014",AGUA/GAA
440377,9MQ4,"A239,A258,A253,A254,A255,A256,A257,A240,A241,A242,A243,A244,A245","A241,A242,A243,A244,A254,A255,A256",AGUA/GAA
440665,9N2B,"W194,W201,W202,W203,W204,W205,W206,W207,W208,W188,W189,W190,W191,W192,W193","W204,W205,W206,W207,W189,W190,W191",AGUA/GAA
440713,9N2B,"W245,W253,W239,W240,W241,W242,W243,W244,W254,W255,W256,W257,W258","W241,W242,W243,W244,W254,W255,W256",AGUA/GAA
440947,9N2C,"W194,W201,W202,W203,W204,W205,W206,W207,W208,W188,W189,W190,W191,W192,W193","W204,W205,W206,W207,W189,W190,W191",AGUA/GAA
440996,9N2C,"W245,W253,W239,W240,W241,W242,W243,W244,W254,W255,W256,W257,W258","W241,W242,W243,W244,W254,W255,W256",AGUA/GAA
441347,9QEH,"F190,F212,F204,F205,F206,F207,F208,F209,F210,F211,F197,F191,F192,F193,F194,F195,F196","F207,F208,F209,F210,F192,F193,F194",AGUA/GAA
441409,9QEH,"F241,F262,F242,F243,F244,F245,F246,F247,F248,F256,F257,F258,F259,F260,F261","F244,F245,F246,F247,F257,F258,F259",AGUA/GAA
441456,9QIW,"L78,L98,L99,L100,L101,L102,L103,L104,L71,L72,L73,L74,L75,L76,L77","L74,L75,L76,L77,L99,L100,L101",AGUA/GAA
